version 2
JvmtiExport can_access_local_variables 0
JvmtiExport can_hotswap_or_post_breakpoint 0
JvmtiExport can_post_on_exceptions 0
# 378 ciObject found
instanceKlass sun/nio/ch/FileChannelImpl
ciInstanceKlass java/lang/Cloneable 1 0 7 100 1 100 1 1 1
instanceKlass jdk/internal/math/FormattedFPDecimal
instanceKlass  @bci org/gradle/internal/watch/registry/impl/WatchableHierarchies removeDirectSymlinks (Lorg/gradle/internal/snapshot/SnapshotHierarchy;Lorg/gradle/internal/watch/registry/impl/WatchableHierarchies$Invalidator;)Lorg/gradle/internal/snapshot/SnapshotHierarchy; 2 <appendix> argL0 ; # org/gradle/internal/watch/registry/impl/WatchableHierarchies$$Lambda+0x000002b54c6bac98
instanceKlass  @bci org/gradle/internal/watch/registry/impl/WatchableHierarchies isAncestorASymlink (Ljava/util/Map;Ljava/io/File;)Z 27 <appendix> member <vmtarget> ; # org/gradle/internal/watch/registry/impl/WatchableHierarchies$$Lambda+0x000002b54c6baa50
instanceKlass  @bci org/gradle/internal/watch/registry/impl/WatchableHierarchies removeIndirectlySymlinkedRoots (Lorg/gradle/internal/snapshot/SnapshotHierarchy;Lorg/gradle/internal/watch/registry/impl/WatchableHierarchies$Invalidator;)Lorg/gradle/internal/snapshot/SnapshotHierarchy; 27 <appendix> member <vmtarget> ; # org/gradle/internal/watch/registry/impl/WatchableHierarchies$$Lambda+0x000002b54c6ba818
instanceKlass  @bci org/gradle/internal/watch/registry/impl/WatchableHierarchies removeIndirectlySymlinkedRoots (Lorg/gradle/internal/snapshot/SnapshotHierarchy;Lorg/gradle/internal/watch/registry/impl/WatchableHierarchies$Invalidator;)Lorg/gradle/internal/snapshot/SnapshotHierarchy; 15 <appendix> member <vmtarget> ; # org/gradle/internal/watch/registry/impl/WatchableHierarchies$$Lambda+0x000002b54c6ba5c0
instanceKlass  @bci org/gradle/internal/watch/vfs/impl/WatchingVirtualFileSystem lambda$afterBuildFinished$7 (Lorg/gradle/internal/snapshot/SnapshotHierarchy;)Lorg/gradle/internal/snapshot/SnapshotHierarchy; 4 <appendix> member <vmtarget> ; # org/gradle/internal/watch/vfs/impl/WatchingVirtualFileSystem$$Lambda+0x000002b54c6ba398
instanceKlass  @bci org/gradle/internal/watch/vfs/impl/WatchingVirtualFileSystem afterBuildFinished ()V 2 <appendix> member <vmtarget> ; # org/gradle/internal/watch/vfs/impl/WatchingVirtualFileSystem$$Lambda+0x000002b54c6ba138
instanceKlass org/gradle/internal/remote/internal/inet/SocketConnection$1
instanceKlass  @bci org/gradle/launcher/daemon/server/exec/CleanUpVirtualFileSystemAfterBuild startAsyncCleanupAfterBuild ()Ljava/util/concurrent/CompletableFuture; 18 <appendix> argL0 ; # org/gradle/launcher/daemon/server/exec/CleanUpVirtualFileSystemAfterBuild$$Lambda+0x000002b54c6b9cd0
instanceKlass java/util/concurrent/ForkJoinTask$Aux
instanceKlass  @bci org/gradle/launcher/daemon/server/exec/CleanUpVirtualFileSystemAfterBuild lambda$startAsyncCleanupAfterBuild$1 (Lorg/gradle/internal/service/ServiceRegistry;)Ljava/util/concurrent/CompletableFuture; 1 <appendix> member <vmtarget> ; # org/gradle/launcher/daemon/server/exec/CleanUpVirtualFileSystemAfterBuild$$Lambda+0x000002b54c6b9aa8
instanceKlass  @bci org/gradle/launcher/daemon/server/exec/CleanUpVirtualFileSystemAfterBuild startAsyncCleanupAfterBuild ()Ljava/util/concurrent/CompletableFuture; 10 <appendix> member <vmtarget> ; # org/gradle/launcher/daemon/server/exec/CleanUpVirtualFileSystemAfterBuild$$Lambda+0x000002b54c6b9860
# instanceKlass java/lang/invoke/LambdaForm$MH+0x000002b54c6bec00
instanceKlass java/net/Proxy
instanceKlass java/net/UrlDeserializedState
instanceKlass java/io/ObjectStreamClass$5
instanceKlass java/io/ObjectStreamClass$4
instanceKlass java/io/ObjectStreamClass$3
instanceKlass java/io/ObjectStreamClass$MemberSignature
instanceKlass java/io/ObjectStreamClass$1
# instanceKlass java/lang/invoke/LambdaForm$MH+0x000002b54c6bc400
# instanceKlass java/lang/invoke/LambdaForm$MH+0x000002b54c6bc000
instanceKlass org/gradle/internal/work/DefaultWorkerLeaseService$1
instanceKlass  @bci org/gradle/internal/service/scopes/DefaultGradleUserHomeScopeServiceRegistry release (Lorg/gradle/internal/service/ServiceRegistry;)V 39 <appendix> argL0 ; # org/gradle/internal/service/scopes/DefaultGradleUserHomeScopeServiceRegistry$$Lambda+0x000002b54c6b9410
instanceKlass  @bci org/gradle/internal/service/scopes/DefaultGradleUserHomeScopeServiceRegistry release (Lorg/gradle/internal/service/ServiceRegistry;)V 24 <appendix> member <vmtarget> ; # org/gradle/internal/service/scopes/DefaultGradleUserHomeScopeServiceRegistry$$Lambda+0x000002b54c6b91b8
instanceKlass org/gradle/cache/internal/DefaultCleanupProgressMonitor
instanceKlass org/gradle/cache/CleanupProgressMonitor
instanceKlass org/gradle/initialization/layout/ProjectCacheDir$1
instanceKlass org/gradle/cache/internal/VersionSpecificCacheCleanupAction
instanceKlass java/time/Instant$1
instanceKlass  @bci org/gradle/internal/session/BuildSessionState close ()V 14 <appendix> member <vmtarget> ; # org/gradle/internal/session/BuildSessionState$$Lambda+0x000002b54c6b8680
instanceKlass org/gradle/launcher/exec/BuildActionResult
instanceKlass org/gradle/tooling/internal/provider/serialization/SerializedPayload
instanceKlass  @bci org/apache/commons/io/IOUtils <clinit> ()V 53 <appendix> argL0 ; # org/apache/commons/io/IOUtils$$Lambda+0x000002b54c6b8000
instanceKlass  @bci org/apache/commons/io/IOUtils <clinit> ()V 36 <appendix> argL0 ; # org/apache/commons/io/IOUtils$$Lambda+0x000002b54c6b5c40
instanceKlass org/apache/commons/io/IOUtils
# instanceKlass java/lang/invoke/LambdaForm$MH+0x000002b54c6b2800
instanceKlass java/io/ObjectStreamClass$ExceptionInfo
instanceKlass org/gradle/internal/serialize/NestedExceptionPlaceholder
instanceKlass java/io/SerialCallbackContext
instanceKlass java/io/ObjectStreamClass$ClassDataSlot
instanceKlass java/lang/Short$ShortCache
instanceKlass org/gradle/internal/serialize/ExceptionPlaceholder$1
instanceKlass org/gradle/internal/serialize/ExceptionSerializationUtil
instanceKlass org/gradle/internal/serialize/ExceptionPlaceholder$Java14NullPointerExceptionUsefulMessageSupport
instanceKlass org/gradle/internal/serialize/StackTraceElementPlaceholder
instanceKlass  @bci org/gradle/internal/serialize/ExceptionReplacingObjectOutputStream getObjectOutputStreamCreator ()Ljava/util/function/Function; 1 <appendix> member <vmtarget> ; # org/gradle/internal/serialize/ExceptionReplacingObjectOutputStream$$Lambda+0x000002b54c6ae5a8
instanceKlass org/gradle/internal/serialize/PlaceholderExceptionSupport
instanceKlass org/gradle/internal/serialize/ExceptionPlaceholder
instanceKlass  @bci java/lang/Class methodToString (Ljava/lang/String;[Ljava/lang/Class;)Ljava/lang/String; 42 <appendix> argL0 ; # java/lang/Class$$Lambda+0x000002b54c2ea7c8
instanceKlass java/io/ObjectStreamClass$FieldReflector
instanceKlass java/io/ObjectStreamClass$FieldReflectorKey
instanceKlass java/lang/Throwable$PrintStreamOrWriter
instanceKlass jdk/internal/reflect/ClassDefiner$1
instanceKlass jdk/internal/reflect/ClassDefiner
instanceKlass jdk/internal/reflect/MethodAccessorGenerator$1
instanceKlass jdk/internal/reflect/Label$PatchInfo
instanceKlass jdk/internal/reflect/Label
instanceKlass jdk/internal/reflect/UTF8
instanceKlass jdk/internal/reflect/ClassFileAssembler
instanceKlass jdk/internal/reflect/ByteVectorImpl
instanceKlass jdk/internal/reflect/ByteVector
instanceKlass jdk/internal/reflect/ByteVectorFactory
instanceKlass jdk/internal/reflect/AccessorGenerator
instanceKlass jdk/internal/reflect/ClassFileConstants
instanceKlass  @bci jdk/internal/reflect/MethodHandleLongFieldAccessorImpl getLong (Ljava/lang/Object;)J 11 <adapter> ; # java/lang/invoke/LambdaForm$MH+0x000002b54c6b0400
# instanceKlass java/lang/invoke/LambdaForm$DMH+0x000002b54c6b0000
instanceKlass java/io/ObjectStreamClass$2
instanceKlass java/io/ClassCache
instanceKlass java/io/ObjectStreamClass$Caches
instanceKlass java/io/ObjectStreamClass
instanceKlass  @bci org/gradle/internal/serialize/ExceptionReplacingObjectOutputStream <init> (Ljava/io/OutputStream;)V 7 <appendix> member <vmtarget> ; # org/gradle/internal/serialize/ExceptionReplacingObjectOutputStream$$Lambda+0x000002b54c6ad580
instanceKlass java/io/ObjectOutputStream$ReplaceTable
instanceKlass java/io/ObjectOutputStream$HandleTable
instanceKlass org/gradle/tooling/internal/provider/serialization/WellKnownClassLoaderRegistry$1
instanceKlass org/gradle/tooling/internal/provider/serialization/DefaultPayloadClassLoaderRegistry$1
instanceKlass org/gradle/api/internal/cache/DefaultCacheConfigurations$MustBeConfiguredCleanupFrequency
instanceKlass  @bci org/gradle/api/internal/provider/TransformBackedProvider beforeRead (Lorg/gradle/internal/evaluation/EvaluationScopeContext;)V 10 <appendix> member <vmtarget> ; # org/gradle/api/internal/provider/TransformBackedProvider$$Lambda+0x000002b54c6acc98
instanceKlass org/gradle/api/internal/provider/ValueSupplier$UnknownProducer
instanceKlass org/gradle/api/internal/provider/ValueSupplier$NoProducer
instanceKlass  @bci org/gradle/cache/internal/DefaultCrossBuildInMemoryCacheFactory$DefaultCrossBuildInMemoryCache retainValuesFromCurrentSession (Ljava/util/stream/Stream;)V 26 <appendix> member <vmtarget> ; # org/gradle/cache/internal/DefaultCrossBuildInMemoryCacheFactory$DefaultCrossBuildInMemoryCache$$Lambda+0x000002b54c6ac560
instanceKlass  @bci org/gradle/cache/internal/DefaultCrossBuildInMemoryCacheFactory$AbstractCrossBuildInMemoryCache beforeComplete ()V 13 <appendix> argL0 ; # org/gradle/cache/internal/DefaultCrossBuildInMemoryCacheFactory$AbstractCrossBuildInMemoryCache$$Lambda+0x000002b54c6ac320
instanceKlass org/gradle/execution/PassThruCancellableOperationManager
instanceKlass org/gradle/internal/resources/DefaultResourceLockCoordinationService$ReleaseLocks
instanceKlass  @bci org/gradle/internal/operations/DefaultBuildOperationListenerManager lambda$removeListener$2 (Lorg/gradle/internal/operations/BuildOperationListener;Lcom/google/common/collect/ImmutableList;)Lcom/google/common/collect/ImmutableList; 5 <appendix> member <vmtarget> ; # org/gradle/internal/operations/DefaultBuildOperationListenerManager$$Lambda+0x000002b54c6abc30
instanceKlass  @bci org/gradle/internal/operations/DefaultBuildOperationListenerManager removeListener (Lorg/gradle/internal/operations/BuildOperationListener;)V 5 <appendix> member <vmtarget> ; # org/gradle/internal/operations/DefaultBuildOperationListenerManager$$Lambda+0x000002b54c6ab9d0
instanceKlass org/gradle/launcher/exec/RunAsBuildOperationBuildActionExecutor$DefaultRunBuildResult
instanceKlass org/gradle/launcher/exec/RunBuildBuildOperationType$Result
instanceKlass  @bci org/gradle/execution/plan/DefaultPlanExecutor$MergedQueues close ()V 5 <appendix> member <vmtarget> ; # org/gradle/execution/plan/DefaultPlanExecutor$MergedQueues$$Lambda+0x000002b54c6ab378
instanceKlass  @bci org/gradle/internal/jvm/inspection/CachingJvmMetadataDetector invalidateItemsMatching (Ljava/util/function/Predicate;)V 17 <appendix> member <vmtarget> ; # org/gradle/internal/jvm/inspection/CachingJvmMetadataDetector$$Lambda+0x000002b54c6ab120
instanceKlass  @bci org/gradle/jvm/internal/services/PlatformJvmServices$1 lambda$configure$1 (Lorg/gradle/internal/jvm/inspection/JvmMetadataDetector;Ljava/util/function/Predicate;)V 5 <appendix> member <vmtarget> ; # org/gradle/jvm/internal/services/PlatformJvmServices$1$$Lambda+0x000002b54c6988c0
instanceKlass  @bci org/gradle/internal/jvm/inspection/InvalidJvmInstallationCacheInvalidator close ()V 4 <appendix> argL0 ; # org/gradle/internal/jvm/inspection/InvalidJvmInstallationCacheInvalidator$$Lambda+0x000002b54c6aaed0
instanceKlass  @bci org/gradle/cache/internal/DefaultCacheCleanupExecutor cleanup ()V 5 <appendix> member <vmtarget> ; # org/gradle/cache/internal/DefaultCacheCleanupExecutor$$Lambda+0x000002b54c6aac98
instanceKlass  @bci org/gradle/cache/internal/DefaultCacheCoordinator close ()V 42 <appendix> member <vmtarget> ; # org/gradle/cache/internal/DefaultCacheCoordinator$$Lambda+0x000002b54c6aaa70
instanceKlass  @bci java/util/concurrent/ConcurrentLinkedQueue clear ()V 1 <appendix> argL0 ; # java/util/concurrent/ConcurrentLinkedQueue$$Lambda+0x000002b54c2e6110
instanceKlass java/util/concurrent/ConcurrentLinkedQueue$Itr
instanceKlass org/gradle/internal/concurrent/CompositeStoppable$3
instanceKlass com/google/common/cache/LocalCache$HashIterator
instanceKlass org/gradle/internal/work/DefaultWorkerLeaseService$ConfiguredRegistries$1
instanceKlass org/gradle/internal/watch/vfs/impl/WatchingVirtualFileSystem$2$1
instanceKlass org/gradle/internal/watch/vfs/BuildFinishedFileSystemWatchingBuildOperationType$Result
instanceKlass org/gradle/internal/watch/vfs/impl/DefaultFileSystemWatchingStatistics$VirtualFileSystemStatistics
instanceKlass  @bci org/gradle/internal/watch/vfs/impl/DefaultFileSystemWatchingStatistics lambda$getStatistics$1 (Lcom/google/common/collect/EnumMultiset;Lorg/gradle/internal/snapshot/FileSystemLocationSnapshot;)V 2 <appendix> member <vmtarget> ; # org/gradle/internal/watch/vfs/impl/DefaultFileSystemWatchingStatistics$$Lambda+0x000002b54c6a94d0
instanceKlass  @bci org/gradle/internal/watch/vfs/impl/DefaultFileSystemWatchingStatistics getStatistics (Lorg/gradle/internal/snapshot/SnapshotHierarchy;)Lorg/gradle/internal/watch/vfs/impl/DefaultFileSystemWatchingStatistics$VirtualFileSystemStatistics; 13 <appendix> member <vmtarget> ; # org/gradle/internal/watch/vfs/impl/DefaultFileSystemWatchingStatistics$$Lambda+0x000002b54c6a9298
instanceKlass org/gradle/internal/watch/vfs/impl/DefaultFileSystemWatchingStatistics
instanceKlass  @bci org/gradle/internal/snapshot/DirectorySnapshot accept (Lorg/gradle/internal/snapshot/FileSystemSnapshotHierarchyVisitor;)Lorg/gradle/internal/snapshot/SnapshotVisitResult; 71 <appendix> member <vmtarget> ; # org/gradle/internal/snapshot/DirectorySnapshot$$Lambda+0x000002b54c6a8920
instanceKlass  @bci org/gradle/internal/snapshot/DirectorySnapshot accept (Lorg/gradle/internal/snapshot/FileSystemSnapshotHierarchyVisitor;)Lorg/gradle/internal/snapshot/SnapshotVisitResult; 60 <appendix> argL0 ; # org/gradle/internal/snapshot/DirectorySnapshot$$Lambda+0x000002b54c6a86e0
instanceKlass  @bci org/gradle/internal/watch/registry/impl/WatchableHierarchies retainOnlyMatchingSnapshots (Lorg/gradle/internal/snapshot/SnapshotHierarchy;Lorg/gradle/internal/watch/registry/impl/WatchableHierarchies$Invalidator;Ljava/util/function/Predicate;)Lorg/gradle/internal/snapshot/SnapshotHierarchy; 18 <appendix> member <vmtarget> ; # org/gradle/internal/watch/registry/impl/WatchableHierarchies$$Lambda+0x000002b54c6a84a8
instanceKlass org/gradle/internal/watch/registry/impl/WatchableHierarchies$InvalidatorVisitor
instanceKlass  @bci org/gradle/internal/watch/registry/impl/WatchableHierarchies removeUnwatchedSnapshots (Lorg/gradle/internal/snapshot/SnapshotHierarchy;Lorg/gradle/internal/watch/registry/impl/WatchableHierarchies$Invalidator;)Lorg/gradle/internal/snapshot/SnapshotHierarchy; 3 <appendix> member <vmtarget> ; # org/gradle/internal/watch/registry/impl/WatchableHierarchies$$Lambda+0x000002b54c6a8000
instanceKlass  @bci org/gradle/internal/watch/registry/impl/WatchableHierarchies buildWatchableFilesFromHierarchies (Ljava/util/Collection;)Lorg/gradle/internal/file/FileHierarchySet; 9 <appendix> argL0 ; # org/gradle/internal/watch/registry/impl/WatchableHierarchies$$Lambda+0x000002b54c6a3400
instanceKlass  @bci org/gradle/internal/watch/registry/impl/WatchableHierarchies removeWatchedHierarchiesOverLimit (Lorg/gradle/internal/snapshot/SnapshotHierarchy;Ljava/util/function/Predicate;ILorg/gradle/internal/watch/registry/impl/WatchableHierarchies$Invalidator;)Lorg/gradle/internal/snapshot/SnapshotHierarchy; 5 <appendix> member <vmtarget> ; # org/gradle/internal/watch/registry/impl/WatchableHierarchies$$Lambda+0x000002b54c6a3c80
instanceKlass  @bci org/gradle/internal/watch/registry/impl/AbstractFileWatcherUpdater updateVfsBeforeBuildFinished (Lorg/gradle/internal/snapshot/SnapshotHierarchy;ILjava/util/List;)Lorg/gradle/internal/snapshot/SnapshotHierarchy; 14 <appendix> member <vmtarget> ; # org/gradle/internal/watch/registry/impl/AbstractFileWatcherUpdater$$Lambda+0x000002b54c6a3a28
instanceKlass  @bci org/gradle/internal/watch/vfs/impl/WatchingVirtualFileSystem$2 call (Lorg/gradle/internal/operations/BuildOperationContext;)Lorg/gradle/internal/snapshot/SnapshotHierarchy; 140 <appendix> member <vmtarget> ; # org/gradle/internal/watch/vfs/impl/WatchingVirtualFileSystem$2$$Lambda+0x000002b54c6a3800
instanceKlass org/gradle/internal/watch/registry/impl/DefaultFileWatcherRegistry$2
instanceKlass  @bci org/gradle/internal/watch/registry/impl/DefaultFileWatcherRegistry getAndResetStatistics ()Lorg/gradle/internal/watch/registry/FileWatcherRegistry$FileWatchingStatistics; 35 <appendix> member <vmtarget> ; # org/gradle/internal/watch/registry/impl/DefaultFileWatcherRegistry$$Lambda+0x000002b54c6a7a68
instanceKlass org/gradle/internal/watch/vfs/BuildFinishedFileSystemWatchingBuildOperationType$Details$1
instanceKlass org/gradle/internal/watch/vfs/BuildFinishedFileSystemWatchingBuildOperationType$Details
instanceKlass org/gradle/internal/watch/vfs/impl/WatchingVirtualFileSystem$2
instanceKlass  @bci org/gradle/internal/watch/vfs/impl/WatchingVirtualFileSystem beforeBuildFinished (Lorg/gradle/internal/watch/registry/WatchMode;Lorg/gradle/internal/watch/vfs/VfsLogging;Lorg/gradle/internal/operations/BuildOperationRunner;I)V 7 <adapter> ; # java/lang/invoke/LambdaForm$MH+0x000002b54c6a3000
# instanceKlass java/lang/invoke/LambdaForm$DMH+0x000002b54c6a2c00
instanceKlass  @bci org/gradle/internal/watch/vfs/impl/WatchingVirtualFileSystem beforeBuildFinished (Lorg/gradle/internal/watch/registry/WatchMode;Lorg/gradle/internal/watch/vfs/VfsLogging;Lorg/gradle/internal/operations/BuildOperationRunner;I)V 7 <appendix> form vmentry <vmtarget> ; # java/lang/invoke/LambdaForm$DMH+0x000002b54c6a2800
instanceKlass  @bci org/gradle/internal/watch/vfs/impl/WatchingVirtualFileSystem beforeBuildFinished (Lorg/gradle/internal/watch/registry/WatchMode;Lorg/gradle/internal/watch/vfs/VfsLogging;Lorg/gradle/internal/operations/BuildOperationRunner;I)V 7 <appendix> member <vmtarget> ; # org/gradle/internal/watch/vfs/impl/WatchingVirtualFileSystem$$Lambda+0x000002b54c6a71a8
instanceKlass org/gradle/api/internal/tasks/execution/statistics/TaskExecutionStatistics
instanceKlass org/gradle/internal/buildevents/TaskExecutionStatisticsReporter
instanceKlass org/gradle/internal/time/TimeFormatting
instanceKlass org/gradle/internal/logging/events/StyledTextOutputEvent$Span
instanceKlass org/gradle/internal/logging/events/operations/StyledTextBuildOperationProgressDetails$Span
instanceKlass org/gradle/internal/operations/logging/StyledTextBuildOperationProgressDetails$Span
instanceKlass org/gradle/internal/exceptions/CompilationFailedIndicator
instanceKlass org/gradle/internal/buildevents/ContextAwareExceptionHandler
instanceKlass  @bci org/gradle/internal/buildevents/BuildExceptionReporter fillInFailureResolution (Lorg/gradle/internal/buildevents/BuildExceptionReporter$FailureDetails;)V 205 <appendix> argL0 ; # org/gradle/internal/buildevents/BuildExceptionReporter$$Lambda+0x000002b54c6a5918
instanceKlass  @bci org/gradle/internal/buildevents/BuildExceptionReporter addBuildScanMessage (Lorg/gradle/internal/buildevents/BuildExceptionReporter$ContextImpl;)V 1 <appendix> argL0 ; # org/gradle/internal/buildevents/BuildExceptionReporter$$Lambda+0x000002b54c6a56e8
instanceKlass  @bci org/gradle/internal/buildevents/BuildExceptionReporter fillInFailureResolution (Lorg/gradle/internal/buildevents/BuildExceptionReporter$FailureDetails;)V 173 <appendix> member <vmtarget> ; # org/gradle/internal/buildevents/BuildExceptionReporter$$Lambda+0x000002b54c6a54b8
instanceKlass  @cpi org/gradle/internal/buildevents/BuildExceptionReporter 734 form vmentry <vmtarget> ; # java/lang/invoke/LambdaForm$DMH+0x000002b54c6a2400
instanceKlass org/gradle/internal/logging/text/AbstractStyledTextOutput$StyleOverrideTextOutput
instanceKlass org/gradle/internal/logging/text/BufferingStyledTextOutput$ChangeStyleAction
instanceKlass  @bci org/gradle/internal/buildevents/BuildExceptionReporter fillInFailureResolution (Lorg/gradle/internal/buildevents/BuildExceptionReporter$FailureDetails;)V 118 <appendix> argL0 ; # org/gradle/internal/buildevents/BuildExceptionReporter$$Lambda+0x000002b54c6a4d28
instanceKlass  @bci org/gradle/internal/buildevents/BuildExceptionReporter hasProblemReportsWithSolutions (Ljava/util/List;)Z 6 <appendix> argL0 ; # org/gradle/internal/buildevents/BuildExceptionReporter$$Lambda+0x000002b54c6a4ad8
instanceKlass  @bci org/gradle/internal/buildevents/BuildExceptionReporter hasProblemReportsWithSolutions (Lorg/gradle/internal/problems/failure/Failure;)Z 11 <appendix> argL0 ; # org/gradle/internal/buildevents/BuildExceptionReporter$$Lambda+0x000002b54c6a4898
instanceKlass org/gradle/api/problems/internal/InternalProblem
instanceKlass org/gradle/internal/exceptions/NonGradleCause
instanceKlass  @bci org/gradle/internal/buildevents/BuildExceptionReporter fillInFailureResolution (Lorg/gradle/internal/buildevents/BuildExceptionReporter$FailureDetails;)V 64 <appendix> member <vmtarget> ; # org/gradle/internal/buildevents/BuildExceptionReporter$$Lambda+0x000002b54c6a4260
instanceKlass java/util/stream/DistinctOps
instanceKlass org/gradle/internal/buildevents/BuildExceptionReporter$ContextImpl
instanceKlass org/gradle/internal/logging/text/BufferingStyledTextOutput$1
instanceKlass org/gradle/internal/buildevents/BuildExceptionReporter$FailureDetails
instanceKlass org/gradle/api/problems/internal/ExceptionProblemRegistry$DefaultProblemLocator
instanceKlass org/gradle/api/problems/internal/DefaultProblemsSummaryProgressDetails
instanceKlass org/gradle/api/problems/internal/ProblemsSummaryProgressDetails
instanceKlass org/gradle/problems/internal/impl/DefaultProblemsReportCreator$createReportFile$1
instanceKlass kotlin/text/CharsKt__CharJVMKt
instanceKlass  @bci org/gradle/problems/internal/services/SummarizerStrategy getCutOffProblems ()Ljava/util/List; 26 <appendix> member <vmtarget> ; # org/gradle/problems/internal/services/SummarizerStrategy$$Lambda+0x000002b54c69d828
instanceKlass org/gradle/api/problems/internal/ProblemSummaryData
instanceKlass  @bci org/gradle/problems/internal/services/SummarizerStrategy getCutOffProblems ()Ljava/util/List; 15 <appendix> member <vmtarget> ; # org/gradle/problems/internal/services/SummarizerStrategy$$Lambda+0x000002b54c69d3b0
instanceKlass  @bci org/gradle/internal/buildtree/ProblemReportingBuildActionRunner reportProblems (Ljava/io/File;)Ljava/util/List; 10 <appendix> member <vmtarget> ; # org/gradle/internal/buildtree/ProblemReportingBuildActionRunner$$Lambda+0x000002b54c69d188
instanceKlass org/gradle/problems/buildtree/ProblemReporter$ProblemConsumer
instanceKlass  @bci org/gradle/api/internal/artifacts/DependencyManagementBuildScopeServices$1 beforeModelDiscarded (Lorg/gradle/api/internal/GradleInternal;Z)V 7 <appendix> argL0 ; # org/gradle/api/internal/artifacts/DependencyManagementBuildScopeServices$1$$Lambda+0x000002b54c698670
# instanceKlass java/lang/invoke/LambdaForm$MH+0x000002b54c6a2000
# instanceKlass java/lang/invoke/LambdaForm$MH+0x000002b54c6a1c00
# instanceKlass java/lang/invoke/LambdaForm$MH+0x000002b54c6a1800
# instanceKlass java/lang/invoke/LambdaForm$MH+0x000002b54c6a1400
# instanceKlass java/lang/invoke/LambdaForm$BMH+0x000002b54c6a1000
# instanceKlass java/lang/invoke/LambdaForm$DMH+0x000002b54c6a0c00
# instanceKlass java/lang/invoke/LambdaForm$DMH+0x000002b54c6a0800
instanceKlass  @bci org/gradle/internal/build/DefaultBuildLifecycleController fireBeforeModelDiscarded (Z)Lorg/gradle/internal/build/ExecutionResult; 18 <appendix> member <vmtarget> ; # org/gradle/internal/build/DefaultBuildLifecycleController$$Lambda+0x000002b54c69cd60
instanceKlass  @bci org/gradle/internal/model/StateTransitionController transition (Lorg/gradle/internal/model/StateTransitionController$State;Lorg/gradle/internal/model/StateTransitionController$State;Ljava/util/function/Function;)Lorg/gradle/internal/build/ExecutionResult; 8 <appendix> member <vmtarget> ; # org/gradle/internal/model/StateTransitionController$$Lambda+0x000002b54c69cb38
instanceKlass  @bci org/gradle/internal/build/DefaultBuildLifecycleController beforeModelDiscarded (Z)Lorg/gradle/internal/build/ExecutionResult; 12 <appendix> member <vmtarget> ; # org/gradle/internal/build/DefaultBuildLifecycleController$$Lambda+0x000002b54c69c8f0
instanceKlass  @bci org/gradle/internal/buildtree/DefaultBuildTreeFinishExecutor finishBuildTree (Ljava/util/List;)Ljava/lang/RuntimeException; 101 <appendix> member <vmtarget> ; # org/gradle/internal/buildtree/DefaultBuildTreeFinishExecutor$$Lambda+0x000002b54c69c6b8
instanceKlass  @bci org/gradle/api/services/internal/RegisteredBuildServiceProvider maybeStop ()V 5 <appendix> member <vmtarget> ; # org/gradle/api/services/internal/RegisteredBuildServiceProvider$$Lambda+0x000002b54c69c480
instanceKlass  @bci org/gradle/internal/buildtree/DefaultBuildTreeFinishExecutor finishBuildTree (Ljava/util/List;)Ljava/lang/RuntimeException; 101 <appendix> form vmentry <vmtarget> ; # java/lang/invoke/LambdaForm$DMH+0x000002b54c6a0400
instanceKlass  @bci org/gradle/api/services/internal/DefaultBuildServicesRegistry lambda$discardAll$9 (ZLorg/gradle/api/NamedDomainObjectSet;)Ljava/lang/Object; 11 <appendix> member <vmtarget> ; # org/gradle/api/services/internal/DefaultBuildServicesRegistry$$Lambda+0x000002b54c69c248
instanceKlass  @cpi org/gradle/internal/buildtree/DefaultBuildTreeFinishExecutor 133 form vmentry <vmtarget> ; # java/lang/invoke/LambdaForm$DMH+0x000002b54c6a0000
instanceKlass  @bci org/gradle/api/services/internal/DefaultBuildServicesRegistry discardAll (Z)V 3 <appendix> member <vmtarget> ; # org/gradle/api/services/internal/DefaultBuildServicesRegistry$$Lambda+0x000002b54c69c000
instanceKlass org/gradle/internal/flow/services/BuildFlowScope$setBuildWorkResult$1$1
instanceKlass org/gradle/api/flow/BuildWorkResult
instanceKlass  @bci org/gradle/api/internal/artifacts/ivyservice/WritableArtifactCacheLockingAccessCoordinator <init> (Lorg/gradle/cache/UnscopedCacheBuilderFactory;Lorg/gradle/api/internal/artifacts/ivyservice/ArtifactCacheMetadata;Lorg/gradle/internal/file/FileAccessTimeJournal;Lorg/gradle/internal/versionedcache/UsedGradleVersions;Lorg/gradle/api/internal/cache/CacheConfigurationsInternal;Lorg/gradle/cache/CacheCleanupStrategyFactory;)V 56 <appendix> member <vmtarget> ; # org/gradle/api/internal/artifacts/ivyservice/WritableArtifactCacheLockingAccessCoordinator$$Lambda+0x000002b54c698220
instanceKlass org/gradle/cache/internal/CompositeCleanupAction$ScopedCleanupAction
instanceKlass  @bci org/gradle/api/internal/artifacts/DependencyManagementGradleUserHomeScopeServices$2 buildFinished (Lorg/gradle/BuildResult;)V 7 <appendix> argL0 ; # org/gradle/api/internal/artifacts/DependencyManagementGradleUserHomeScopeServices$2$$Lambda+0x000002b54c698000
instanceKlass  @bci org/gradle/internal/build/DefaultBuildLifecycleController lambda$finishBuild$12 (Ljava/lang/Throwable;Lorg/gradle/internal/build/ExecutionResult;)Lorg/gradle/internal/build/ExecutionResult; 65 <appendix> member <vmtarget> ; # org/gradle/internal/build/DefaultBuildLifecycleController$$Lambda+0x000002b54c697820
instanceKlass java/time/Clock
instanceKlass java/time/InstantSource
instanceKlass java/util/logging/LogRecord
instanceKlass  @bci java/util/regex/CharPredicates ASCII_SPACE ()Ljava/util/regex/Pattern$BmpCharPredicate; 0 <appendix> argL0 ; # java/util/regex/CharPredicates$$Lambda+0x800000025
instanceKlass org/codehaus/groovy/runtime/StackTraceUtils
instanceKlass org/gradle/internal/problems/DefaultProblemDiagnosticsFactory$DefaultProblemDiagnostics
instanceKlass org/gradle/internal/problems/failure/DefaultFailure
instanceKlass org/gradle/internal/problems/failure/DefaultFailureFactory$Job$SuppressedAndCauses
instanceKlass  @bci org/gradle/internal/problems/failure/DefaultFailureFactory$Job <init> (Lorg/gradle/internal/problems/failure/StackTraceClassifier;Lorg/gradle/api/problems/internal/ProblemLocator;Ljava/util/Set;)V 6 <appendix> member <vmtarget> ; # org/gradle/internal/problems/failure/DefaultFailureFactory$Job$$Lambda+0x000002b54c696a80
instanceKlass org/gradle/api/problems/internal/ProblemLocator$1
instanceKlass org/gradle/internal/problems/failure/Failure
instanceKlass org/gradle/internal/problems/failure/DefaultFailureFactory$Job
instanceKlass java/lang/StackTraceElement$HashedModules
instanceKlass org/gradle/internal/exceptions/Contextual
instanceKlass  @bci org/gradle/internal/model/StateTransitionController transition (Ljava/util/List;Lorg/gradle/internal/model/StateTransitionController$State;Ljava/util/function/Function;)Lorg/gradle/internal/build/ExecutionResult; 8 <appendix> member <vmtarget> ; # org/gradle/internal/model/StateTransitionController$$Lambda+0x000002b54c695d50
instanceKlass  @bci org/gradle/internal/build/DefaultBuildLifecycleController finishBuild (Ljava/lang/Throwable;)Lorg/gradle/internal/build/ExecutionResult; 12 <appendix> member <vmtarget> ; # org/gradle/internal/build/DefaultBuildLifecycleController$$Lambda+0x000002b54c695b08
instanceKlass  @bci org/gradle/composite/internal/DefaultIncludedBuildRegistry visitBuilds (Ljava/util/function/Consumer;)V 18 <appendix> argL0 ; # org/gradle/composite/internal/DefaultIncludedBuildRegistry$$Lambda+0x000002b54c693d48
instanceKlass  @bci org/gradle/internal/buildtree/DefaultBuildTreeFinishExecutor finishBuildTree (Ljava/util/List;)Ljava/lang/RuntimeException; 14 <appendix> member <vmtarget> ; # org/gradle/internal/buildtree/DefaultBuildTreeFinishExecutor$$Lambda+0x000002b54c6958d0
instanceKlass org/gradle/composite/internal/OperationFiringBuildTreeFinishExecutor$1
instanceKlass org/gradle/internal/logging/sink/ProgressLogEventGenerator$1
instanceKlass org/gradle/launcher/daemon/registry/DaemonInfo$1
instanceKlass  @bci org/gradle/internal/build/DefaultBuildLifecycleController loadSettings ()V 16 <appendix> member <vmtarget> ; # org/gradle/internal/build/DefaultBuildLifecycleController$$Lambda+0x000002b54c694730
instanceKlass  @bci org/gradle/internal/watch/vfs/impl/WatchingVirtualFileSystem lambda$registerWatchableHierarchy$4 (Ljava/io/File;Lorg/gradle/internal/snapshot/SnapshotHierarchy;)Lorg/gradle/internal/snapshot/SnapshotHierarchy; 25 <appendix> member <vmtarget> ; # org/gradle/internal/watch/vfs/impl/WatchingVirtualFileSystem$$Lambda+0x000002b54c694248
instanceKlass  @bci org/gradle/composite/internal/DefaultIncludedBuildRegistry assignPath (Lorg/gradle/internal/build/BuildState;Ljava/lang/String;Ljava/io/File;)Lorg/gradle/util/Path; 50 <appendix> member <vmtarget> ; # org/gradle/composite/internal/DefaultIncludedBuildRegistry$$Lambda+0x000002b54c693278
instanceKlass  @bci org/gradle/composite/internal/DefaultIncludedBuildRegistry assignPath (Lorg/gradle/internal/build/BuildState;Ljava/lang/String;Ljava/io/File;)Lorg/gradle/util/Path; 40 <appendix> member <vmtarget> ; # org/gradle/composite/internal/DefaultIncludedBuildRegistry$$Lambda+0x000002b54c693030
instanceKlass java/util/stream/ReduceOps$2ReducingSink
instanceKlass  @bci org/gradle/composite/internal/DefaultIncludedBuildRegistry assignPath (Lorg/gradle/internal/build/BuildState;Ljava/lang/String;Ljava/io/File;)Lorg/gradle/util/Path; 25 <appendix> argL0 ; # org/gradle/composite/internal/DefaultIncludedBuildRegistry$$Lambda+0x000002b54c692de8
instanceKlass  @bci org/gradle/composite/internal/DefaultIncludedBuildRegistry assignPath (Lorg/gradle/internal/build/BuildState;Ljava/lang/String;Ljava/io/File;)Lorg/gradle/util/Path; 15 <appendix> member <vmtarget> ; # org/gradle/composite/internal/DefaultIncludedBuildRegistry$$Lambda+0x000002b54c692b90
instanceKlass  @bci org/gradle/internal/composite/DefaultBuildIncluder getRegisteredPluginBuilds ()Ljava/util/Collection; 10 <appendix> member <vmtarget> ; # org/gradle/internal/composite/DefaultBuildIncluder$$Lambda+0x000002b54c694000
instanceKlass  @bci org/gradle/composite/internal/plugins/CompositeBuildPluginResolverContributor$CompositeBuildPluginResolver resolve (Lorg/gradle/plugin/management/internal/PluginRequestInternal;)Lorg/gradle/plugin/use/resolve/internal/PluginResolutionResult; 11 <appendix> member <vmtarget> ; # org/gradle/composite/internal/plugins/CompositeBuildPluginResolverContributor$CompositeBuildPluginResolver$$Lambda+0x000002b54c692948
instanceKlass org/gradle/plugin/use/resolve/internal/PluginResolutionResult$NotFound
instanceKlass org/gradle/plugin/use/resolve/internal/PluginResolutionResult
instanceKlass org/gradle/api/internal/plugins/DefaultPluginRegistry$PluginIdLookupCacheKey
instanceKlass org/gradle/api/internal/artifacts/dsl/ModuleComponentSelectorParsers$StringConverter
instanceKlass org/gradle/api/internal/artifacts/dsl/ModuleComponentSelectorParsers
instanceKlass org/gradle/plugin/management/internal/DefaultPluginResolveDetails
instanceKlass org/gradle/plugin/management/PluginResolveDetails
instanceKlass org/gradle/plugin/use/resolve/internal/AlreadyOnClasspathPluginResolver
instanceKlass org/gradle/plugin/use/resolve/internal/ArtifactRepositoriesPluginResolver
instanceKlass  @bci org/gradle/plugin/use/internal/PluginResolverFactory addDefaultResolvers (Lorg/gradle/plugin/use/resolve/internal/PluginArtifactRepositories;Ljava/util/List;)V 55 <appendix> member <vmtarget> ; # org/gradle/plugin/use/internal/PluginResolverFactory$$Lambda+0x000002b54c690c28
instanceKlass org/gradle/plugin/use/resolve/internal/CorePluginResolver
instanceKlass org/gradle/plugin/use/resolve/internal/NoopPluginResolver
instanceKlass org/gradle/plugin/use/resolve/internal/CompositePluginResolver
instanceKlass org/gradle/api/internal/plugins/ClassloaderBackedPluginDescriptorLocator
instanceKlass org/gradle/plugin/use/internal/DefaultPluginRequestApplicator$CollectingPluginRequestResolutionVisitor
instanceKlass org/gradle/plugin/use/internal/PluginArtifactRepository
instanceKlass org/gradle/api/internal/DefaultDomainObjectCollection$IteratorImpl
instanceKlass org/gradle/plugin/use/internal/DefaultPluginArtifactRepositories
instanceKlass  @bci org/gradle/api/internal/plugins/DefaultPluginManager_Decorated $gradleInit ()V 1 <appendix> member <vmtarget> ; # org/gradle/api/internal/plugins/DefaultPluginManager_Decorated$$Lambda+0x000002b54c683cf0
# instanceKlass java/lang/invoke/LambdaForm$MH+0x000002b54c68dc00
# instanceKlass java/lang/invoke/LambdaForm$MH+0x000002b54c68d800
# instanceKlass java/lang/invoke/LambdaForm$MH+0x000002b54c68d400
# instanceKlass java/lang/invoke/LambdaForm$MH+0x000002b54c68d000
# instanceKlass java/lang/invoke/LambdaForm$MH+0x000002b54c68cc00
# instanceKlass java/lang/invoke/LambdaForm$MH+0x000002b54c68c800
instanceKlass org/gradle/api/internal/plugins/DefaultPluginManager$3
instanceKlass org/gradle/api/plugins/AppliedPlugin
instanceKlass org/gradle/api/internal/plugins/ApplyPluginBuildOperationType$Result
instanceKlass org/gradle/api/internal/plugins/DefaultPluginManager
instanceKlass org/gradle/api/internal/plugins/ImperativeOnlyPluginTarget
instanceKlass org/gradle/api/internal/plugins/ProjectFeatureDeclarationPluginTarget
# instanceKlass java/lang/invoke/LambdaForm$MH+0x000002b54c68c400
# instanceKlass java/lang/invoke/LambdaForm$MH+0x000002b54c68c000
# instanceKlass java/lang/invoke/LambdaForm$MH+0x000002b54c68bc00
# instanceKlass java/lang/invoke/LambdaForm$MH+0x000002b54c68b800
# instanceKlass java/lang/invoke/LambdaForm$MH+0x000002b54c68b400
# instanceKlass java/lang/invoke/LambdaForm$MH+0x000002b54c68b000
# instanceKlass java/lang/invoke/LambdaForm$MH+0x000002b54c68ac00
# instanceKlass java/lang/invoke/LambdaForm$MH+0x000002b54c68a800
# instanceKlass java/lang/invoke/LambdaForm$MH+0x000002b54c68a400
# instanceKlass java/lang/invoke/LambdaForm$MH+0x000002b54c68a000
# instanceKlass java/lang/invoke/LambdaForm$MH+0x000002b54c689c00
# instanceKlass java/lang/invoke/LambdaForm$MH+0x000002b54c689800
instanceKlass  @bci org/gradle/plugin/management/internal/argumentloaded/ArgumentSourcedPluginHandler getArgumentSourcedPlugins ()Lorg/gradle/plugin/management/internal/PluginRequests; 12 <appendix> member <vmtarget> ; # org/gradle/plugin/management/internal/argumentloaded/ArgumentSourcedPluginHandler$$Lambda+0x000002b54c682008
instanceKlass  @bci org/gradle/plugin/management/internal/autoapply/CompositeAutoAppliedPluginRegistry getAutoAppliedPlugins (Lorg/gradle/api/initialization/Settings;)Lorg/gradle/plugin/management/internal/PluginRequests; 23 <appendix> argL0 ; # org/gradle/plugin/management/internal/autoapply/CompositeAutoAppliedPluginRegistry$$Lambda+0x000002b54c67fa48
instanceKlass  @bci org/gradle/plugin/management/internal/autoapply/CompositeAutoAppliedPluginRegistry getAutoAppliedPlugins (Lorg/gradle/api/initialization/Settings;)Lorg/gradle/plugin/management/internal/PluginRequests; 10 <appendix> member <vmtarget> ; # org/gradle/plugin/management/internal/autoapply/CompositeAutoAppliedPluginRegistry$$Lambda+0x000002b54c67f800
instanceKlass org/gradle/plugin/management/internal/MultiPluginRequests
instanceKlass  @bci java/util/stream/Collectors lambda$groupingBy$53 (Ljava/util/function/Function;Ljava/util/function/Supplier;Ljava/util/function/BiConsumer;Ljava/util/Map;Ljava/lang/Object;)V 20 <appendix> member <vmtarget> ; # java/util/stream/Collectors$$Lambda+0x000002b54c2e4578
instanceKlass  @bci java/util/stream/Collectors mapMerger (Ljava/util/function/BinaryOperator;)Ljava/util/function/BinaryOperator; 1 <appendix> member <vmtarget> ; # java/util/stream/Collectors$$Lambda+0x000002b54c2e4328
instanceKlass  @bci java/util/stream/Collectors groupingBy (Ljava/util/function/Function;Ljava/util/function/Supplier;Ljava/util/stream/Collector;)Ljava/util/stream/Collector; 19 <appendix> member <vmtarget> ; # java/util/stream/Collectors$$Lambda+0x000002b54c2e40f0
instanceKlass  @cpi java/util/stream/Collectors 1299 form vmentry <vmtarget> ; # java/lang/invoke/LambdaForm$DMH+0x000002b54c689400
instanceKlass  @bci java/util/stream/Collectors groupingBy (Ljava/util/function/Function;Ljava/util/stream/Collector;)Ljava/util/stream/Collector; 1 <appendix> argL0 ; # java/util/stream/Collectors$$Lambda+0x000002b54c2e3ed0
instanceKlass  @bci org/gradle/plugin/use/internal/PluginRequestCollector listPluginRequests ()Ljava/util/List; 20 <appendix> argL0 ; # org/gradle/plugin/use/internal/PluginRequestCollector$$Lambda+0x000002b54c681b40
instanceKlass org/gradle/plugin/management/internal/DefaultPluginRequest
instanceKlass  @bci org/gradle/plugin/use/internal/PluginRequestCollector listPluginRequests ()Ljava/util/List; 5 <appendix> member <vmtarget> ; # org/gradle/plugin/use/internal/PluginRequestCollector$$Lambda+0x000002b54c6811d8
instanceKlass org/gradle/kotlin/dsl/PluginDependenciesSpecScopeKt
instanceKlass java/util/DualPivotQuicksort
instanceKlass org/gradle/plugin/use/internal/DefaultPluginId
instanceKlass org/gradle/plugin/use/internal/PluginRequestCollector$PluginDependencySpecImpl
instanceKlass  @bci Settings_gradle <init> (Lorg/gradle/kotlin/dsl/support/KotlinScriptHost;Lorg/gradle/plugin/use/PluginDependenciesSpec;Lorg/gradle/api/initialization/Settings;)V 60 <appendix> argL0 ; # Settings_gradle$$Lambda+0x000002b54c66c228
instanceKlass org/gradle/kotlin/dsl/PluginDependenciesSpecScope
instanceKlass  @bci org/gradle/api/internal/artifacts/repositories/DefaultBaseRepositoryFactory createGradlePluginPortal ()Lorg/gradle/api/artifacts/repositories/ArtifactRepository; 29 <appendix> argL0 ; # org/gradle/api/internal/artifacts/repositories/DefaultBaseRepositoryFactory$$Lambda+0x000002b54c67f5e0
instanceKlass  @bci org/gradle/api/internal/artifacts/repositories/DefaultMavenArtifactRepository_Decorated $gradleInit ()V 1 <appendix> member <vmtarget> ; # org/gradle/api/internal/artifacts/repositories/DefaultMavenArtifactRepository_Decorated$$Lambda+0x000002b54c67f3b8
instanceKlass  @bci org/gradle/api/internal/artifacts/repositories/DefaultMavenArtifactRepository <init> (Lorg/gradle/api/Transformer;Lorg/gradle/api/internal/file/FileResolver;Lorg/gradle/api/internal/artifacts/repositories/transport/RepositoryTransportFactory;Lorg/gradle/internal/resource/local/LocallyAvailableResourceFinder;Lorg/gradle/internal/instantiation/InstantiatorFactory;Lorg/gradle/internal/resource/local/FileStore;Lorg/gradle/api/internal/artifacts/ivyservice/ivyresolve/parser/MetaDataParser;Lorg/gradle/api/internal/artifacts/ivyservice/ivyresolve/parser/GradleModuleMetadataParser;Lorg/gradle/api/artifacts/repositories/AuthenticationContainer;Lorg/gradle/internal/resource/local/FileStore;Lorg/gradle/internal/resource/local/FileResourceRepository;Lorg/gradle/api/internal/artifacts/repositories/metadata/MavenMutableModuleMetadataFactory;Lorg/gradle/internal/isolation/IsolatableFactory;Lorg/gradle/api/model/ObjectFactory;Lorg/gradle/api/internal/artifacts/repositories/DefaultUrlArtifactRepository$Factory;Lorg/gra ; # org/gradle/api/internal/artifacts/repositories/DefaultMavenArtifactRepository$$Lambda+0x000002b54c67ef10
instanceKlass  @bci org/gradle/api/internal/artifacts/repositories/DefaultMavenArtifactRepository createRepositoryDescriptor (Lorg/gradle/api/internal/artifacts/ivyservice/ivyresolve/strategy/VersionParser;)Lorg/gradle/api/internal/artifacts/repositories/RepositoryContentDescriptorInternal; 5 <appendix> member <vmtarget> ; # org/gradle/api/internal/artifacts/repositories/DefaultMavenArtifactRepository$$Lambda+0x000002b54c67ece8
instanceKlass org/gradle/api/internal/artifacts/repositories/DefaultRepositoryContentDescriptor
instanceKlass org/gradle/api/artifacts/repositories/MavenRepositoryContentDescriptor
# instanceKlass java/lang/invoke/LambdaForm$MH+0x000002b54c689000
# instanceKlass java/lang/invoke/LambdaForm$MH+0x000002b54c688c00
# instanceKlass java/lang/invoke/LambdaForm$MH+0x000002b54c688800
# instanceKlass java/lang/invoke/LambdaForm$MH+0x000002b54c688400
# instanceKlass java/lang/invoke/LambdaForm$MH+0x000002b54c688000
# instanceKlass java/lang/invoke/LambdaForm$MH+0x000002b54c687c00
# instanceKlass java/lang/invoke/LambdaForm$MH+0x000002b54c687800
# instanceKlass java/lang/invoke/LambdaForm$MH+0x000002b54c687400
# instanceKlass java/lang/invoke/LambdaForm$MH+0x000002b54c687000
# instanceKlass java/lang/invoke/LambdaForm$MH+0x000002b54c686c00
# instanceKlass java/lang/invoke/LambdaForm$MH+0x000002b54c686800
# instanceKlass java/lang/invoke/LambdaForm$MH+0x000002b54c686400
# instanceKlass java/lang/invoke/LambdaForm$MH+0x000002b54c686000
# instanceKlass java/lang/invoke/LambdaForm$MH+0x000002b54c685c00
# instanceKlass java/lang/invoke/LambdaForm$MH+0x000002b54c685800
# instanceKlass java/lang/invoke/LambdaForm$MH+0x000002b54c685400
# instanceKlass java/lang/invoke/LambdaForm$MH+0x000002b54c685000
# instanceKlass java/lang/invoke/LambdaForm$MH+0x000002b54c684c00
# instanceKlass java/lang/invoke/LambdaForm$BMH+0x000002b54c684800
# instanceKlass java/lang/invoke/LambdaForm$DMH+0x000002b54c684400
# instanceKlass java/lang/invoke/LambdaForm$DMH+0x000002b54c684000
instanceKlass  @bci org/gradle/api/internal/artifacts/repositories/DefaultMavenArtifactRepository <clinit> ()V 0 <appendix> argL0 ; # org/gradle/api/internal/artifacts/repositories/DefaultMavenArtifactRepository$$Lambda+0x000002b54c67e2c8
instanceKlass org/gradle/api/internal/artifacts/repositories/ArtifactResolutionDetails
instanceKlass org/gradle/internal/resolve/caching/ImplicitInputsCapturingInstantiator
instanceKlass org/gradle/api/internal/artifacts/repositories/AuthenticationSupporter
instanceKlass org/gradle/api/artifacts/repositories/PasswordCredentials
instanceKlass org/gradle/api/credentials/PasswordCredentials
instanceKlass org/gradle/api/credentials/Credentials
instanceKlass org/gradle/api/internal/artifacts/repositories/DefaultMavenArtifactRepository$MavenMetadataSources
instanceKlass org/gradle/api/internal/artifacts/repositories/DefaultUrlArtifactRepository
instanceKlass org/gradle/api/internal/artifacts/repositories/metadata/AbstractRepositoryMetadataSource
instanceKlass org/gradle/api/internal/artifacts/repositories/maven/MavenMetadataLoader
instanceKlass org/gradle/api/internal/artifacts/repositories/resolver/ExternalResourceResolver
instanceKlass org/gradle/api/internal/artifacts/repositories/metadata/DefaultMavenPomMetadataSource$MavenMetadataValidator
instanceKlass org/gradle/api/internal/artifacts/repositories/resolver/ExternalResourceArtifactResolver
instanceKlass org/gradle/api/internal/artifacts/repositories/metadata/ImmutableMetadataSources
instanceKlass org/gradle/api/internal/artifacts/repositories/metadata/MetadataSource
instanceKlass org/gradle/api/internal/artifacts/ivyservice/ivyresolve/ConfiguredModuleComponentRepository
instanceKlass org/gradle/api/internal/artifacts/repositories/metadata/MetadataArtifactProvider
instanceKlass org/gradle/api/internal/artifacts/repositories/descriptor/RepositoryDescriptor
instanceKlass org/gradle/api/artifacts/repositories/MavenArtifactRepository$MetadataSources
instanceKlass org/gradle/api/artifacts/repositories/RepositoryResourceAccessor
instanceKlass org/gradle/api/internal/artifacts/repositories/RepositoryContentDescriptorInternal
instanceKlass org/gradle/api/internal/DefaultPolymorphicDomainObjectContainer$2
instanceKlass  @bci org/gradle/internal/authentication/DefaultAuthenticationContainer_Decorated $gradleInit ()V 1 <appendix> member <vmtarget> ; # org/gradle/internal/authentication/DefaultAuthenticationContainer_Decorated$$Lambda+0x000002b54c67b220
instanceKlass org/gradle/api/internal/DefaultPolymorphicNamedEntityInstantiator
instanceKlass org/gradle/api/internal/PolymorphicNamedEntityInstantiator
instanceKlass org/gradle/model/internal/core/NamedEntityInstantiator
instanceKlass org/gradle/api/internal/PolymorphicDomainObjectContainerInternal
instanceKlass org/gradle/api/internal/artifacts/repositories/AbstractArtifactRepository
instanceKlass org/gradle/api/internal/artifacts/repositories/ContentFilteringRepository
instanceKlass org/gradle/api/internal/artifacts/repositories/ArtifactRepositoryInternal
instanceKlass org/gradle/internal/artifacts/repositories/AuthenticationSupportedInternal
instanceKlass org/gradle/api/internal/artifacts/repositories/ResolutionAwareRepository
instanceKlass org/gradle/api/internal/artifacts/repositories/DefaultBaseRepositoryFactory$NamedMavenRepositoryDescriber
instanceKlass org/gradle/internal/code/DefaultUserCodeApplicationContext$CurrentApplication$1
instanceKlass org/gradle/api/internal/DefaultCollectionCallbackActionDecorator$BuildOperationEmittingAction
instanceKlass org/gradle/internal/locking/NoOpDependencyLockingProvider
instanceKlass Settings_gradle$1$1
instanceKlass  @bci org/gradle/internal/composite/DefaultConfigurableIncludedPluginBuild_Decorated $gradleInit ()V 1 <appendix> member <vmtarget> ; # org/gradle/internal/composite/DefaultConfigurableIncludedPluginBuild_Decorated$$Lambda+0x000002b54c673b08
instanceKlass org/gradle/api/tasks/TaskReference
instanceKlass org/gradle/internal/composite/DefaultConfigurableIncludedPluginBuild
instanceKlass org/gradle/api/initialization/ConfigurableIncludedPluginBuild
instanceKlass  @bci org/gradle/internal/classpath/Instrumented <clinit> ()V 50 <appendix> argL0 ; # org/gradle/internal/classpath/Instrumented$$Lambda+0x000002b54c672a70
instanceKlass  @bci org/gradle/internal/classpath/Instrumented <clinit> ()V 34 <appendix> argL0 ; # org/gradle/internal/classpath/Instrumented$$Lambda+0x000002b54c672850
instanceKlass  @bci org/gradle/internal/classpath/MethodHandleUtils lazyKotlinStaticDefaultHandle (Ljava/lang/Class;Ljava/lang/String;Ljava/lang/Class;[Ljava/lang/Class;)Lorg/gradle/internal/lazy/Lazy; 7 <appendix> member <vmtarget> ; # org/gradle/internal/classpath/MethodHandleUtils$$Lambda+0x000002b54c672628
instanceKlass org/gradle/internal/classpath/MethodHandleUtils
instanceKlass kotlin/io/FilesKt__FilePathComponentsKt
instanceKlass org/gradle/internal/configuration/inputs/AccessTrackingProperties$Listener
instanceKlass org/gradle/internal/classpath/declarations/FileInputStreamInterceptorsDeclaration
instanceKlass org/gradle/api/internal/file/copy/CopySpecInternal
instanceKlass org/gradle/api/file/SyncSpec
instanceKlass org/gradle/api/internal/file/copy/CopyAction
instanceKlass org/gradle/api/internal/file/copy/FileCopier
instanceKlass org/gradle/api/internal/resources/DefaultResourceHandler
instanceKlass org/gradle/api/resources/TextResource
instanceKlass org/gradle/api/internal/resources/DefaultTextResourceFactory
instanceKlass org/gradle/api/internal/resources/DefaultResourceResolver
instanceKlass org/gradle/api/internal/resources/ResourceResolver
instanceKlass org/gradle/api/resources/TextResourceFactory
instanceKlass org/gradle/api/internal/resources/DefaultResourceHandler$Factory$FactoryImpl
instanceKlass org/gradle/api/internal/file/archive/DefaultDecompressionCoordinator
instanceKlass  @bci org/gradle/api/internal/artifacts/DependencyManagementBuildScopeServices createTextUrlResourceLoaderFactory (Lorg/gradle/api/internal/artifacts/ivyservice/modulecache/FileStoreAndIndexProvider;Lorg/gradle/api/internal/artifacts/repositories/transport/RepositoryTransportFactory;Lorg/gradle/internal/file/RelativeFilePathResolver;)Lorg/gradle/internal/resource/TextUriResourceLoader$Factory; 24 <appendix> member <vmtarget> ; # org/gradle/api/internal/artifacts/DependencyManagementBuildScopeServices$$Lambda+0x000002b54c660e40
# instanceKlass java/lang/invoke/LambdaForm$MH+0x000002b54c66f400
# instanceKlass java/lang/invoke/LambdaForm$MH+0x000002b54c66f000
instanceKlass org/gradle/kotlin/dsl/support/KotlinScriptHostKt
instanceKlass  @bci org/gradle/plugin/management/internal/DefaultPluginManagementSpec_Decorated $gradleInit ()V 1 <appendix> member <vmtarget> ; # org/gradle/plugin/management/internal/DefaultPluginManagementSpec_Decorated$$Lambda+0x000002b54c660c18
instanceKlass org/gradle/plugin/management/internal/DefaultPluginManagementSpec$PluginDependenciesSpecImpl
# instanceKlass java/lang/invoke/LambdaForm$MH+0x000002b54c66ec00
# instanceKlass java/lang/invoke/LambdaForm$MH+0x000002b54c66e800
# instanceKlass java/lang/invoke/LambdaForm$MH+0x000002b54c66e400
# instanceKlass java/lang/invoke/LambdaForm$MH+0x000002b54c66e000
instanceKlass org/gradle/plugin/management/internal/DefaultPluginManagementSpec
instanceKlass org/gradle/plugin/management/internal/PluginManagementSpecInternal
# instanceKlass java/lang/invoke/LambdaForm$MH+0x000002b54c66dc00
# instanceKlass java/lang/invoke/LambdaForm$MH+0x000002b54c66d800
# instanceKlass java/lang/invoke/LambdaForm$MH+0x000002b54c66d400
# instanceKlass java/lang/invoke/LambdaForm$MH+0x000002b54c66d000
# instanceKlass java/lang/invoke/LambdaForm$MH+0x000002b54c66cc00
# instanceKlass java/lang/invoke/LambdaForm$MH+0x000002b54c66c800
instanceKlass Settings_gradle$1
instanceKlass org/gradle/kotlin/dsl/support/PluginAwareScript
instanceKlass  @bci org/gradle/kotlin/dsl/support/DefaultKotlinScript <init> (Lorg/gradle/kotlin/dsl/support/DefaultKotlinScript$Host;)V 72 <appendix> member <vmtarget> ; # org/gradle/kotlin/dsl/support/DefaultKotlinScript$$Lambda+0x000002b54c66ae98
instanceKlass org/gradle/api/resources/ResourceHandler
instanceKlass org/gradle/kotlin/dsl/NamedDomainObjectCollectionExtensionsKt
instanceKlass org/gradle/kotlin/dsl/support/CompiledKotlinSettingsScript$SettingsScriptHost
instanceKlass org/gradle/kotlin/dsl/support/DefaultKotlinScript$Host
instanceKlass org/gradle/plugin/use/PluginDependencySpec
instanceKlass org/gradle/plugin/use/internal/PluginRequestCollector$PluginDependenciesSpecImpl
instanceKlass org/gradle/kotlin/dsl/support/DefaultKotlinScript
instanceKlass org/gradle/internal/scripts/GradleScript
instanceKlass org/gradle/kotlin/dsl/KotlinScript
instanceKlass org/gradle/plugin/use/PluginDependenciesSpec
instanceKlass org/gradle/plugin/use/internal/PluginRequestCollector
instanceKlass org/gradle/kotlin/dsl/support/EmbeddedKotlinProvider$pinEmbeddedKotlinDependenciesOn$1$1$1
instanceKlass kotlin/io/CloseableKt
instanceKlass it/unimi/dsi/fastutil/ints/IntCollections$UnmodifiableCollection
instanceKlass it/unimi/dsi/fastutil/ints/IntArrays$ArrayHashStrategy
instanceKlass it/unimi/dsi/fastutil/ints/IntArrays$Segment
instanceKlass it/unimi/dsi/fastutil/Hash$Strategy
instanceKlass it/unimi/dsi/fastutil/ints/IntArrays
instanceKlass it/unimi/dsi/fastutil/ints/IntSpliterator
instanceKlass it/unimi/dsi/fastutil/ints/IntBidirectionalIterator
instanceKlass it/unimi/dsi/fastutil/ints/IntIterator
instanceKlass java/util/PrimitiveIterator$OfInt
instanceKlass java/util/PrimitiveIterator
instanceKlass it/unimi/dsi/fastutil/ints/IntSets
instanceKlass org/gradle/api/internal/provider/Collectors$SingleElement
instanceKlass it/unimi/dsi/fastutil/ints/IntSet
instanceKlass org/gradle/api/internal/provider/Collectors$TypedCollector
instanceKlass org/gradle/api/internal/provider/Collectors$ProvidedCollector
instanceKlass  @bci org/gradle/api/internal/artifacts/DefaultDependencyConstraintSet add (Lorg/gradle/api/artifacts/DependencyConstraint;)Z 25 <appendix> member <vmtarget> ; # org/gradle/api/internal/artifacts/DefaultDependencyConstraintSet$$Lambda+0x000002b54c660000
instanceKlass  @bci org/gradle/api/internal/initialization/DefaultScriptClassPathResolver lambda$prepareClassPath$1 (Lorg/gradle/api/artifacts/DependencyConstraint;)V 1 <appendix> argL0 ; # org/gradle/api/internal/initialization/DefaultScriptClassPathResolver$$Lambda+0x000002b54c65e050
instanceKlass  @bci org/gradle/api/internal/artifacts/dependencies/DefaultDependencyConstraint_Decorated $gradleInit ()V 1 <appendix> member <vmtarget> ; # org/gradle/api/internal/artifacts/dependencies/DefaultDependencyConstraint_Decorated$$Lambda+0x000002b54c65b400
instanceKlass org/gradle/api/internal/artifacts/ImmutableVersionConstraint
instanceKlass org/gradle/api/internal/artifacts/dependencies/AbstractVersionConstraint
instanceKlass org/gradle/api/internal/artifacts/VersionConstraintInternal
instanceKlass org/gradle/api/internal/artifacts/DefaultModuleIdentifier
# instanceKlass java/lang/invoke/LambdaForm$MH+0x000002b54c65b000
instanceKlass org/gradle/api/artifacts/MutableVersionConstraint
instanceKlass org/gradle/api/internal/catalog/parser/StrictVersionParser$RichVersion
instanceKlass org/gradle/api/internal/artifacts/dsl/ParsedModuleStringNotation
instanceKlass  @bci org/gradle/api/internal/initialization/DefaultScriptClassPathResolver prepareClassPath (Lorg/gradle/api/artifacts/Configuration;Lorg/gradle/api/internal/initialization/ScriptClassPathResolutionContext;)V 174 <appendix> argL0 ; # org/gradle/api/internal/initialization/DefaultScriptClassPathResolver$$Lambda+0x000002b54c65d7c0
instanceKlass org/gradle/api/attributes/plugin/GradlePluginApiVersion$Impl
instanceKlass org/gradle/api/attributes/Bundling$Impl
instanceKlass  @bci org/gradle/api/internal/initialization/DefaultScriptHandler defineConfiguration ()V 87 <appendix> member <vmtarget> ; # org/gradle/api/internal/initialization/DefaultScriptHandler$$Lambda+0x000002b54c65cc28
instanceKlass  @bci org/gradle/api/internal/artifacts/configurations/DefaultLegacyConfiguration_Decorated $gradleInit ()V 1 <appendix> member <vmtarget> ; # org/gradle/api/internal/artifacts/configurations/DefaultLegacyConfiguration_Decorated$$Lambda+0x000002b54c652ff8
instanceKlass org/gradle/api/internal/initialization/StandaloneDomainObjectContext$CalculatedModelValueImpl
instanceKlass  @bci org/gradle/api/internal/artifacts/configurations/DefaultConfigurationPublications_Decorated $gradleInit ()V 1 <appendix> member <vmtarget> ; # org/gradle/api/internal/artifacts/configurations/DefaultConfigurationPublications_Decorated$$Lambda+0x000002b54c652dd0
# instanceKlass java/lang/invoke/LambdaForm$MH+0x000002b54c65ac00
# instanceKlass java/lang/invoke/LambdaForm$MH+0x000002b54c65a800
# instanceKlass java/lang/invoke/LambdaForm$MH+0x000002b54c65a400
# instanceKlass java/lang/invoke/LambdaForm$MH+0x000002b54c65a000
# instanceKlass java/lang/invoke/LambdaForm$MH+0x000002b54c659c00
# instanceKlass java/lang/invoke/LambdaForm$MH+0x000002b54c659800
# instanceKlass java/lang/invoke/LambdaForm$MH+0x000002b54c659400
# instanceKlass java/lang/invoke/LambdaForm$MH+0x000002b54c659000
# instanceKlass java/lang/invoke/LambdaForm$MH+0x000002b54c658c00
# instanceKlass java/lang/invoke/LambdaForm$MH+0x000002b54c658800
# instanceKlass java/lang/invoke/LambdaForm$MH+0x000002b54c658400
instanceKlass org/gradle/api/internal/artifacts/configurations/DefaultVariant
instanceKlass org/gradle/api/internal/artifacts/ConfigurationVariantInternal
instanceKlass org/gradle/api/artifacts/ConfigurationVariant
instanceKlass org/gradle/api/internal/artifacts/configurations/DefaultConfiguration$AllArtifactsProvider
instanceKlass org/gradle/api/internal/artifacts/configurations/PublishArtifactSetProvider
instanceKlass org/gradle/api/internal/artifacts/DefaultPublishArtifactSet$ArtifactsFileCollection
instanceKlass org/gradle/api/internal/tasks/DefaultTaskDependency$VisitBehavior
instanceKlass  @bci org/gradle/api/internal/artifacts/DefaultPublishArtifactSet <init> (Lorg/gradle/api/Describable;Lorg/gradle/api/DomainObjectSet;Lorg/gradle/api/internal/file/FileCollectionFactory;Lorg/gradle/api/internal/tasks/TaskDependencyFactory;)V 14 <appendix> member <vmtarget> ; # org/gradle/api/internal/artifacts/DefaultPublishArtifactSet$$Lambda+0x000002b54c651d38
instanceKlass org/gradle/api/internal/artifacts/DefaultDependencySet$MutationValidationAction
instanceKlass  @bci org/gradle/api/internal/artifacts/configurations/DefaultConfiguration validateMutationType (Lorg/gradle/api/internal/artifacts/configurations/MutationValidator;Lorg/gradle/api/internal/artifacts/configurations/MutationValidator$MutationType;)Lorg/gradle/api/Action; 2 <appendix> member <vmtarget> ; # org/gradle/api/internal/artifacts/configurations/DefaultConfiguration$$Lambda+0x000002b54c6518d8
instanceKlass  @bci org/gradle/api/internal/DefaultDomainObjectSet_Decorated $gradleInit ()V 1 <appendix> member <vmtarget> ; # org/gradle/api/internal/DefaultDomainObjectSet_Decorated$$Lambda+0x000002b54c64b918
instanceKlass  @bci org/gradle/api/internal/collections/IterationOrderRetainingSetElementSource <clinit> ()V 0 <appendix> argL0 ; # org/gradle/api/internal/collections/IterationOrderRetainingSetElementSource$$Lambda+0x000002b54c64b6f8
instanceKlass  @bci org/gradle/api/internal/artifacts/configurations/DefaultConfiguration$ConfigurationResolvableDependencies_Decorated $gradleInit ()V 1 <appendix> member <vmtarget> ; # org/gradle/api/internal/artifacts/configurations/DefaultConfiguration$ConfigurationResolvableDependencies_Decorated$$Lambda+0x000002b54c6514b8
instanceKlass org/gradle/api/artifacts/result/ResolutionResult
instanceKlass org/gradle/api/artifacts/ArtifactCollection
instanceKlass org/gradle/api/internal/artifacts/configurations/ResolutionResultProvider
instanceKlass org/gradle/api/internal/artifacts/resolver/ResolutionOutputsInternal
instanceKlass org/gradle/api/internal/artifacts/resolver/ResolutionOutputs
instanceKlass org/gradle/api/internal/artifacts/configurations/DefaultConfiguration$ConfigurationResolutionAccess
instanceKlass org/gradle/api/internal/artifacts/configurations/DefaultConfiguration$ConfigurationDescription
instanceKlass com/google/common/base/Platform$JdkPatternCompiler
instanceKlass com/google/common/base/PatternCompiler
instanceKlass com/google/common/base/Platform
instanceKlass com/google/common/base/Strings
# instanceKlass java/lang/invoke/LambdaForm$MH+0x000002b54c658000
# instanceKlass java/lang/invoke/LambdaForm$MH+0x000002b54c657c00
# instanceKlass java/lang/invoke/LambdaForm$MH+0x000002b54c657800
# instanceKlass java/lang/invoke/LambdaForm$MH+0x000002b54c657400
# instanceKlass java/lang/invoke/LambdaForm$MH+0x000002b54c657000
# instanceKlass java/lang/invoke/LambdaForm$MH+0x000002b54c656c00
# instanceKlass java/lang/invoke/LambdaForm$MH+0x000002b54c656800
# instanceKlass java/lang/invoke/LambdaForm$MH+0x000002b54c656400
# instanceKlass java/lang/invoke/LambdaForm$MH+0x000002b54c656000
# instanceKlass java/lang/invoke/LambdaForm$MH+0x000002b54c655c00
# instanceKlass java/lang/invoke/LambdaForm$MH+0x000002b54c655800
# instanceKlass java/lang/invoke/LambdaForm$BMH+0x000002b54c655400
# instanceKlass java/lang/invoke/LambdaForm$DMH+0x000002b54c655000
# instanceKlass java/lang/invoke/LambdaForm$MH+0x000002b54c654c00
# instanceKlass java/lang/invoke/LambdaForm$DMH+0x000002b54c654800
# instanceKlass java/lang/invoke/LambdaForm$DMH+0x000002b54c654400
instanceKlass sun/invoke/util/ValueConversions$1
# instanceKlass java/lang/invoke/LambdaForm$DMH+0x000002b54c654000
instanceKlass sun/reflect/generics/tree/BooleanSignature
instanceKlass org/gradle/api/internal/artifacts/ivyservice/ResolutionParameters$ModuleVersionLock
instanceKlass org/gradle/api/artifacts/ExcludeRule
instanceKlass org/gradle/api/internal/file/collections/FileSystemMirroringFileTree
instanceKlass org/gradle/api/internal/artifacts/configurations/DefaultConfigurationPublications
instanceKlass org/gradle/api/internal/artifacts/configurations/DefaultConfiguration$ConfigurationResolvableDependencies
instanceKlass org/gradle/api/internal/artifacts/configurations/ResolutionStrategyInternal
instanceKlass org/gradle/api/internal/artifacts/ResolverResults
instanceKlass org/gradle/operations/dependencies/configurations/ConfigurationIdentity
instanceKlass org/gradle/api/artifacts/DependencyConstraintSet
instanceKlass org/gradle/api/artifacts/ResolvableDependencies
instanceKlass org/gradle/api/artifacts/ArtifactView
instanceKlass org/gradle/api/artifacts/PublishArtifactSet
instanceKlass org/gradle/api/artifacts/ConfigurationPublications
instanceKlass org/gradle/api/artifacts/DependencySet
instanceKlass org/gradle/api/internal/artifacts/resolver/ResolutionAccess
instanceKlass org/gradle/api/artifacts/ResolutionStrategy
instanceKlass org/gradle/api/artifacts/DependencyResolutionListener
instanceKlass  @bci org/gradle/api/internal/artifacts/configurations/DefaultConfigurationContainer createLockedLegacyConfiguration (Ljava/lang/String;Lorg/gradle/api/internal/artifacts/configurations/ConfigurationRole;Lorg/gradle/api/Action;)Lorg/gradle/api/internal/artifacts/configurations/ConfigurationInternal; 4 <appendix> member <vmtarget> ; # org/gradle/api/internal/artifacts/configurations/DefaultConfigurationContainer$$Lambda+0x000002b54c60fb78
instanceKlass org/gradle/api/internal/artifacts/configurations/DefaultConfigurationRole
instanceKlass org/gradle/api/internal/artifacts/configurations/ConfigurationRoles
instanceKlass  @bci org/gradle/api/internal/initialization/transform/ProjectDependencyInstrumentingArtifactTransform$Parameters_Decorated $gradleInit ()V 1 <appendix> member <vmtarget> ; # org/gradle/api/internal/initialization/transform/ProjectDependencyInstrumentingArtifactTransform$Parameters_Decorated$$Lambda+0x000002b54c647000
instanceKlass org/gradle/api/internal/initialization/transform/ProjectDependencyInstrumentingArtifactTransform$Parameters_Decorated
instanceKlass  @bci org/gradle/api/internal/initialization/transform/registration/InstrumentationTransformRegisterer registerInstrumentationOnlyPipeline (JLorg/gradle/api/artifacts/dsl/DependencyHandler;)V 15 <appendix> member <vmtarget> ; # org/gradle/api/internal/initialization/transform/registration/InstrumentationTransformRegisterer$$Lambda+0x000002b54c646990
instanceKlass org/gradle/api/internal/initialization/transform/ProjectDependencyInstrumentingArtifactTransform$Parameters
instanceKlass org/gradle/api/internal/initialization/transform/BaseInstrumentingArtifactTransform$InstrumentingClassTransformProvider
instanceKlass  @bci org/gradle/api/internal/initialization/transform/registration/InstrumentationTransformRegisterer lambda$registerInstrumentingTransform$8 (Lorg/gradle/api/internal/initialization/DefaultScriptClassPathResolver$InstrumentationPhase;Lorg/gradle/api/internal/initialization/DefaultScriptClassPathResolver$InstrumentationPhase;Lorg/gradle/api/provider/Provider;JLjava/util/function/Consumer;Lorg/gradle/api/artifacts/transform/TransformSpec;)V 48 <adapter> ; # java/lang/invoke/LambdaForm$MH+0x000002b54c642400
# instanceKlass java/lang/invoke/LambdaForm$DMH+0x000002b54c642000
instanceKlass  @bci org/gradle/api/internal/initialization/transform/registration/InstrumentationTransformRegisterer lambda$registerInstrumentingTransform$8 (Lorg/gradle/api/internal/initialization/DefaultScriptClassPathResolver$InstrumentationPhase;Lorg/gradle/api/internal/initialization/DefaultScriptClassPathResolver$InstrumentationPhase;Lorg/gradle/api/provider/Provider;JLjava/util/function/Consumer;Lorg/gradle/api/artifacts/transform/TransformSpec;)V 48 <appendix> form vmentry <vmtarget> ; # java/lang/invoke/LambdaForm$DMH+0x000002b54c641c00
instanceKlass  @bci org/gradle/api/internal/initialization/transform/registration/InstrumentationTransformRegisterer lambda$registerInstrumentingTransform$8 (Lorg/gradle/api/internal/initialization/DefaultScriptClassPathResolver$InstrumentationPhase;Lorg/gradle/api/internal/initialization/DefaultScriptClassPathResolver$InstrumentationPhase;Lorg/gradle/api/provider/Provider;JLjava/util/function/Consumer;Lorg/gradle/api/artifacts/transform/TransformSpec;)V 48 <appendix> member <vmtarget> ; # org/gradle/api/internal/initialization/transform/registration/InstrumentationTransformRegisterer$$Lambda+0x000002b54c645df0
instanceKlass  @cpi org/gradle/api/internal/initialization/transform/registration/InstrumentationTransformRegisterer 329 form vmentry <vmtarget> ; # java/lang/invoke/LambdaForm$DMH+0x000002b54c641800
instanceKlass  @bci org/gradle/api/internal/initialization/transform/BaseInstrumentingArtifactTransform$Parameters_Decorated $gradleInit ()V 1 <appendix> member <vmtarget> ; # org/gradle/api/internal/initialization/transform/BaseInstrumentingArtifactTransform$Parameters_Decorated$$Lambda+0x000002b54c645bc8
instanceKlass org/gradle/api/internal/initialization/transform/BaseInstrumentingArtifactTransform$Parameters_Decorated
instanceKlass  @bci org/gradle/api/internal/initialization/transform/registration/InstrumentationTransformRegisterer registerInstrumentingTransform (JLorg/gradle/api/artifacts/dsl/DependencyHandler;Ljava/lang/Class;Lorg/gradle/api/provider/Provider;Lorg/gradle/api/internal/initialization/DefaultScriptClassPathResolver$InstrumentationPhase;Lorg/gradle/api/internal/initialization/DefaultScriptClassPathResolver$InstrumentationPhase;Ljava/util/function/Consumer;)V 13 <adapter> ; # java/lang/invoke/LambdaForm$MH+0x000002b54c641400
# instanceKlass java/lang/invoke/LambdaForm$DMH+0x000002b54c641000
instanceKlass  @bci org/gradle/api/internal/initialization/transform/registration/InstrumentationTransformRegisterer registerInstrumentingTransform (JLorg/gradle/api/artifacts/dsl/DependencyHandler;Ljava/lang/Class;Lorg/gradle/api/provider/Provider;Lorg/gradle/api/internal/initialization/DefaultScriptClassPathResolver$InstrumentationPhase;Lorg/gradle/api/internal/initialization/DefaultScriptClassPathResolver$InstrumentationPhase;Ljava/util/function/Consumer;)V 13 <appendix> form vmentry <vmtarget> ; # java/lang/invoke/LambdaForm$DMH+0x000002b54c640c00
instanceKlass  @bci org/gradle/api/internal/initialization/transform/registration/InstrumentationTransformRegisterer registerInstrumentingTransform (JLorg/gradle/api/artifacts/dsl/DependencyHandler;Ljava/lang/Class;Lorg/gradle/api/provider/Provider;Lorg/gradle/api/internal/initialization/DefaultScriptClassPathResolver$InstrumentationPhase;Lorg/gradle/api/internal/initialization/DefaultScriptClassPathResolver$InstrumentationPhase;Ljava/util/function/Consumer;)V 13 <appendix> member <vmtarget> ; # org/gradle/api/internal/initialization/transform/registration/InstrumentationTransformRegisterer$$Lambda+0x000002b54c645338
instanceKlass  @cpi org/gradle/api/internal/initialization/transform/registration/InstrumentationTransformRegisterer 326 form vmentry <vmtarget> ; # java/lang/invoke/LambdaForm$DMH+0x000002b54c640800
instanceKlass  @bci org/gradle/api/internal/initialization/transform/registration/InstrumentationTransformRegisterer registerInstrumentationAndUpgradesPipeline (JLorg/gradle/api/artifacts/dsl/DependencyHandler;Lorg/gradle/api/provider/Provider;)V 45 <appendix> argL0 ; # org/gradle/api/internal/initialization/transform/registration/InstrumentationTransformRegisterer$$Lambda+0x000002b54c645108
instanceKlass org/gradle/api/internal/initialization/transform/BaseInstrumentingArtifactTransform$Parameters
instanceKlass org/gradle/api/internal/initialization/transform/BaseInstrumentingArtifactTransform
instanceKlass org/gradle/api/internal/file/collections/DefaultConfigurableFileCollection$UnresolvedItemsCollector
instanceKlass  @bci org/gradle/api/internal/file/collections/DefaultConfigurableFileCollection assertMutable ()V 5 <appendix> member <vmtarget> ; # org/gradle/api/internal/file/collections/DefaultConfigurableFileCollection$$Lambda+0x000002b54c644220
instanceKlass  @bci org/gradle/api/internal/initialization/transform/registration/InstrumentationTransformRegisterer lambda$registerInstrumentationAndUpgradesPipeline$3 (Lorg/gradle/api/provider/Provider;JLorg/gradle/api/internal/initialization/transform/MergeInstrumentationAnalysisTransform$Parameters;)V 41 <appendix> form vmentry <vmtarget> ; # java/lang/invoke/LambdaForm$DMH+0x000002b54c640400
instanceKlass  @bci org/gradle/api/internal/initialization/transform/registration/InstrumentationTransformRegisterer lambda$registerInstrumentationAndUpgradesPipeline$3 (Lorg/gradle/api/provider/Provider;JLorg/gradle/api/internal/initialization/transform/MergeInstrumentationAnalysisTransform$Parameters;)V 41 <appendix> member <vmtarget> ; # org/gradle/api/internal/initialization/transform/registration/InstrumentationTransformRegisterer$$Lambda+0x000002b54c644000
instanceKlass  @cpi org/gradle/api/internal/initialization/transform/registration/InstrumentationTransformRegisterer 339 form vmentry <vmtarget> ; # java/lang/invoke/LambdaForm$DMH+0x000002b54c640000
instanceKlass org/gradle/api/internal/tasks/AbstractTaskDependency$1
instanceKlass org/gradle/api/internal/tasks/AbstractTaskDependency
instanceKlass org/gradle/api/internal/tasks/TaskDependencyContainerInternal
instanceKlass org/gradle/api/internal/tasks/TaskDependencyInternal
instanceKlass  @bci org/gradle/api/internal/file/collections/DefaultConfigurableFileCollection <init> (Ljava/lang/String;Lorg/gradle/internal/file/PathToFileResolver;Lorg/gradle/api/internal/tasks/TaskDependencyFactory;Lorg/gradle/api/tasks/util/internal/PatternSetFactory;Lorg/gradle/api/internal/provider/PropertyHost;)V 54 <appendix> argL0 ; # org/gradle/api/internal/file/collections/DefaultConfigurableFileCollection$$Lambda+0x000002b54c63ee30
instanceKlass org/gradle/api/internal/file/collections/DefaultConfigurableFileCollection$EmptyCollector
instanceKlass org/gradle/api/internal/file/collections/DefaultConfigurableFileCollection$ValueCollector
instanceKlass  @bci org/gradle/api/internal/initialization/transform/registration/InstrumentationTransformRegisterer lambda$registerInstrumentationAndUpgradesPipeline$4 (Lorg/gradle/api/provider/Provider;JLorg/gradle/api/artifacts/transform/TransformSpec;)V 45 <appendix> member <vmtarget> ; # org/gradle/api/internal/initialization/transform/registration/InstrumentationTransformRegisterer$$Lambda+0x000002b54c63daf8
instanceKlass  @bci org/gradle/api/internal/initialization/transform/MergeInstrumentationAnalysisTransform$Parameters_Decorated $gradleInit ()V 1 <appendix> member <vmtarget> ; # org/gradle/api/internal/initialization/transform/MergeInstrumentationAnalysisTransform$Parameters_Decorated$$Lambda+0x000002b54c63d8d0
instanceKlass org/gradle/api/internal/initialization/transform/MergeInstrumentationAnalysisTransform$Parameters_Decorated
instanceKlass org/gradle/api/internal/initialization/transform/MergeInstrumentationAnalysisTransform$Parameters
instanceKlass  @bci org/gradle/api/internal/initialization/transform/registration/InstrumentationTransformRegisterer registerInstrumentationAndUpgradesPipeline (JLorg/gradle/api/artifacts/dsl/DependencyHandler;Lorg/gradle/api/provider/Provider;)V 22 <appendix> member <vmtarget> ; # org/gradle/api/internal/initialization/transform/registration/InstrumentationTransformRegisterer$$Lambda+0x000002b54c63ce48
instanceKlass org/gradle/api/internal/initialization/transform/MergeInstrumentationAnalysisTransform
instanceKlass org/gradle/api/internal/artifacts/transform/TransformStep
instanceKlass org/gradle/api/internal/artifacts/transform/DefaultTransformRegistrationFactory$DefaultTransformRegistration
instanceKlass org/gradle/internal/model/CalculatedValueContainer$CalculationState
instanceKlass org/gradle/internal/model/CalculatedValueContainer
instanceKlass org/gradle/api/internal/tasks/WorkNodeAction
instanceKlass org/gradle/api/internal/artifacts/transform/DefaultTransform$IsolateTransformParameters
instanceKlass org/gradle/work/InputChanges
instanceKlass org/gradle/internal/instantiation/generator/DependencyInjectingInstantiator$1
instanceKlass  @bci org/gradle/internal/instantiation/generator/AsmBackedClassGenerator$ClassBuilderImpl writeGenericReturnTypeFields ()V 22 <appendix> member <vmtarget> ; # org/gradle/internal/instantiation/generator/AsmBackedClassGenerator$ClassBuilderImpl$$Lambda+0x000002b54c63b6c8
instanceKlass org/gradle/internal/instantiation/generator/AsmBackedClassGenerator$ClassBuilderImpl$ReturnTypeEntry
instanceKlass org/gradle/api/internal/tasks/properties/FileParameterUtils
instanceKlass org/gradle/api/internal/artifacts/transform/DefaultTransform
instanceKlass org/gradle/internal/execution/model/InputNormalizer$1
instanceKlass  @bci org/gradle/internal/execution/model/annotations/AbstractInputFilePropertyAnnotationHandler visitPropertyValue (Ljava/lang/String;Lorg/gradle/internal/properties/PropertyValue;Lorg/gradle/internal/properties/annotations/PropertyMetadata;Lorg/gradle/internal/properties/PropertyVisitor;)V 9 <appendix> argL0 ; # org/gradle/internal/execution/model/annotations/AbstractInputFilePropertyAnnotationHandler$$Lambda+0x000002b54c63a9f8
instanceKlass org/gradle/internal/properties/PropertyValue$1
instanceKlass org/gradle/internal/properties/PropertyValue
instanceKlass org/gradle/api/internal/artifacts/transform/DefaultTransformRegistrationFactory$NormalizerCollectingVisitor
instanceKlass  @bci org/gradle/internal/reflect/DefaultTypeValidationContext <init> (Ljava/lang/Class;ZLorg/gradle/api/problems/internal/InternalProblems;)V 2 <appendix> argL0 ; # org/gradle/internal/reflect/DefaultTypeValidationContext$$Lambda+0x000002b54c63a378
instanceKlass org/gradle/api/problems/ProblemId
instanceKlass org/gradle/api/problems/internal/GradleCoreProblemGroup$DefaultDaemonToolchainProblemGroup
instanceKlass org/gradle/api/problems/internal/GradleCoreProblemGroup$DefaultValidationProblemGroup
instanceKlass org/gradle/api/problems/ProblemGroup
instanceKlass org/gradle/api/problems/internal/GradleCoreProblemGroup$DefaultCompilationProblemGroup
instanceKlass org/gradle/api/problems/internal/GradleCoreProblemGroup$CompilationProblemGroup
instanceKlass org/gradle/api/problems/internal/GradleCoreProblemGroup$ValidationProblemGroup
instanceKlass org/gradle/api/problems/internal/GradleCoreProblemGroup$DaemonToolchainProblemGroup
instanceKlass org/gradle/api/problems/internal/GradleCoreProblemGroup
instanceKlass org/gradle/internal/reflect/ProblemRecordingTypeValidationContext
instanceKlass org/gradle/internal/properties/annotations/DefaultTypeMetadataStore$DefaultTypeMetadata
instanceKlass  @bci org/gradle/internal/execution/model/annotations/AbstractInputPropertyAnnotationHandler validateUnsupportedPropertyValueType (Ljava/lang/Class;Ljava/util/List;Lorg/gradle/internal/properties/annotations/PropertyMetadata;Lorg/gradle/internal/reflect/validation/TypeValidationContext;Ljava/lang/Class;[Ljava/lang/String;)V 13 <appendix> member <vmtarget> ; # org/gradle/internal/execution/model/annotations/AbstractInputPropertyAnnotationHandler$$Lambda+0x000002b54c638258
instanceKlass com/google/common/collect/FluentIterable
instanceKlass org/gradle/api/reflect/TypeOf$4
instanceKlass org/gradle/model/internal/type/ParameterizedTypeWrapper
instanceKlass org/gradle/internal/properties/annotations/DefaultTypeMetadataStore$DefaultPropertyMetadata
instanceKlass  @bci org/gradle/internal/reflect/validation/ReplayingTypeValidationContext replay (Ljava/lang/String;Lorg/gradle/internal/reflect/validation/TypeValidationContext;)V 6 <appendix> member <vmtarget> ; # org/gradle/internal/reflect/validation/ReplayingTypeValidationContext$$Lambda+0x000002b54c6368c8
instanceKlass  @bci org/gradle/internal/reflect/annotations/impl/DefaultTypeAnnotationMetadataStore mergePropertiesAndFieldMetadata (Ljava/lang/Class;Lcom/google/common/collect/ImmutableList;Lcom/google/common/collect/ImmutableMap;Lorg/gradle/internal/reflect/validation/TypeValidationContext;)Lcom/google/common/collect/ImmutableSortedSet; 177 <appendix> member <vmtarget> ; # org/gradle/internal/reflect/annotations/impl/DefaultTypeAnnotationMetadataStore$$Lambda+0x000002b54c636690
instanceKlass  @bci org/gradle/internal/reflect/annotations/impl/DefaultTypeAnnotationMetadataStore mergePropertiesAndFieldMetadata (Ljava/lang/Class;Lcom/google/common/collect/ImmutableList;Lcom/google/common/collect/ImmutableMap;Lorg/gradle/internal/reflect/validation/TypeValidationContext;)Lcom/google/common/collect/ImmutableSortedSet; 164 <appendix> member <vmtarget> ; # org/gradle/internal/reflect/annotations/impl/DefaultTypeAnnotationMetadataStore$$Lambda+0x000002b54c636438
instanceKlass org/gradle/api/internal/initialization/transform/InstrumentationArtifactMetadata
instanceKlass org/gradle/api/internal/initialization/transform/services/InjectedInstrumentationServices
instanceKlass  @bci org/gradle/internal/reflect/annotations/impl/DefaultTypeAnnotationMetadataStore$HasAnnotationMetadataBuilder inheritAnnotations (ZLorg/gradle/internal/reflect/annotations/HasAnnotationMetadata;)V 26 <appendix> member <vmtarget> ; # org/gradle/internal/reflect/annotations/impl/DefaultTypeAnnotationMetadataStore$HasAnnotationMetadataBuilder$$Lambda+0x000002b54c6354b8
instanceKlass  @cpi org/gradle/internal/reflect/annotations/impl/DefaultTypeAnnotationMetadataStore$HasAnnotationMetadataBuilder 295 form vmentry <vmtarget> ; # java/lang/invoke/LambdaForm$DMH+0x000002b54c62c400
instanceKlass com/google/common/collect/SortedIterables
instanceKlass  @bci org/gradle/internal/reflect/annotations/impl/DefaultTypeAnnotationMetadata <init> (Ljava/lang/Iterable;Ljava/lang/Iterable;Ljava/lang/Iterable;Lorg/gradle/internal/reflect/validation/ReplayingTypeValidationContext;)V 6 <appendix> argL0 ; # org/gradle/internal/reflect/annotations/impl/DefaultTypeAnnotationMetadata$$Lambda+0x000002b54c634500
instanceKlass org/gradle/internal/reflect/annotations/impl/DefaultTypeAnnotationMetadata
instanceKlass  @bci org/gradle/internal/reflect/annotations/impl/DefaultTypeAnnotationMetadataStore extractFunctionsFrom (Ljava/lang/Class;Ljava/util/Map;Lorg/gradle/internal/reflect/validation/TypeValidationContext;)Lcom/google/common/collect/ImmutableSortedSet; 72 <appendix> member <vmtarget> ; # org/gradle/internal/reflect/annotations/impl/DefaultTypeAnnotationMetadataStore$$Lambda+0x000002b54c634048
instanceKlass  @bci org/gradle/internal/reflect/annotations/impl/DefaultTypeAnnotationMetadataStore extractFunctionsFrom (Ljava/lang/Class;Ljava/util/Map;Lorg/gradle/internal/reflect/validation/TypeValidationContext;)Lcom/google/common/collect/ImmutableSortedSet; 8 <appendix> argL0 ; # org/gradle/internal/reflect/annotations/impl/DefaultTypeAnnotationMetadataStore$$Lambda+0x000002b54c633b80
instanceKlass com/google/common/collect/AbstractMapBasedMultimap$KeySet$1
instanceKlass org/gradle/internal/reflect/annotations/impl/AbstractHasAnnotationMetadata
instanceKlass  @bci org/gradle/internal/reflect/annotations/impl/DefaultTypeAnnotationMetadataStore convertMethodToPropertyBuilders (Ljava/util/Map;)Lcom/google/common/collect/ImmutableList; 8 <appendix> argL0 ; # org/gradle/internal/reflect/annotations/impl/DefaultTypeAnnotationMetadataStore$$Lambda+0x000002b54c630bc0
instanceKlass  @bci org/gradle/internal/reflect/annotations/impl/DefaultTypeAnnotationMetadataStore$HasAnnotationMetadataBuilder <init> (Ljava/lang/reflect/Method;Lorg/gradle/internal/reflect/validation/TypeValidationContext;)V 47 <appendix> argL0 ; # org/gradle/internal/reflect/annotations/impl/DefaultTypeAnnotationMetadataStore$HasAnnotationMetadataBuilder$$Lambda+0x000002b54c630540
instanceKlass  @bci org/gradle/internal/reflect/annotations/impl/DefaultTypeAnnotationMetadataStore$HasAnnotationMetadataBuilder <init> (Ljava/lang/reflect/Method;Lorg/gradle/internal/reflect/validation/TypeValidationContext;)V 26 <appendix> argL0 ; # org/gradle/internal/reflect/annotations/impl/DefaultTypeAnnotationMetadataStore$HasAnnotationMetadataBuilder$$Lambda+0x000002b54c62cc78
instanceKlass com/google/common/collect/MultimapBuilder$ArrayListSupplier
instanceKlass  @bci org/gradle/internal/reflect/annotations/impl/DefaultTypeAnnotationMetadataStore$HasAnnotationMetadataBuilder <init> (Ljava/lang/reflect/Method;Lorg/gradle/internal/reflect/validation/TypeValidationContext;)V 5 <appendix> argL0 ; # org/gradle/internal/reflect/annotations/impl/DefaultTypeAnnotationMetadataStore$HasAnnotationMetadataBuilder$$Lambda+0x000002b54c62c800
instanceKlass  @bci org/gradle/internal/reflect/annotations/impl/DefaultTypeAnnotationMetadataStore getOrCreatePropertyBuilder (Ljava/lang/String;Ljava/lang/reflect/Method;Lorg/gradle/internal/reflect/validation/TypeValidationContext;Ljava/util/Map;)Lorg/gradle/internal/reflect/annotations/impl/DefaultTypeAnnotationMetadataStore$PropertyAnnotationMetadataBuilder; 10 <appendix> member <vmtarget> ; # org/gradle/internal/reflect/annotations/impl/DefaultTypeAnnotationMetadataStore$$Lambda+0x000002b54c62dd88
instanceKlass org/gradle/internal/reflect/annotations/impl/DefaultTypeAnnotationMetadataStore$HasAnnotationMetadataBuilder
instanceKlass  @bci org/gradle/internal/reflect/annotations/impl/DefaultTypeAnnotationMetadataStore extractPropertiesFrom (Ljava/lang/Class;Ljava/util/Map;Lorg/gradle/internal/reflect/validation/TypeValidationContext;)Lcom/google/common/collect/ImmutableSortedSet; 8 <appendix> argL0 ; # org/gradle/internal/reflect/annotations/impl/DefaultTypeAnnotationMetadataStore$$Lambda+0x000002b54c62d660
instanceKlass org/gradle/api/artifacts/transform/TransformOutputs
instanceKlass  @bci org/gradle/internal/reflect/annotations/impl/DefaultTypeAnnotationMetadataStore inheritFunctionMethods (Ljava/lang/Class;Lorg/gradle/internal/reflect/validation/TypeValidationContext;Ljava/util/Map;)V 5 <appendix> member <vmtarget> ; # org/gradle/internal/reflect/annotations/impl/DefaultTypeAnnotationMetadataStore$$Lambda+0x000002b54c62d238
instanceKlass  @bci org/gradle/internal/reflect/annotations/impl/DefaultTypeAnnotationMetadataStore visitSuperTypes (Ljava/lang/Class;Lorg/gradle/internal/reflect/annotations/impl/DefaultTypeAnnotationMetadataStore$TypeAnnotationMetadataVisitor;)V 9 <appendix> member <vmtarget> ; # org/gradle/internal/reflect/annotations/impl/DefaultTypeAnnotationMetadataStore$$Lambda+0x000002b54c62d000
instanceKlass  @bci org/gradle/internal/reflect/annotations/impl/DefaultTypeAnnotationMetadataStore inheritPropertyMethods (Ljava/lang/Class;Lorg/gradle/internal/reflect/validation/TypeValidationContext;Ljava/util/Map;)V 5 <appendix> member <vmtarget> ; # org/gradle/internal/reflect/annotations/impl/DefaultTypeAnnotationMetadataStore$$Lambda+0x000002b54c62fc60
instanceKlass org/gradle/internal/reflect/annotations/impl/DefaultTypeAnnotationMetadataStore$TypeAnnotationMetadataVisitor
instanceKlass  @bci org/gradle/internal/reflect/annotations/impl/DefaultTypeAnnotationMetadataStore createTypeAnnotationMetadata (Ljava/lang/Class;)Lorg/gradle/internal/reflect/annotations/TypeAnnotationMetadata; 52 <appendix> member <vmtarget> ; # org/gradle/internal/reflect/annotations/impl/DefaultTypeAnnotationMetadataStore$$Lambda+0x000002b54c62f5b0
instanceKlass  @bci org/gradle/internal/reflect/annotations/impl/DefaultTypeAnnotationMetadataStore getTypeAnnotationMetadata (Ljava/lang/Class;)Lorg/gradle/internal/reflect/annotations/TypeAnnotationMetadata; 6 <appendix> member <vmtarget> ; # org/gradle/internal/reflect/annotations/impl/DefaultTypeAnnotationMetadataStore$$Lambda+0x000002b54c62f368
instanceKlass org/gradle/internal/reflect/validation/ReplayingTypeValidationContext
instanceKlass  @bci org/gradle/internal/properties/annotations/DefaultTypeMetadataStore getTypeMetadata (Ljava/lang/Class;)Lorg/gradle/internal/properties/annotations/TypeMetadata; 6 <appendix> member <vmtarget> ; # org/gradle/internal/properties/annotations/DefaultTypeMetadataStore$$Lambda+0x000002b54c62eed8
instanceKlass  @bci org/gradle/api/internal/attributes/DefaultAttributesFactory doConcatEntry (Lorg/gradle/api/internal/attributes/ImmutableAttributes;Lorg/gradle/api/internal/attributes/ImmutableAttributesEntry;)Lorg/gradle/api/internal/attributes/ImmutableAttributes; 51 <appendix> member <vmtarget> ; # org/gradle/api/internal/attributes/DefaultAttributesFactory$$Lambda+0x000002b54c62e900
instanceKlass org/gradle/api/internal/attributes/DefaultImmutableAttributesEntry
instanceKlass  @bci org/gradle/api/internal/provider/DefaultMapProperty$CollectingSupplier calculateOwnValue (Lorg/gradle/api/internal/provider/ValueSupplier$ValueConsumer;)Lorg/gradle/api/internal/provider/ValueSupplier$Value; 15 <appendix> argL0 ; # org/gradle/api/internal/provider/DefaultMapProperty$CollectingSupplier$$Lambda+0x000002b54c62e478
instanceKlass  @bci org/gradle/api/internal/provider/DefaultMapProperty$CollectingSupplier calculateOwnValue (Lorg/gradle/api/internal/provider/ValueSupplier$ValueConsumer;)Lorg/gradle/api/internal/provider/ValueSupplier$Value; 3 <appendix> member <vmtarget> ; # org/gradle/api/internal/provider/DefaultMapProperty$CollectingSupplier$$Lambda+0x000002b54c62e240
instanceKlass  @bci org/gradle/api/internal/attributes/DefaultMutableAttributeContainer asImmutable ()Lorg/gradle/api/internal/attributes/ImmutableAttributes; 1 <appendix> argL0 ; # org/gradle/api/internal/attributes/DefaultMutableAttributeContainer$$Lambda+0x000002b54c62e000
instanceKlass org/gradle/api/internal/provider/ValueSupplier$FixedSideEffect
instanceKlass java/util/ArrayList$SubList$1
instanceKlass org/gradle/api/internal/provider/ValueSupplier$SideEffectBuilder
instanceKlass org/gradle/api/internal/provider/ValueSupplier$SideEffect
instanceKlass  @bci org/gradle/api/internal/provider/DefaultMapProperty$CollectingSupplier calculateKeys (Lorg/gradle/api/internal/provider/ValueSupplier$ValueConsumer;)Lorg/gradle/api/internal/provider/ValueSupplier$Value; 11 <appendix> argL0 ; # org/gradle/api/internal/provider/DefaultMapProperty$CollectingSupplier$$Lambda+0x000002b54c62b6a8
instanceKlass  @bci org/gradle/api/internal/provider/DefaultMapProperty$CollectingSupplier calculateKeys (Lorg/gradle/api/internal/provider/ValueSupplier$ValueConsumer;)Lorg/gradle/api/internal/provider/ValueSupplier$Value; 3 <appendix> member <vmtarget> ; # org/gradle/api/internal/provider/DefaultMapProperty$CollectingSupplier$$Lambda+0x000002b54c62b470
instanceKlass  @bci org/gradle/api/internal/attributes/DefaultMutableAttributeContainer keySet ()Ljava/util/Set; 1 <appendix> argL0 ; # org/gradle/api/internal/attributes/DefaultMutableAttributeContainer$$Lambda+0x000002b54c62ad90
instanceKlass  @bci org/gradle/api/internal/initialization/transform/registration/InstrumentationTransformRegisterer lambda$registerInstrumentationAndUpgradesPipeline$1 (Lorg/gradle/api/provider/Provider;JLorg/gradle/api/artifacts/transform/TransformSpec;)V 45 <appendix> member <vmtarget> ; # org/gradle/api/internal/initialization/transform/registration/InstrumentationTransformRegisterer$$Lambda+0x000002b54c62ab68
instanceKlass  @bci org/gradle/api/internal/artifacts/transform/DefaultVariantTransformRegistry$TypedRegistration_Decorated $gradleInit ()V 1 <appendix> member <vmtarget> ; # org/gradle/api/internal/artifacts/transform/DefaultVariantTransformRegistry$TypedRegistration_Decorated$$Lambda+0x000002b54c60ebe0
instanceKlass org/gradle/api/internal/artifacts/transform/DefaultVariantTransformRegistry$TypedRegistration
instanceKlass  @bci org/gradle/api/internal/initialization/transform/InstrumentationAnalysisTransform$Parameters_Decorated $gradleInit ()V 1 <appendix> member <vmtarget> ; # org/gradle/api/internal/initialization/transform/InstrumentationAnalysisTransform$Parameters_Decorated$$Lambda+0x000002b54c62a940
instanceKlass org/gradle/api/internal/initialization/transform/InstrumentationAnalysisTransform$Parameters_Decorated
instanceKlass  @bci org/gradle/internal/instantiation/generator/AsmBackedClassGenerator$ClassBuilderImpl addDefaultConstructor ()V 8 <appendix> member <vmtarget> ; # org/gradle/internal/instantiation/generator/AsmBackedClassGenerator$ClassBuilderImpl$$Lambda+0x000002b54c629e50
instanceKlass org/gradle/api/internal/initialization/transform/InstrumentationAnalysisTransform$Parameters
instanceKlass  @bci org/gradle/api/internal/initialization/transform/registration/InstrumentationTransformRegisterer registerInstrumentationAndUpgradesPipeline (JLorg/gradle/api/artifacts/dsl/DependencyHandler;Lorg/gradle/api/provider/Provider;)V 6 <appendix> member <vmtarget> ; # org/gradle/api/internal/initialization/transform/registration/InstrumentationTransformRegisterer$$Lambda+0x000002b54c629a28
instanceKlass  @cpi org/gradle/api/internal/initialization/transform/registration/InstrumentationTransformRegisterer 310 form vmentry <vmtarget> ; # java/lang/invoke/LambdaForm$DMH+0x000002b54c62c000
instanceKlass org/gradle/api/artifacts/transform/TransformSpec
instanceKlass org/gradle/api/internal/initialization/transform/InstrumentationAnalysisTransform
instanceKlass org/gradle/api/internal/DefaultNamedDomainObjectCollection$ObjectBackedElementInfo
instanceKlass org/gradle/api/internal/DefaultNamedDomainObjectCollection$ElementInfo
instanceKlass  @bci org/gradle/api/services/internal/DefaultBuildServicesRegistry$DefaultServiceRegistration_Decorated $gradleInit ()V 1 <appendix> member <vmtarget> ; # org/gradle/api/services/internal/DefaultBuildServicesRegistry$DefaultServiceRegistration_Decorated$$Lambda+0x000002b54c629170
instanceKlass org/gradle/api/services/internal/BuildServiceDetails
instanceKlass  @bci org/gradle/internal/instantiation/managed/DefaultManagedObjectRegistry$ReflectionCache unreflect (Ljava/lang/reflect/Method;)Ljava/lang/invoke/MethodHandle; 127 <appendix> argL0 ; # org/gradle/internal/instantiation/managed/DefaultManagedObjectRegistry$ReflectionCache$$Lambda+0x000002b54c6286b0
instanceKlass  @bci org/gradle/internal/instantiation/managed/DefaultManagedObjectRegistry$ReflectionCache getMethod (Ljava/lang/Class;Ljava/lang/String;[Ljava/lang/Class;)Ljava/lang/reflect/Method; 43 <appendix> member <vmtarget> ; # org/gradle/internal/instantiation/managed/DefaultManagedObjectRegistry$ReflectionCache$$Lambda+0x000002b54c628468
instanceKlass org/gradle/internal/instantiation/managed/DefaultManagedObjectRegistry$ReflectionCache$GetMethodKey
instanceKlass org/gradle/internal/instantiation/managed/ManagedObjectCreator
instanceKlass org/gradle/api/NamedDomainObjectFactory
instanceKlass org/gradle/api/ExtensiblePolymorphicDomainObjectContainer
instanceKlass org/gradle/api/internal/rules/NamedDomainObjectFactoryRegistry
instanceKlass org/gradle/api/internal/DelegatingDomainObjectSet
instanceKlass org/gradle/internal/instantiation/managed/DefaultManagedObjectRegistry$ReflectionCache
instanceKlass org/gradle/internal/instantiation/managed/DefaultManagedObjectRegistry
instanceKlass  @bci org/gradle/api/services/internal/DefaultBuildServicesRegistry$DefaultServiceSpec_Decorated $gradleInit ()V 1 <appendix> member <vmtarget> ; # org/gradle/api/services/internal/DefaultBuildServicesRegistry$DefaultServiceSpec_Decorated$$Lambda+0x000002b54c626650
instanceKlass  @bci org/gradle/internal/instantiation/generator/AsmBackedClassGenerator$ClassBuilderImpl applyReadOnlyManagedStateToGetter (Lorg/gradle/internal/instantiation/generator/AbstractClassGenerator$PropertyMetadata;Ljava/lang/reflect/Method;Z)V 53 <appendix> member <vmtarget> ; # org/gradle/internal/instantiation/generator/AsmBackedClassGenerator$ClassBuilderImpl$$Lambda+0x000002b54c625bb8
instanceKlass  @cpi org/gradle/internal/instantiation/generator/AsmBackedClassGenerator$ClassBuilderImpl 1691 form vmentry <vmtarget> ; # java/lang/invoke/LambdaForm$DMH+0x000002b54c623400
instanceKlass org/gradle/internal/instantiation/generator/AsmBackedClassGenerator$AttachedProperty
instanceKlass org/gradle/api/SupportsKotlinAssignmentOverloading
instanceKlass org/gradle/api/services/internal/DefaultBuildServicesRegistry$DefaultServiceSpec
instanceKlass org/gradle/internal/reflect/Types$1
instanceKlass org/gradle/internal/reflect/Types
instanceKlass  @bci org/gradle/internal/inspection/DefaultTypeParameterInspection inferParameterType (Ljava/lang/Class;I)Ljava/lang/Class; 23 <adapter> ; # java/lang/invoke/LambdaForm$MH+0x000002b54c623000
# instanceKlass java/lang/invoke/LambdaForm$DMH+0x000002b54c622c00
instanceKlass  @bci org/gradle/internal/inspection/DefaultTypeParameterInspection inferParameterType (Ljava/lang/Class;I)Ljava/lang/Class; 23 <appendix> form vmentry <vmtarget> ; # java/lang/invoke/LambdaForm$DMH+0x000002b54c622800
instanceKlass  @bci org/gradle/internal/inspection/DefaultTypeParameterInspection inferParameterType (Ljava/lang/Class;I)Ljava/lang/Class; 23 <appendix> member <vmtarget> ; # org/gradle/internal/inspection/DefaultTypeParameterInspection$$Lambda+0x000002b54c624ad8
instanceKlass  @cpi org/gradle/internal/inspection/DefaultTypeParameterInspection 241 form vmentry <vmtarget> ; # java/lang/invoke/LambdaForm$DMH+0x000002b54c622400
instanceKlass org/gradle/internal/reflect/Types$TypeVisitor
instanceKlass  @bci org/gradle/api/services/internal/DefaultBuildServicesRegistry doRegisterIfAbsent (Ljava/lang/String;Ljava/lang/Class;Ljava/util/function/Supplier;)Lorg/gradle/api/services/internal/BuildServiceProvider; 5 <appendix> member <vmtarget> ; # org/gradle/api/services/internal/DefaultBuildServicesRegistry$$Lambda+0x000002b54c624448
instanceKlass  @bci org/gradle/api/services/internal/DefaultBuildServicesRegistry registerIfAbsent (Ljava/lang/String;Ljava/lang/Class;Lorg/gradle/api/Action;)Lorg/gradle/api/provider/Provider; 6 <appendix> member <vmtarget> ; # org/gradle/api/services/internal/DefaultBuildServicesRegistry$$Lambda+0x000002b54c624220
instanceKlass  @bci org/gradle/api/services/BuildServiceRegistry registerIfAbsent (Ljava/lang/String;Ljava/lang/Class;)Lorg/gradle/api/provider/Provider; 3 <appendix> argL0 ; # org/gradle/api/services/BuildServiceRegistry$$Lambda+0x000002b54c624000
instanceKlass org/gradle/api/internal/initialization/transform/services/CacheInstrumentationDataBuildService
instanceKlass  @bci org/gradle/api/services/internal/DefaultBuildServicesRegistry_Decorated $gradleInit ()V 1 <appendix> member <vmtarget> ; # org/gradle/api/services/internal/DefaultBuildServicesRegistry_Decorated$$Lambda+0x000002b54c61fac0
instanceKlass  @bci org/gradle/api/internal/DefaultNamedDomainObjectSet_Decorated $gradleInit ()V 1 <appendix> member <vmtarget> ; # org/gradle/api/internal/DefaultNamedDomainObjectSet_Decorated$$Lambda+0x000002b54c61f628
instanceKlass com/google/common/reflect/Reflection
instanceKlass com/google/common/reflect/Types$TypeVariableInvocationHandler
instanceKlass com/google/common/reflect/Types$TypeVariableImpl
instanceKlass com/google/common/reflect/Types$NativeTypeVariableEquals
instanceKlass org/gradle/api/internal/DynamicPropertyNamer
instanceKlass org/gradle/api/services/BuildServiceParameters$None
instanceKlass org/gradle/api/services/BuildService
# instanceKlass java/lang/invoke/LambdaForm$MH+0x000002b54c622000
# instanceKlass java/lang/invoke/LambdaForm$MH+0x000002b54c621c00
# instanceKlass java/lang/invoke/LambdaForm$MH+0x000002b54c621800
# instanceKlass java/lang/invoke/LambdaForm$MH+0x000002b54c621400
# instanceKlass java/lang/invoke/LambdaForm$MH+0x000002b54c621000
# instanceKlass java/lang/invoke/LambdaForm$MH+0x000002b54c620c00
# instanceKlass java/lang/invoke/LambdaForm$MH+0x000002b54c620800
# instanceKlass java/lang/invoke/LambdaForm$MH+0x000002b54c620400
# instanceKlass java/lang/invoke/LambdaForm$MH+0x000002b54c620000
instanceKlass org/gradle/api/services/internal/DefaultBuildServicesRegistry$DefaultServiceRegistration
instanceKlass org/gradle/api/services/BuildServiceParameters
instanceKlass org/gradle/internal/resources/SharedResource
instanceKlass org/gradle/api/services/BuildServiceSpec
instanceKlass org/gradle/api/services/BuildServiceRegistration
instanceKlass  @bci org/gradle/api/services/internal/BuildServiceProvider$Listener <clinit> ()V 0 <appendix> argL0 ; # org/gradle/api/services/internal/BuildServiceProvider$Listener$$Lambda+0x000002b54c6178a0
instanceKlass org/gradle/api/services/internal/BuildServiceProvider$Listener
instanceKlass  @bci org/gradle/internal/flow/services/BuildFlowScope_Decorated $gradleInit ()V 1 <appendix> member <vmtarget> ; # org/gradle/internal/flow/services/BuildFlowScope_Decorated$$Lambda+0x000002b54c60e3b8
instanceKlass  @bci org/gradle/internal/flow/services/BuildFlowScope <init> (Lorg/gradle/internal/flow/services/FlowScheduler;Lorg/gradle/api/flow/FlowProviders;Lorg/gradle/internal/flow/services/FlowParametersInstantiator;Lorg/gradle/internal/instantiation/InstantiatorFactory;)V 73 <appendix> member <vmtarget> ; # org/gradle/internal/flow/services/BuildFlowScope$$Lambda+0x000002b54c60e190
instanceKlass  @bci org/gradle/internal/flow/services/BuildFlowScope <init> (Lorg/gradle/internal/flow/services/FlowScheduler;Lorg/gradle/api/flow/FlowProviders;Lorg/gradle/internal/flow/services/FlowParametersInstantiator;Lorg/gradle/internal/instantiation/InstantiatorFactory;)V 59 <appendix> argL0 ; # org/gradle/internal/flow/services/BuildFlowScope$$Lambda+0x000002b54c60df70
# instanceKlass java/lang/invoke/LambdaForm$MH+0x000002b54c61bc00
# instanceKlass java/lang/invoke/LambdaForm$MH+0x000002b54c61b800
instanceKlass kotlin/annotation/MustBeDocumented
instanceKlass kotlin/ReplaceWith
instanceKlass kotlin/Deprecated
instanceKlass org/gradle/internal/flow/services/BuildFlowScope$State
instanceKlass org/gradle/api/flow/FlowScope$Registration
instanceKlass org/gradle/api/flow/FlowParameters
# instanceKlass java/lang/invoke/LambdaForm$MH+0x000002b54c61b400
# instanceKlass java/lang/invoke/LambdaForm$MH+0x000002b54c61b000
# instanceKlass java/lang/invoke/LambdaForm$MH+0x000002b54c61ac00
# instanceKlass java/lang/invoke/LambdaForm$MH+0x000002b54c61a800
# instanceKlass java/lang/invoke/LambdaForm$MH+0x000002b54c61a400
# instanceKlass java/lang/invoke/LambdaForm$MH+0x000002b54c61a000
# instanceKlass java/lang/invoke/LambdaForm$MH+0x000002b54c619c00
# instanceKlass java/lang/invoke/LambdaForm$MH+0x000002b54c619800
instanceKlass  @bci org/gradle/internal/flow/services/FlowParametersInstantiator <init> (Lorg/gradle/api/internal/tasks/properties/InspectionSchemeFactory;Lorg/gradle/internal/instantiation/InstantiatorFactory;Lorg/gradle/internal/service/ServiceRegistry;)V 60 <appendix> member <vmtarget> ; # org/gradle/internal/flow/services/FlowParametersInstantiator$$Lambda+0x000002b54c60d2a8
instanceKlass  @bci org/gradle/internal/flow/services/FlowParametersInstantiator <init> (Lorg/gradle/api/internal/tasks/properties/InspectionSchemeFactory;Lorg/gradle/internal/instantiation/InstantiatorFactory;Lorg/gradle/internal/service/ServiceRegistry;)V 25 <appendix> member <vmtarget> ; # org/gradle/internal/flow/services/FlowParametersInstantiator$$Lambda+0x000002b54c60d080
instanceKlass  @bci org/gradle/internal/flow/services/DefaultFlowProviders <init> ()V 5 <appendix> argL0 ; # org/gradle/internal/flow/services/DefaultFlowProviders$$Lambda+0x000002b54c60ce60
instanceKlass  @bci org/gradle/internal/flow/services/FlowScheduler <init> (Lorg/gradle/internal/instantiation/InstantiatorFactory;Lorg/gradle/internal/service/ServiceRegistry;Lorg/gradle/internal/build/BuildState;)V 31 <appendix> member <vmtarget> ; # org/gradle/internal/flow/services/FlowScheduler$$Lambda+0x000002b54c60c798
# instanceKlass java/lang/invoke/LambdaForm$MH+0x000002b54c619400
# instanceKlass java/lang/invoke/LambdaForm$MH+0x000002b54c619000
# instanceKlass java/lang/invoke/LambdaForm$MH+0x000002b54c618c00
# instanceKlass java/lang/invoke/LambdaForm$MH+0x000002b54c618800
# instanceKlass java/lang/invoke/LambdaForm$MH+0x000002b54c618400
# instanceKlass java/lang/invoke/LambdaForm$MH+0x000002b54c618000
# instanceKlass java/lang/invoke/LambdaForm$MH+0x000002b54c613c00
# instanceKlass java/lang/invoke/LambdaForm$MH+0x000002b54c613800
# instanceKlass java/lang/invoke/LambdaForm$MH+0x000002b54c613400
# instanceKlass java/lang/invoke/LambdaForm$MH+0x000002b54c613000
instanceKlass org/gradle/api/internal/provider/AppendOnceList
instanceKlass org/gradle/api/internal/provider/ValueSupplier$ValueProducer
instanceKlass org/gradle/api/internal/provider/MapCollectors$SingleEntry
instanceKlass  @bci org/gradle/api/internal/artifacts/dsl/dependencies/DefaultDependencyHandler_Decorated $gradleInit ()V 1 <appendix> member <vmtarget> ; # org/gradle/api/internal/artifacts/dsl/dependencies/DefaultDependencyHandler_Decorated$$Lambda+0x000002b54c607c60
instanceKlass org/gradle/api/internal/artifacts/dsl/dependencies/DefaultDependencyHandler$DirectDependencyAdder
instanceKlass org/gradle/api/artifacts/type/ArtifactTypeDefinition
# instanceKlass java/lang/invoke/LambdaForm$MH+0x000002b54c612c00
# instanceKlass java/lang/invoke/LambdaForm$MH+0x000002b54c612800
# instanceKlass java/lang/invoke/LambdaForm$MH+0x000002b54c612400
# instanceKlass java/lang/invoke/LambdaForm$MH+0x000002b54c612000
# instanceKlass java/lang/invoke/LambdaForm$MH+0x000002b54c611c00
# instanceKlass java/lang/invoke/LambdaForm$MH+0x000002b54c611800
# instanceKlass java/lang/invoke/LambdaForm$MH+0x000002b54c611400
# instanceKlass java/lang/invoke/LambdaForm$MH+0x000002b54c611000
# instanceKlass java/lang/invoke/LambdaForm$MH+0x000002b54c610c00
# instanceKlass java/lang/invoke/LambdaForm$MH+0x000002b54c610800
# instanceKlass java/lang/invoke/LambdaForm$MH+0x000002b54c610400
# instanceKlass java/lang/invoke/LambdaForm$MH+0x000002b54c610000
# instanceKlass java/lang/invoke/LambdaForm$MH+0x000002b54c60bc00
# instanceKlass java/lang/invoke/LambdaForm$DMH+0x000002b54c60b800
instanceKlass org/gradle/api/artifacts/dsl/ExternalModuleDependencyVariantSpec
instanceKlass org/gradle/api/artifacts/type/ArtifactTypeContainer
instanceKlass org/gradle/api/internal/artifacts/dsl/dependencies/DefaultDependencyHandler
instanceKlass org/gradle/api/internal/artifacts/dsl/DependencyHandlerInternal
# instanceKlass java/lang/invoke/LambdaForm$MH+0x000002b54c60b400
# instanceKlass java/lang/invoke/LambdaForm$MH+0x000002b54c60b000
# instanceKlass java/lang/invoke/LambdaForm$MH+0x000002b54c60ac00
# instanceKlass java/lang/invoke/LambdaForm$MH+0x000002b54c60a800
# instanceKlass java/lang/invoke/LambdaForm$MH+0x000002b54c60a400
# instanceKlass java/lang/invoke/LambdaForm$MH+0x000002b54c60a000
# instanceKlass java/lang/invoke/LambdaForm$MH+0x000002b54c609c00
# instanceKlass java/lang/invoke/LambdaForm$MH+0x000002b54c609800
# instanceKlass java/lang/invoke/LambdaForm$MH+0x000002b54c609400
# instanceKlass java/lang/invoke/LambdaForm$MH+0x000002b54c609000
# instanceKlass java/lang/invoke/LambdaForm$MH+0x000002b54c608c00
# instanceKlass java/lang/invoke/LambdaForm$MH+0x000002b54c608800
# instanceKlass java/lang/invoke/LambdaForm$MH+0x000002b54c608400
# instanceKlass java/lang/invoke/LambdaForm$MH+0x000002b54c608000
# instanceKlass java/lang/invoke/LambdaForm$MH+0x000002b54c605c00
# instanceKlass java/lang/invoke/LambdaForm$DMH+0x000002b54c605800
# instanceKlass java/lang/invoke/LambdaForm$MH+0x000002b54c605400
# instanceKlass java/lang/invoke/LambdaForm$MH+0x000002b54c605000
# instanceKlass java/lang/invoke/LambdaForm$MH+0x000002b54c604c00
# instanceKlass java/lang/invoke/LambdaForm$MH+0x000002b54c604800
# instanceKlass java/lang/invoke/LambdaForm$MH+0x000002b54c604400
instanceKlass  @bci org/gradle/api/internal/artifacts/dsl/dependencies/DefaultDependencyConstraintHandler_Decorated $gradleInit ()V 1 <appendix> member <vmtarget> ; # org/gradle/api/internal/artifacts/dsl/dependencies/DefaultDependencyConstraintHandler_Decorated$$Lambda+0x000002b54c606e20
instanceKlass org/gradle/api/internal/artifacts/dsl/dependencies/DefaultDependencyConstraintHandler$DependencyConstraintAdder
instanceKlass org/gradle/api/internal/artifacts/dsl/dependencies/DefaultDependencyConstraintHandler$1
instanceKlass org/gradle/api/internal/artifacts/dsl/dependencies/DynamicAddDependencyMethods
instanceKlass org/gradle/api/internal/artifacts/dsl/dependencies/DynamicAddDependencyMethods$DependencyAdder
instanceKlass org/gradle/api/internal/artifacts/dsl/dependencies/DefaultDependencyConstraintHandler
instanceKlass org/gradle/api/internal/notations/DependencyConstraintProjectNotationConverter
instanceKlass org/gradle/api/artifacts/ModuleDependencyCapabilitiesHandler
instanceKlass org/gradle/api/internal/notations/DependencyConstraintNotationParser$MinimalExternalDependencyNotationConverter
instanceKlass org/gradle/api/internal/artifacts/dependencies/AbstractDependencyConstraint
instanceKlass org/gradle/api/internal/artifacts/dependencies/DependencyConstraintInternal
instanceKlass org/gradle/api/internal/notations/DependencyConstraintNotationParser
instanceKlass org/gradle/api/internal/artifacts/DefaultDependencyConstraintFactory
# instanceKlass java/lang/invoke/LambdaForm$MH+0x000002b54c604000
# instanceKlass java/lang/invoke/LambdaForm$MH+0x000002b54c603c00
# instanceKlass java/lang/invoke/LambdaForm$MH+0x000002b54c603800
# instanceKlass java/lang/invoke/LambdaForm$MH+0x000002b54c603400
# instanceKlass java/lang/invoke/LambdaForm$MH+0x000002b54c603000
instanceKlass org/gradle/kotlin/dsl/execution/ExecutableProgram
# instanceKlass java/lang/invoke/LambdaForm$MH+0x000002b54c602400
# instanceKlass java/lang/invoke/LambdaForm$MH+0x000002b54c602000
# instanceKlass java/lang/invoke/LambdaForm$MH+0x000002b54c601c00
# instanceKlass java/lang/invoke/LambdaForm$MH+0x000002b54c601800
# instanceKlass java/lang/invoke/LambdaForm$MH+0x000002b54c601400
# instanceKlass java/lang/invoke/LambdaForm$MH+0x000002b54c601000
# instanceKlass java/lang/invoke/LambdaForm$MH+0x000002b54c600c00
# instanceKlass java/lang/invoke/LambdaForm$MH+0x000002b54c600800
# instanceKlass java/lang/invoke/LambdaForm$BMH+0x000002b54c600400
# instanceKlass java/lang/invoke/LambdaForm$DMH+0x000002b54c600000
instanceKlass com/google/common/collect/Count
instanceKlass org/gradle/api/internal/initialization/loadercache/DefaultClassLoaderCache$CachedClassLoader
instanceKlass org/gradle/internal/fingerprint/impl/DefaultFileSystemLocationFingerprint$1
instanceKlass org/gradle/internal/fingerprint/impl/DefaultFileSystemLocationFingerprint
instanceKlass  @bci org/gradle/api/internal/changedetection/state/PropertiesFileAwareClasspathResourceHasher matchesAnyFilters (Ljava/util/function/Supplier;)Z 15 <appendix> member <vmtarget> ; # org/gradle/api/internal/changedetection/state/PropertiesFileAwareClasspathResourceHasher$$Lambda+0x000002b54c5fbaa8
instanceKlass  @bci org/gradle/internal/io/IoSupplier wrap (Lorg/gradle/internal/io/IoSupplier;)Ljava/util/function/Supplier; 1 <appendix> member <vmtarget> ; # org/gradle/internal/io/IoSupplier$$Lambda+0x000002b54c5fb880
instanceKlass  @bci org/gradle/api/internal/changedetection/state/FallbackHandlingResourceHasher hash (Lorg/gradle/internal/fingerprint/hashing/RegularFileSnapshotContext;)Lorg/gradle/internal/hash/HashCode; 25 <appendix> member <vmtarget> ; # org/gradle/api/internal/changedetection/state/FallbackHandlingResourceHasher$$Lambda+0x000002b54c5fb658
instanceKlass org/gradle/internal/io/IoSupplier
instanceKlass  @bci org/gradle/api/internal/changedetection/state/FallbackHandlingResourceHasher hash (Lorg/gradle/internal/fingerprint/hashing/RegularFileSnapshotContext;)Lorg/gradle/internal/hash/HashCode; 15 <appendix> member <vmtarget> ; # org/gradle/api/internal/changedetection/state/FallbackHandlingResourceHasher$$Lambda+0x000002b54c5fb210
instanceKlass  @bci org/gradle/api/internal/changedetection/state/FallbackHandlingResourceHasher hash (Lorg/gradle/internal/fingerprint/hashing/RegularFileSnapshotContext;)Lorg/gradle/internal/hash/HashCode; 5 <appendix> member <vmtarget> ; # org/gradle/api/internal/changedetection/state/FallbackHandlingResourceHasher$$Lambda+0x000002b54c5fafb8
instanceKlass  @bci org/gradle/internal/fingerprint/classpath/impl/ClasspathFingerprintingStrategy$ClasspathFingerprintingVisitor hashContent (Lorg/gradle/internal/snapshot/RegularFileSnapshot;Lorg/gradle/internal/RelativePathSupplier;)Lorg/gradle/internal/hash/HashCode; 5 <appendix> member <vmtarget> ; # org/gradle/internal/fingerprint/classpath/impl/ClasspathFingerprintingStrategy$ClasspathFingerprintingVisitor$$Lambda+0x000002b54c5fad90
instanceKlass org/gradle/api/internal/changedetection/state/DefaultRegularFileSnapshotContext
instanceKlass  @bci org/gradle/internal/snapshot/DirectorySnapshot accept (Lorg/gradle/internal/snapshot/RelativePathTracker;Lorg/gradle/internal/snapshot/RelativePathTrackingFileSystemSnapshotHierarchyVisitor;)Lorg/gradle/internal/snapshot/SnapshotVisitResult; 81 <appendix> member <vmtarget> ; # org/gradle/internal/snapshot/DirectorySnapshot$$Lambda+0x000002b54c5fa918
instanceKlass  @bci org/gradle/internal/snapshot/DirectorySnapshot accept (Lorg/gradle/internal/snapshot/RelativePathTracker;Lorg/gradle/internal/snapshot/RelativePathTrackingFileSystemSnapshotHierarchyVisitor;)Lorg/gradle/internal/snapshot/SnapshotVisitResult; 69 <appendix> argL0 ; # org/gradle/internal/snapshot/DirectorySnapshot$$Lambda+0x000002b54c5fa6d8
instanceKlass org/gradle/internal/fingerprint/classpath/impl/ClasspathFingerprintingStrategy$ClasspathFingerprintingVisitor$1
instanceKlass org/gradle/internal/fingerprint/hashing/RegularFileSnapshotContext
instanceKlass org/gradle/internal/fingerprint/classpath/impl/ClasspathFingerprintingStrategy$ClasspathFingerprintingVisitor
instanceKlass org/gradle/internal/snapshot/DirectorySnapshot$2
instanceKlass  @bci org/gradle/internal/snapshot/SnapshotUtil getRootHashes (Lorg/gradle/internal/snapshot/FileSystemSnapshot;)Lcom/google/common/collect/ImmutableListMultimap; 17 <appendix> member <vmtarget> ; # org/gradle/internal/snapshot/SnapshotUtil$$Lambda+0x000002b54c5f9be8
instanceKlass org/gradle/internal/fingerprint/impl/DefaultCurrentFileCollectionFingerprint
instanceKlass  @bci org/gradle/api/internal/initialization/loadercache/DefaultClassLoaderCache get (Lorg/gradle/api/internal/initialization/loadercache/ClassLoaderId;Lorg/gradle/internal/classpath/ClassPath;Ljava/lang/ClassLoader;Lorg/gradle/internal/classloader/FilteringClassLoader$Spec;Lorg/gradle/internal/hash/HashCode;)Ljava/lang/ClassLoader; 9 <appendix> member <vmtarget> ; # org/gradle/api/internal/initialization/loadercache/DefaultClassLoaderCache$$Lambda+0x000002b54c5f96f0
instanceKlass org/gradle/api/internal/initialization/ClassLoaderScopeIdentifier$Id
instanceKlass org/gradle/kotlin/dsl/provider/StandardKotlinScriptEvaluator$ScopeBackedCompiledScript
instanceKlass org/gradle/kotlin/dsl/execution/CompiledScript
instanceKlass org/gradle/initialization/ClassLoaderScopeOrigin$Script
instanceKlass  @bci org/gradle/internal/execution/steps/WorkspaceResult getOutputAs (Ljava/lang/Class;)Lorg/gradle/internal/Try; 19 <appendix> member <vmtarget> ; # org/gradle/internal/execution/steps/WorkspaceResult$$Lambda+0x000002b54c5f88f0
instanceKlass  @bci org/gradle/internal/execution/steps/WorkspaceResult getOutputAs (Ljava/lang/Class;)Lorg/gradle/internal/Try; 5 <appendix> member <vmtarget> ; # org/gradle/internal/execution/steps/WorkspaceResult$$Lambda+0x000002b54c5f86a8
instanceKlass org/gradle/internal/scripts/BuildScriptCompilationAndInstrumentation$Output
instanceKlass  @bci org/gradle/internal/execution/steps/AssignImmutableWorkspaceStep lambda$execute$1 (Lorg/gradle/internal/execution/UnitOfWork;Lorg/gradle/internal/execution/workspace/ImmutableWorkspaceProvider$LockingImmutableWorkspace;Lorg/gradle/internal/execution/steps/IdentityContext;)Lorg/gradle/internal/execution/steps/WorkspaceResult; 10 <appendix> member <vmtarget> ; # org/gradle/internal/execution/steps/AssignImmutableWorkspaceStep$$Lambda+0x000002b54c5f8260
instanceKlass org/gradle/internal/Try
instanceKlass org/gradle/internal/execution/Execution$1
instanceKlass org/gradle/internal/execution/history/impl/DefaultExecutionOutputState
instanceKlass  @bci org/gradle/internal/execution/steps/AssignImmutableWorkspaceStep lambda$calculateOutputHashes$6 (Ljava/util/Map$Entry;)Ljava/util/stream/Stream; 15 <appendix> member <vmtarget> ; # org/gradle/internal/execution/steps/AssignImmutableWorkspaceStep$$Lambda+0x000002b54c5f5238
instanceKlass  @bci com/google/common/collect/CollectSpliterators$1WithCharacteristics forEachRemaining (Ljava/util/function/Consumer;)V 9 <appendix> member <vmtarget> ; # com/google/common/collect/CollectSpliterators$1WithCharacteristics$$Lambda+0x000002b54c5f5000
instanceKlass  @cpi com/google/common/collect/CollectSpliterators$1WithCharacteristics 118 form vmentry <vmtarget> ; # java/lang/invoke/LambdaForm$DMH+0x000002b54c5f4800
instanceKlass  @bci com/google/common/collect/CollectCollectors toImmutableListMultimap (Ljava/util/function/Function;Ljava/util/function/Function;)Ljava/util/stream/Collector; 31 <appendix> argL0 ; # com/google/common/collect/CollectCollectors$$Lambda+0x000002b54c5f7cd0
instanceKlass  @bci com/google/common/collect/CollectCollectors toImmutableListMultimap (Ljava/util/function/Function;Ljava/util/function/Function;)Ljava/util/stream/Collector; 26 <appendix> argL0 ; # com/google/common/collect/CollectCollectors$$Lambda+0x000002b54c5f7a88
instanceKlass  @bci com/google/common/collect/CollectCollectors toImmutableListMultimap (Ljava/util/function/Function;Ljava/util/function/Function;)Ljava/util/stream/Collector; 21 <appendix> member <vmtarget> ; # com/google/common/collect/CollectCollectors$$Lambda+0x000002b54c5f7850
instanceKlass  @bci com/google/common/collect/CollectCollectors toImmutableListMultimap (Ljava/util/function/Function;Ljava/util/function/Function;)Ljava/util/stream/Collector; 14 <appendix> argL0 ; # com/google/common/collect/CollectCollectors$$Lambda+0x000002b54c5f7630
instanceKlass  @bci org/gradle/internal/execution/steps/AssignImmutableWorkspaceStep calculateOutputHashes (Lcom/google/common/collect/ImmutableSortedMap;)Lcom/google/common/collect/ImmutableListMultimap; 22 <appendix> argL0 ; # org/gradle/internal/execution/steps/AssignImmutableWorkspaceStep$$Lambda+0x000002b54c5f73f0
instanceKlass  @bci org/gradle/internal/execution/steps/AssignImmutableWorkspaceStep calculateOutputHashes (Lcom/google/common/collect/ImmutableSortedMap;)Lcom/google/common/collect/ImmutableListMultimap; 17 <appendix> argL0 ; # org/gradle/internal/execution/steps/AssignImmutableWorkspaceStep$$Lambda+0x000002b54c5f71b0
instanceKlass  @bci org/gradle/internal/execution/steps/AssignImmutableWorkspaceStep calculateOutputHashes (Lcom/google/common/collect/ImmutableSortedMap;)Lcom/google/common/collect/ImmutableListMultimap; 7 <appendix> argL0 ; # org/gradle/internal/execution/steps/AssignImmutableWorkspaceStep$$Lambda+0x000002b54c5f6f70
instanceKlass java/util/stream/Streams$RangeIntSpliterator
instanceKlass com/google/common/collect/CollectSpliterators$1WithCharacteristics
instanceKlass com/google/common/collect/CollectSpliterators
instanceKlass  @bci com/google/common/collect/ImmutableSortedMap$1EntrySet$1 spliterator ()Ljava/util/Spliterator; 8 <appendix> member <vmtarget> ; # com/google/common/collect/ImmutableSortedMap$1EntrySet$1$$Lambda+0x000002b54c5f68a0
instanceKlass  @cpi com/google/common/collect/ImmutableSortedMap$1EntrySet$1 98 form vmentry <vmtarget> ; # java/lang/invoke/LambdaForm$DMH+0x000002b54c5f4400
instanceKlass  @bci org/gradle/internal/snapshot/DirectorySnapshot getChildSnapshot (Lorg/gradle/internal/snapshot/VfsRelativePath;Lorg/gradle/internal/snapshot/CaseSensitivity;)Ljava/util/Optional; 15 <appendix> member <vmtarget> ; # org/gradle/internal/snapshot/DirectorySnapshot$$Lambda+0x000002b54c5f6000
instanceKlass  @bci org/gradle/internal/snapshot/DirectorySnapshot getChildSnapshot (Lorg/gradle/internal/snapshot/VfsRelativePath;Lorg/gradle/internal/snapshot/CaseSensitivity;)Ljava/util/Optional; 6 <appendix> argL0 ; # org/gradle/internal/snapshot/DirectorySnapshot$$Lambda+0x000002b54c5f3cb0
instanceKlass org/gradle/internal/execution/OutputVisitor$OutputFileValueSupplier
instanceKlass org/gradle/internal/execution/InputVisitor$FileValueSupplier
instanceKlass org/gradle/internal/execution/impl/DefaultOutputSnapshotter$1
instanceKlass org/gradle/internal/execution/history/ImmutableWorkspaceMetadata
instanceKlass org/gradle/caching/internal/origin/OriginMetadata
instanceKlass org/gradle/internal/execution/steps/AssignImmutableWorkspaceStep$2
instanceKlass  @bci org/gradle/internal/snapshot/DirectorySnapshot <init> (Ljava/lang/String;Ljava/lang/String;Lorg/gradle/internal/file/FileMetadata$AccessType;Lorg/gradle/internal/hash/HashCode;Ljava/util/List;)V 13 <appendix> argL0 ; # org/gradle/internal/snapshot/DirectorySnapshot$$Lambda+0x000002b54c5f2660
instanceKlass  @bci java/util/Comparator comparing (Ljava/util/function/Function;Ljava/util/Comparator;)Ljava/util/Comparator; 12 <appendix> member <vmtarget> ; # java/util/Comparator$$Lambda+0x000002b54c2e1890
instanceKlass  @cpi java/util/Comparator 256 form vmentry <vmtarget> ; # java/lang/invoke/LambdaForm$DMH+0x000002b54c5f4000
instanceKlass  @bci org/gradle/internal/snapshot/FileSystemLocationSnapshot <clinit> ()V 5 <appendix> argL0 ; # org/gradle/internal/snapshot/FileSystemLocationSnapshot$$Lambda+0x000002b54c5f1ff8
instanceKlass  @bci org/gradle/internal/snapshot/FileSystemLocationSnapshot <clinit> ()V 0 <appendix> argL0 ; # org/gradle/internal/snapshot/FileSystemLocationSnapshot$$Lambda+0x000002b54c5f1db8
instanceKlass org/gradle/internal/snapshot/MerkleDirectorySnapshotBuilder$Directory
instanceKlass java/nio/file/Files$3
instanceKlass java/nio/file/FileTreeWalker$Event
instanceKlass java/nio/file/FileTreeWalker$DirectoryNode
instanceKlass java/nio/file/FileTreeWalker
instanceKlass org/gradle/internal/snapshot/MerkleDirectorySnapshotBuilder
instanceKlass org/gradle/internal/snapshot/impl/FilteredTrackingMerkleDirectorySnapshotBuilder
instanceKlass org/gradle/internal/snapshot/DirectorySnapshotBuilder
instanceKlass  @bci org/gradle/internal/snapshot/impl/DirectorySnapshotter$PathVisitor <init> (Lorg/gradle/internal/snapshot/SnapshottingFilter$DirectoryWalkerPredicate;Ljava/util/concurrent/atomic/AtomicBoolean;Lorg/gradle/internal/hash/FileHasher;Lcom/google/common/collect/Interner;Lorg/gradle/internal/snapshot/impl/DirectorySnapshotter$DefaultExcludes;Lorg/gradle/internal/snapshot/impl/DirectorySnapshotterStatistics$Collector;Lorg/gradle/internal/snapshot/impl/DirectorySnapshotter$SymbolicLinkMapping;Ljava/util/Map;Ljava/util/function/Consumer;)V 41 <appendix> member <vmtarget> ; # org/gradle/internal/snapshot/impl/DirectorySnapshotter$PathVisitor$$Lambda+0x000002b54c5f0770
instanceKlass org/gradle/internal/snapshot/RelativePathTracker
instanceKlass org/gradle/internal/snapshot/impl/DirectorySnapshotterStatistics$CollectingFileVisitor
instanceKlass  @bci org/gradle/internal/vfs/impl/DefaultFileSystemAccess lambda$snapshotAndReuse$11 (Ljava/lang/String;Lorg/gradle/internal/snapshot/SnapshottingFilter;Lcom/google/common/collect/ImmutableMap;Lorg/gradle/internal/vfs/VirtualFileSystem$VfsStorer;)Ljava/util/Optional; 179 <appendix> member <vmtarget> ; # org/gradle/internal/vfs/impl/DefaultFileSystemAccess$$Lambda+0x000002b54c5edd40
instanceKlass org/gradle/internal/file/impl/DefaultFileMetadata$1
instanceKlass java/util/IdentityHashMap$IdentityHashMapIterator
instanceKlass  @bci org/gradle/cache/internal/DefaultMultiProcessSafeIndexedCache finishWork ()V 12 <appendix> member <vmtarget> ; # org/gradle/cache/internal/DefaultMultiProcessSafeIndexedCache$$Lambda+0x000002b54c5ef810
instanceKlass org/gradle/cache/internal/btree/BTreePersistentIndexedCache$DataBlockUpdateResult
instanceKlass  @bci org/gradle/internal/execution/workspace/impl/CacheBasedImmutableWorkspaceProvider$CacheContainer withFileLock (Ljava/util/function/Supplier;)Ljava/lang/Object; 6 <appendix> member <vmtarget> ; # org/gradle/internal/execution/workspace/impl/CacheBasedImmutableWorkspaceProvider$CacheContainer$$Lambda+0x000002b54c5ef3c8
instanceKlass  @bci org/gradle/cache/internal/DefaultMultiProcessSafeIndexedCache put (Ljava/lang/Object;Ljava/lang/Object;)V 12 <appendix> member <vmtarget> ; # org/gradle/cache/internal/DefaultMultiProcessSafeIndexedCache$$Lambda+0x000002b54c5ef1a0
instanceKlass  @bci org/gradle/internal/execution/workspace/impl/CacheBasedImmutableWorkspaceProvider$2 withWorkspaceLock (Ljava/util/function/Supplier;)Ljava/lang/Object; 16 <appendix> member <vmtarget> ; # org/gradle/internal/execution/workspace/impl/CacheBasedImmutableWorkspaceProvider$2$$Lambda+0x000002b54c5eef58
instanceKlass org/gradle/internal/execution/workspace/impl/CacheBasedImmutableWorkspaceProvider$CacheContainer
instanceKlass  @bci org/gradle/internal/execution/steps/AssignImmutableWorkspaceStep execute (Lorg/gradle/internal/execution/UnitOfWork;Lorg/gradle/internal/execution/steps/IdentityContext;)Lorg/gradle/internal/execution/steps/WorkspaceResult; 48 <appendix> member <vmtarget> ; # org/gradle/internal/execution/steps/AssignImmutableWorkspaceStep$$Lambda+0x000002b54c5eeb10
instanceKlass org/gradle/internal/execution/workspace/impl/CacheBasedImmutableWorkspaceProvider$2
instanceKlass  @bci org/gradle/cache/internal/AsyncCacheAccessDecoratedCache putLater (Ljava/lang/Object;Ljava/lang/Object;Ljava/lang/Runnable;)V 8 <appendix> member <vmtarget> ; # org/gradle/cache/internal/AsyncCacheAccessDecoratedCache$$Lambda+0x000002b54c5ee698
instanceKlass  @bci org/gradle/internal/execution/steps/ExecuteWorkBuildOperationFiringStep execute (Lorg/gradle/internal/execution/UnitOfWork;Lorg/gradle/internal/execution/steps/IdentityContext;)Lorg/gradle/internal/execution/steps/CachingResult; 20 <appendix> member <vmtarget> ; # org/gradle/internal/execution/steps/ExecuteWorkBuildOperationFiringStep$$Lambda+0x000002b54c5ee470
instanceKlass  @bci org/gradle/internal/execution/steps/ExecuteWorkBuildOperationFiringStep execute (Lorg/gradle/internal/execution/UnitOfWork;Lorg/gradle/internal/execution/steps/IdentityContext;)Lorg/gradle/internal/execution/steps/CachingResult; 9 <appendix> member <vmtarget> ; # org/gradle/internal/execution/steps/ExecuteWorkBuildOperationFiringStep$$Lambda+0x000002b54c5ee228
instanceKlass  @bci org/gradle/internal/scripts/BuildScriptCompilationAndInstrumentation identify (Ljava/util/Map;Ljava/util/Map;)Lorg/gradle/internal/execution/Identity; 34 <appendix> member <vmtarget> ; # org/gradle/internal/scripts/BuildScriptCompilationAndInstrumentation$$Lambda+0x000002b54c5ee000
instanceKlass org/gradle/internal/execution/Identity
instanceKlass  @bci org/gradle/internal/scripts/BuildScriptCompilationAndInstrumentation identify (Ljava/util/Map;Ljava/util/Map;)Lorg/gradle/internal/execution/Identity; 11 <appendix> member <vmtarget> ; # org/gradle/internal/scripts/BuildScriptCompilationAndInstrumentation$$Lambda+0x000002b54c5ebb10
instanceKlass  @bci com/google/common/collect/ImmutableSortedMap fromEntries (Ljava/util/Comparator;Z[Ljava/util/Map$Entry;I)Lcom/google/common/collect/ImmutableSortedMap; 152 <appendix> member <vmtarget> ; # com/google/common/collect/ImmutableSortedMap$$Lambda+0x000002b54c5eb870
instanceKlass org/gradle/internal/execution/impl/DefaultInputFingerprinter$InputFingerprints
instanceKlass org/gradle/internal/snapshot/FileSystemSnapshot$1
instanceKlass org/gradle/api/tasks/util/internal/PatternSets
instanceKlass org/gradle/api/internal/file/FileCollectionExecutionTimeValue
instanceKlass org/gradle/kotlin/dsl/provider/StandardKotlinScriptEvaluator$KotlinScriptCompilationAndInstrumentation$visitImmutableInputs$7
instanceKlass  @bci org/gradle/kotlin/dsl/normalization/CurrentFileCollectionFingerprintImpl <init> (Ljava/util/Map;)V 17 <appendix> member <vmtarget> ; # org/gradle/kotlin/dsl/normalization/CurrentFileCollectionFingerprintImpl$$Lambda+0x000002b54c5ea6a8
instanceKlass org/gradle/kotlin/dsl/normalization/CurrentFileCollectionFingerprintImpl
instanceKlass  @bci org/gradle/cache/internal/InMemoryDecoratedCache get (Ljava/lang/Object;Ljava/util/function/Function;Ljava/lang/Runnable;)Ljava/lang/Object; 96 <adapter> ; # java/lang/invoke/LambdaForm$MH+0x000002b54c5ecc00
# instanceKlass java/lang/invoke/LambdaForm$DMH+0x000002b54c5ec800
instanceKlass  @bci org/gradle/cache/internal/InMemoryDecoratedCache get (Ljava/lang/Object;Ljava/util/function/Function;Ljava/lang/Runnable;)Ljava/lang/Object; 96 <appendix> form vmentry <vmtarget> ; # java/lang/invoke/LambdaForm$DMH+0x000002b54c5ec400
instanceKlass  @bci org/gradle/cache/internal/InMemoryDecoratedCache get (Ljava/lang/Object;Ljava/util/function/Function;Ljava/lang/Runnable;)Ljava/lang/Object; 96 <appendix> member <vmtarget> ; # org/gradle/cache/internal/InMemoryDecoratedCache$$Lambda+0x000002b54c5e9dd0
instanceKlass  @cpi org/gradle/cache/internal/InMemoryDecoratedCache 235 form vmentry <vmtarget> ; # java/lang/invoke/LambdaForm$DMH+0x000002b54c5ec000
instanceKlass org/gradle/kotlin/dsl/normalization/KotlinDslCompileAvoidanceClasspathHashCache$sam$java_util_function_Supplier$0
instanceKlass  @bci org/gradle/kotlin/dsl/normalization/KotlinCompileClasspathFingerprinter$fingerprint$1 visitEntry (Lorg/gradle/internal/snapshot/FileSystemLocationSnapshot;)Lorg/gradle/internal/snapshot/SnapshotVisitResult; 74 <appendix> member <vmtarget> ; # org/gradle/kotlin/dsl/normalization/KotlinCompileClasspathFingerprinter$fingerprint$1$$Lambda+0x000002b54c5e9980
instanceKlass org/gradle/kotlin/dsl/normalization/KotlinCompileClasspathFingerprinter$fingerprint$1
instanceKlass org/gradle/internal/snapshot/CompositeFileSystemSnapshot
instanceKlass org/gradle/internal/snapshot/SearchUtil
instanceKlass  @bci org/gradle/internal/snapshot/AbstractListChildMap findChildIndexWithCommonPrefix (Lorg/gradle/internal/snapshot/VfsRelativePath;Lorg/gradle/internal/snapshot/CaseSensitivity;)I 6 <appendix> member <vmtarget> ; # org/gradle/internal/snapshot/AbstractListChildMap$$Lambda+0x000002b54c5e86e0
instanceKlass  @bci org/gradle/internal/snapshot/AbstractIncompleteFileSystemNode$2 lambda$createNodeFromChildren$1 (Lorg/gradle/internal/snapshot/FileSystemNode;)Z 7 <appendix> member <vmtarget> ; # org/gradle/internal/snapshot/AbstractIncompleteFileSystemNode$2$$Lambda+0x000002b54c5e8498
instanceKlass  @bci org/gradle/internal/snapshot/AbstractIncompleteFileSystemNode anyChildMatches (Lorg/gradle/internal/snapshot/ChildMap;Ljava/util/function/Predicate;)Z 6 <appendix> argL0 ; # org/gradle/internal/snapshot/AbstractIncompleteFileSystemNode$$Lambda+0x000002b54c5e8258
instanceKlass  @bci org/gradle/internal/snapshot/AbstractIncompleteFileSystemNode$2 createNodeFromChildren (Lorg/gradle/internal/snapshot/ChildMap;)Lorg/gradle/internal/snapshot/FileSystemNode; 2 <appendix> member <vmtarget> ; # org/gradle/internal/snapshot/AbstractIncompleteFileSystemNode$2$$Lambda+0x000002b54c5e8000
instanceKlass org/gradle/internal/snapshot/AbstractListChildMap
instanceKlass org/gradle/internal/snapshot/PathUtil$1
instanceKlass org/gradle/internal/snapshot/ChildMapFactory
instanceKlass org/gradle/internal/snapshot/AbstractStorePathRelationshipHandler
instanceKlass org/gradle/internal/snapshot/AbstractIncompleteFileSystemNode$2
instanceKlass  @bci org/gradle/internal/vfs/impl/DefaultSnapshotHierarchy rootSnapshotsUnder (Ljava/lang/String;)Ljava/util/stream/Stream; 13 <appendix> argL0 ; # org/gradle/internal/vfs/impl/DefaultSnapshotHierarchy$$Lambda+0x000002b54c5e73f8
instanceKlass  @bci org/gradle/internal/vfs/impl/DefaultSnapshotHierarchy rootSnapshotsUnder (Ljava/lang/String;)Ljava/util/stream/Stream; 5 <appendix> argL0 ; # org/gradle/internal/vfs/impl/DefaultSnapshotHierarchy$$Lambda+0x000002b54c5e71b8
instanceKlass org/gradle/internal/snapshot/SnapshotUtil$1
instanceKlass  @bci org/gradle/internal/snapshot/AbstractIncompleteFileSystemNode getSnapshot (Lorg/gradle/internal/snapshot/VfsRelativePath;Lorg/gradle/internal/snapshot/CaseSensitivity;)Ljava/util/Optional; 6 <appendix> argL0 ; # org/gradle/internal/snapshot/AbstractIncompleteFileSystemNode$$Lambda+0x000002b54c5e6d18
instanceKlass  @bci org/gradle/internal/vfs/impl/DefaultFileSystemAccess read (Ljava/lang/String;)Lorg/gradle/internal/snapshot/FileSystemLocationSnapshot; 21 <appendix> member <vmtarget> ; # org/gradle/internal/vfs/impl/DefaultFileSystemAccess$$Lambda+0x000002b54c5e6af0
instanceKlass org/gradle/internal/snapshot/impl/FileSystemSnapshotFilter
instanceKlass  @bci org/gradle/internal/vfs/impl/DefaultSnapshotHierarchy hasDescendantsUnder (Ljava/lang/String;)Z 5 <appendix> argL0 ; # org/gradle/internal/vfs/impl/DefaultSnapshotHierarchy$$Lambda+0x000002b54c5e66a8
instanceKlass  @cpi org/gradle/internal/vfs/impl/DefaultSnapshotHierarchy 211 form vmentry <vmtarget> ; # java/lang/invoke/LambdaForm$DMH+0x000002b54c5e5000
instanceKlass  @bci org/gradle/internal/snapshot/ChildMap$Entry withNode (Lorg/gradle/internal/snapshot/VfsRelativePath;Lorg/gradle/internal/snapshot/CaseSensitivity;Lorg/gradle/internal/snapshot/ChildMap$NodeHandler;)Ljava/lang/Object; 13 <appendix> member <vmtarget> ; # org/gradle/internal/snapshot/ChildMap$Entry$$Lambda+0x000002b54c5e6480
instanceKlass org/gradle/internal/snapshot/SnapshotUtil$2
instanceKlass org/gradle/internal/snapshot/FileSystemLocationSnapshot$FileSystemLocationSnapshotTransformer
instanceKlass org/gradle/internal/snapshot/SnapshotUtil
instanceKlass  @bci org/gradle/internal/watch/registry/impl/HierarchicalFileWatcherUpdater handleVirtualFileSystemContentsChanged (Ljava/util/Collection;Ljava/util/Collection;Lorg/gradle/internal/snapshot/SnapshotHierarchy;)Z 9 <appendix> member <vmtarget> ; # org/gradle/internal/watch/registry/impl/HierarchicalFileWatcherUpdater$$Lambda+0x000002b54c5e3af0
instanceKlass  @bci org/gradle/internal/watch/vfs/impl/WatchingVirtualFileSystem lambda$updateNotifyingListeners$1 (Lorg/gradle/internal/watch/registry/impl/SnapshotCollectingDiffListener;Lorg/gradle/internal/snapshot/SnapshotHierarchy;)V 3 <appendix> member <vmtarget> ; # org/gradle/internal/watch/vfs/impl/WatchingVirtualFileSystem$$Lambda+0x000002b54c5e38c8
instanceKlass org/gradle/internal/snapshot/SnapshotHierarchy$SnapshotDiffListener
instanceKlass  @bci org/gradle/internal/watch/vfs/impl/WatchingVirtualFileSystem withWatcherChangeErrorHandling (Lorg/gradle/internal/snapshot/SnapshotHierarchy;Ljava/lang/Runnable;)Lorg/gradle/internal/snapshot/SnapshotHierarchy; 4 <appendix> member <vmtarget> ; # org/gradle/internal/watch/vfs/impl/WatchingVirtualFileSystem$$Lambda+0x000002b54c5e34a0
instanceKlass  @bci org/gradle/internal/watch/vfs/impl/WatchingVirtualFileSystem updateNotifyingListeners (Lorg/gradle/internal/vfs/impl/AbstractVirtualFileSystem$UpdateFunction;)Lorg/gradle/internal/snapshot/SnapshotHierarchy; 38 <appendix> member <vmtarget> ; # org/gradle/internal/watch/vfs/impl/WatchingVirtualFileSystem$$Lambda+0x000002b54c5e3278
instanceKlass  @bci org/gradle/internal/watch/registry/impl/SnapshotCollectingDiffListener nodeAdded (Lorg/gradle/internal/snapshot/FileSystemNode;)V 15 <appendix> member <vmtarget> ; # org/gradle/internal/watch/registry/impl/SnapshotCollectingDiffListener$$Lambda+0x000002b54c5e3040
instanceKlass  @bci org/gradle/internal/snapshot/AbstractIncompleteFileSystemNode rootSnapshots ()Ljava/util/stream/Stream; 19 <appendix> argL0 ; # org/gradle/internal/snapshot/AbstractIncompleteFileSystemNode$$Lambda+0x000002b54c5e2e00
instanceKlass  @bci org/gradle/internal/snapshot/AbstractIncompleteFileSystemNode rootSnapshots ()Ljava/util/stream/Stream; 9 <appendix> argL0 ; # org/gradle/internal/snapshot/AbstractIncompleteFileSystemNode$$Lambda+0x000002b54c5e2bc0
instanceKlass org/gradle/internal/snapshot/ChildMap$InvalidationHandler
instanceKlass org/gradle/internal/snapshot/AbstractIncompleteFileSystemNode
instanceKlass org/gradle/internal/snapshot/ChildMap$Entry
instanceKlass org/gradle/internal/snapshot/ChildMap$Entry$PathRelationshipHandler
instanceKlass org/gradle/internal/snapshot/SingletonChildMap
instanceKlass org/gradle/internal/watch/registry/impl/SnapshotCollectingDiffListener
instanceKlass  @bci org/gradle/internal/vfs/impl/AbstractVirtualFileSystem lambda$storeIfUnchanged$3 (Ljava/lang/String;JLjava/util/concurrent/atomic/AtomicBoolean;Lorg/gradle/internal/snapshot/FileSystemLocationSnapshot;Lorg/gradle/internal/snapshot/SnapshotHierarchy;)Lorg/gradle/internal/snapshot/SnapshotHierarchy; 29 <appendix> member <vmtarget> ; # org/gradle/internal/vfs/impl/AbstractVirtualFileSystem$$Lambda+0x000002b54c5e1948
instanceKlass org/gradle/internal/vfs/impl/AbstractVirtualFileSystem$UpdateFunction
instanceKlass  @bci org/gradle/internal/vfs/impl/AbstractVirtualFileSystem storeIfUnchanged (Ljava/lang/String;JLorg/gradle/internal/snapshot/FileSystemLocationSnapshot;)V 35 <adapter> ; # java/lang/invoke/LambdaForm$MH+0x000002b54c5e4c00
# instanceKlass java/lang/invoke/LambdaForm$DMH+0x000002b54c5e4800
instanceKlass  @bci org/gradle/internal/vfs/impl/AbstractVirtualFileSystem storeIfUnchanged (Ljava/lang/String;JLorg/gradle/internal/snapshot/FileSystemLocationSnapshot;)V 35 <appendix> form vmentry <vmtarget> ; # java/lang/invoke/LambdaForm$DMH+0x000002b54c5e4400
instanceKlass  @bci org/gradle/internal/vfs/impl/AbstractVirtualFileSystem storeIfUnchanged (Ljava/lang/String;JLorg/gradle/internal/snapshot/FileSystemLocationSnapshot;)V 35 <appendix> member <vmtarget> ; # org/gradle/internal/vfs/impl/AbstractVirtualFileSystem$$Lambda+0x000002b54c5e14e0
instanceKlass  @cpi org/gradle/internal/vfs/impl/AbstractVirtualFileSystem 286 form vmentry <vmtarget> ; # java/lang/invoke/LambdaForm$DMH+0x000002b54c5e4000
instanceKlass org/gradle/internal/RelativePathSupplier
instanceKlass org/gradle/api/internal/changedetection/state/CachingFileHasher$FileInfo
instanceKlass org/gradle/internal/io/StreamByteBuffer$StreamByteBufferChunk
instanceKlass org/gradle/internal/io/StreamByteBuffer
instanceKlass org/gradle/cache/internal/btree/BTreePersistentIndexedCache$Lookup
instanceKlass org/gradle/cache/internal/btree/BTreePersistentIndexedCache$IndexEntry
instanceKlass  @bci org/gradle/cache/internal/DefaultMultiProcessSafeIndexedCache getIfPresent (Ljava/lang/Object;)Ljava/lang/Object; 11 <appendix> member <vmtarget> ; # org/gradle/cache/internal/DefaultMultiProcessSafeIndexedCache$$Lambda+0x000002b54c5e0000
instanceKlass org/gradle/cache/internal/btree/BTreePersistentIndexedCache$IndexRoot
instanceKlass com/google/common/primitives/Longs
instanceKlass org/gradle/cache/internal/btree/BlockPointer
instanceKlass org/gradle/cache/internal/btree/ByteInput
instanceKlass org/gradle/cache/internal/btree/ByteOutput
instanceKlass org/gradle/cache/internal/btree/FreeListBlockStore$2
instanceKlass org/gradle/cache/internal/btree/FreeListBlockStore$1
instanceKlass org/gradle/cache/internal/btree/BTreePersistentIndexedCache$2
instanceKlass org/gradle/cache/internal/btree/BTreePersistentIndexedCache$1
instanceKlass org/gradle/cache/internal/btree/FreeListBlockStore
instanceKlass org/gradle/cache/internal/btree/StateCheckBlockStore
instanceKlass org/gradle/cache/internal/btree/Block
instanceKlass org/gradle/cache/internal/btree/FileBackedBlockStore
instanceKlass org/gradle/cache/internal/btree/CachingBlockStore
instanceKlass org/gradle/cache/internal/btree/KeyHasher
instanceKlass org/gradle/cache/internal/btree/BlockStore$Factory
instanceKlass org/gradle/cache/internal/btree/BlockPayload
instanceKlass org/gradle/cache/internal/btree/BlockStore
instanceKlass  @bci org/gradle/cache/internal/DefaultMultiProcessSafeIndexedCache getCache ()Lorg/gradle/cache/internal/btree/BTreePersistentIndexedCache; 12 <appendix> member <vmtarget> ; # org/gradle/cache/internal/DefaultMultiProcessSafeIndexedCache$$Lambda+0x000002b54c5daa70
instanceKlass org/gradle/cache/internal/ExclusiveCacheAccessingWorker$1
instanceKlass org/gradle/cache/internal/ExclusiveCacheAccessingWorker$FlushOperationsCommand
instanceKlass org/gradle/cache/internal/ExclusiveCacheAccessingWorker$ShutdownOperationsCommand
instanceKlass  @bci org/gradle/cache/internal/ExclusiveCacheAccessingWorker read (Ljava/util/function/Supplier;)Ljava/lang/Object; 10 <appendix> member <vmtarget> ; # org/gradle/cache/internal/ExclusiveCacheAccessingWorker$$Lambda+0x000002b54c5da1b0
instanceKlass  @bci org/gradle/cache/internal/AsyncCacheAccessDecoratedCache get (Ljava/lang/Object;)Ljava/lang/Object; 6 <appendix> member <vmtarget> ; # org/gradle/cache/internal/AsyncCacheAccessDecoratedCache$$Lambda+0x000002b54c5d9f88
instanceKlass  @bci org/gradle/cache/internal/InMemoryDecoratedCache get (Ljava/lang/Object;)Ljava/lang/Object; 7 <appendix> member <vmtarget> ; # org/gradle/cache/internal/InMemoryDecoratedCache$$Lambda+0x000002b54c5d9d60
instanceKlass  @bci org/gradle/cache/internal/CrossProcessSynchronizingIndexedCache getIfPresent (Ljava/lang/Object;)Ljava/lang/Object; 6 <appendix> member <vmtarget> ; # org/gradle/cache/internal/CrossProcessSynchronizingIndexedCache$$Lambda+0x000002b54c5d9b38
instanceKlass org/gradle/internal/vfs/impl/DefaultFileSystemAccess$1
instanceKlass org/gradle/internal/file/impl/DefaultFileMetadata
instanceKlass org/gradle/internal/file/FileMetadata
instanceKlass  @bci org/gradle/api/internal/initialization/transform/registration/InstrumentationTransformRegisterer registerInstrumentationAndUpgradesPipeline (JLorg/gradle/api/artifacts/dsl/DependencyHandler;Lorg/gradle/api/provider/Provider;)V 6 <adapter> ; # java/lang/invoke/LambdaForm$MH+0x000002b54c5dc800
instanceKlass  @bci org/gradle/api/internal/initialization/transform/registration/InstrumentationTransformRegisterer registerInstrumentationAndUpgradesPipeline (JLorg/gradle/api/artifacts/dsl/DependencyHandler;Lorg/gradle/api/provider/Provider;)V 6 <appendix> form vmentry <vmtarget> ; # java/lang/invoke/LambdaForm$DMH+0x000002b54c5dc400
instanceKlass  @bci org/gradle/internal/vfs/impl/AbstractVirtualFileSystem storeWithAction (Ljava/lang/String;Lorg/gradle/internal/vfs/VirtualFileSystem$StoringAction;)Ljava/lang/Object; 12 <appendix> member <vmtarget> ; # org/gradle/internal/vfs/impl/AbstractVirtualFileSystem$$Lambda+0x000002b54c5d8c18
instanceKlass  @cpi org/gradle/internal/vfs/impl/AbstractVirtualFileSystem 282 form vmentry <vmtarget> ; # java/lang/invoke/LambdaForm$DMH+0x000002b54c5dc000
instanceKlass org/gradle/internal/vfs/impl/VersionHierarchy$1
instanceKlass  @bci org/gradle/internal/snapshot/PathUtil <clinit> ()V 46 <appendix> argL0 ; # org/gradle/internal/snapshot/PathUtil$$Lambda+0x000002b54c5d8700
instanceKlass  @bci org/gradle/internal/snapshot/PathUtil <clinit> ()V 38 <appendix> argL0 ; # org/gradle/internal/snapshot/PathUtil$$Lambda+0x000002b54c5d8468
instanceKlass org/gradle/internal/snapshot/PathUtil
instanceKlass org/gradle/internal/snapshot/VfsRelativePath
instanceKlass  @bci org/gradle/internal/vfs/impl/DefaultFileSystemAccess snapshotAndReuse (Ljava/lang/String;Lorg/gradle/internal/snapshot/SnapshottingFilter;Lcom/google/common/collect/ImmutableMap;)Ljava/util/Optional; 9 <appendix> member <vmtarget> ; # org/gradle/internal/vfs/impl/DefaultFileSystemAccess$$Lambda+0x000002b54c5d7cf8
instanceKlass org/gradle/internal/vfs/VirtualFileSystem$VfsStorer
instanceKlass org/gradle/internal/vfs/VirtualFileSystem$StoringAction
instanceKlass  @bci org/gradle/internal/vfs/impl/DefaultFileSystemAccess snapshot (Ljava/lang/String;Lorg/gradle/internal/snapshot/SnapshottingFilter;)Ljava/util/Optional; 10 <appendix> argL0 ; # org/gradle/internal/vfs/impl/DefaultFileSystemAccess$$Lambda+0x000002b54c5d76b8
instanceKlass org/gradle/internal/snapshot/SnapshottingFilter$1
instanceKlass  @bci org/gradle/internal/vfs/impl/DefaultFileSystemAccess lambda$readSnapshotFromLocation$10 (Ljava/lang/String;Ljava/util/function/Function;Ljava/util/function/Supplier;)Ljava/lang/Object; 9 <appendix> member <vmtarget> ; # org/gradle/internal/vfs/impl/DefaultFileSystemAccess$$Lambda+0x000002b54c5d7248
instanceKlass  @bci org/gradle/internal/vfs/impl/DefaultFileSystemAccess readSnapshotFromLocation (Ljava/lang/String;Ljava/util/function/Function;Ljava/util/function/Supplier;)Ljava/lang/Object; 18 <appendix> member <vmtarget> ; # org/gradle/internal/vfs/impl/DefaultFileSystemAccess$$Lambda+0x000002b54c5d7020
instanceKlass  @bci org/gradle/internal/snapshot/SnapshotHierarchy findSnapshot (Ljava/lang/String;)Ljava/util/Optional; 29 <appendix> member <vmtarget> ; # org/gradle/internal/snapshot/SnapshotHierarchy$$Lambda+0x000002b54c5d6dd8
instanceKlass  @bci org/gradle/internal/snapshot/SnapshotHierarchy findSnapshot (Ljava/lang/String;)Ljava/util/Optional; 14 <appendix> member <vmtarget> ; # org/gradle/internal/snapshot/SnapshotHierarchy$$Lambda+0x000002b54c5d6b80
instanceKlass  @bci org/gradle/internal/vfs/impl/DefaultFileSystemAccess read (Ljava/lang/String;)Lorg/gradle/internal/snapshot/FileSystemLocationSnapshot; 9 <appendix> member <vmtarget> ; # org/gradle/internal/vfs/impl/DefaultFileSystemAccess$$Lambda+0x000002b54c5d6958
instanceKlass  @bci org/gradle/internal/vfs/impl/DefaultFileSystemAccess read (Ljava/lang/String;)Lorg/gradle/internal/snapshot/FileSystemLocationSnapshot; 2 <appendix> argL0 ; # org/gradle/internal/vfs/impl/DefaultFileSystemAccess$$Lambda+0x000002b54c5d6718
instanceKlass org/gradle/internal/snapshot/SnapshottingFilter
instanceKlass org/gradle/api/internal/file/DelegatingFileCollectionStructureVisitor
instanceKlass org/gradle/kotlin/dsl/provider/StandardKotlinScriptEvaluator$KotlinScriptCompilationAndInstrumentation$visitImmutableInputs$6
instanceKlass org/gradle/kotlin/dsl/provider/StandardKotlinScriptEvaluator$KotlinScriptCompilationAndInstrumentation$visitImmutableInputs$5
instanceKlass org/gradle/kotlin/dsl/provider/StandardKotlinScriptEvaluator$KotlinScriptCompilationAndInstrumentation$visitImmutableInputs$4
instanceKlass org/gradle/kotlin/dsl/provider/StandardKotlinScriptEvaluator$KotlinScriptCompilationAndInstrumentation$visitImmutableInputs$3
instanceKlass org/gradle/kotlin/dsl/provider/StandardKotlinScriptEvaluator$KotlinScriptCompilationAndInstrumentation$visitImmutableInputs$2
instanceKlass org/gradle/kotlin/dsl/provider/StandardKotlinScriptEvaluator$KotlinScriptCompilationAndInstrumentation$visitImmutableInputs$1
instanceKlass  @bci org/gradle/internal/scripts/BuildScriptCompilationAndInstrumentation visitImmutableInputs (Lorg/gradle/internal/execution/InputVisitor;)V 12 <appendix> member <vmtarget> ; # org/gradle/internal/scripts/BuildScriptCompilationAndInstrumentation$$Lambda+0x000002b54c5d49c0
instanceKlass org/gradle/internal/execution/InputVisitor$ValueSupplier
instanceKlass org/gradle/internal/execution/InputFingerprinter$Result
instanceKlass org/gradle/internal/execution/impl/DefaultInputFingerprinter$InputCollectingVisitor
instanceKlass org/gradle/api/internal/file/FileCollectionStructureVisitor$1
instanceKlass  @bci org/gradle/internal/execution/steps/IdentifyStep createIdentityContext (Lorg/gradle/internal/execution/UnitOfWork;Lorg/gradle/internal/execution/steps/ExecutionRequestContext;)Lorg/gradle/internal/execution/steps/IdentityContext; 24 <appendix> member <vmtarget> ; # org/gradle/internal/execution/steps/IdentifyStep$$Lambda+0x000002b54c5d3768
instanceKlass  @bci org/gradle/internal/execution/WorkValidationContext$TypeOriginInspector <clinit> ()V 0 <appendix> argL0 ; # org/gradle/internal/execution/WorkValidationContext$TypeOriginInspector$$Lambda+0x000002b54c5d29e8
instanceKlass org/gradle/internal/execution/impl/DefaultWorkValidationContext
instanceKlass org/gradle/internal/execution/impl/DefaultExecutionEngine$1
instanceKlass org/gradle/kotlin/dsl/provider/StandardKotlinScriptEvaluator$KotlinScriptCompilationAndInstrumentation$Companion
instanceKlass org/gradle/internal/execution/WorkOutput
instanceKlass org/gradle/internal/instrumentation/reporting/listener/MethodInterceptionListener
instanceKlass org/gradle/internal/scripts/BuildScriptCompilationAndInstrumentation
instanceKlass org/gradle/internal/execution/ImmutableUnitOfWork
instanceKlass  @bci org/gradle/kotlin/dsl/execution/Interpreter compile (Lorg/gradle/kotlin/dsl/support/KotlinScriptHost;Lorg/gradle/kotlin/dsl/execution/ProgramId;Ljava/lang/String;Lorg/gradle/groovy/scripts/ScriptSource;Lorg/gradle/kotlin/dsl/execution/ProgramKind;Lorg/gradle/kotlin/dsl/execution/ProgramTarget;Lorg/gradle/internal/classpath/ClassPath;Lorg/gradle/internal/classpath/ClassPath;Lorg/gradle/api/internal/file/temp/TemporaryFileProvider;)Ljava/io/File; 33 <appendix> member <vmtarget> ; # org/gradle/kotlin/dsl/execution/Interpreter$$Lambda+0x000002b54c5d1348
instanceKlass org/gradle/kotlin/dsl/support/ProjectExtensionsKt
instanceKlass org/gradle/cache/internal/DefaultGeneratedGradleJarCache$1
instanceKlass  @bci org/gradle/api/internal/runtimeshaded/RuntimeShadedJarFactory get (Lorg/gradle/api/internal/runtimeshaded/RuntimeShadedJarType;Ljava/util/Collection;)Ljava/io/File; 11 <appendix> member <vmtarget> ; # org/gradle/api/internal/runtimeshaded/RuntimeShadedJarFactory$$Lambda+0x000002b54c5b25c0
instanceKlass org/gradle/internal/classpath/DefaultClassPath$1
instanceKlass  @bci org/gradle/api/internal/DependencyClassPathProvider initGradleApi ()Lorg/gradle/internal/classpath/ClassPath; 108 <appendix> argL0 ; # org/gradle/api/internal/DependencyClassPathProvider$$Lambda+0x000002b54c5d0888
instanceKlass  @bci org/gradle/api/internal/artifacts/dependencies/DefaultFileCollectionDependency_Decorated $gradleInit ()V 1 <appendix> member <vmtarget> ; # org/gradle/api/internal/artifacts/dependencies/DefaultFileCollectionDependency_Decorated$$Lambda+0x000002b54c5d0660
instanceKlass org/gradle/internal/component/local/model/OpaqueComponentIdentifier
instanceKlass org/gradle/api/internal/artifacts/dependencies/DefaultFileCollectionDependency
instanceKlass org/gradle/api/artifacts/FileCollectionDependency
instanceKlass org/gradle/api/internal/artifacts/dependencies/SelfResolvingDependencyInternal
instanceKlass org/gradle/api/internal/file/FileCollectionInternal$1
instanceKlass org/gradle/api/internal/file/FileCollectionInternal$Source
instanceKlass org/gradle/api/internal/notations/DependencyClassPathNotationConverter$GeneratedFileCollection
instanceKlass org/gradle/kotlin/dsl/provider/KotlinScriptClassPathProvider$compilationClassPathOf$1
instanceKlass org/gradle/kotlin/dsl/execution/Interpreter$WhenMappings
instanceKlass  @bci org/gradle/kotlin/dsl/support/KotlinScriptHost <init> (Ljava/lang/Object;Lorg/gradle/groovy/scripts/ScriptSource;Lorg/gradle/api/initialization/dsl/ScriptHandler;Lorg/gradle/api/internal/initialization/ClassLoaderScope;Lorg/gradle/api/internal/initialization/ClassLoaderScope;Lorg/gradle/internal/service/ServiceRegistry;)V 134 <appendix> member <vmtarget> ; # org/gradle/kotlin/dsl/support/KotlinScriptHost$$Lambda+0x000002b54c5cbd78
instanceKlass  @bci org/gradle/kotlin/dsl/support/KotlinScriptHost <init> (Ljava/lang/Object;Lorg/gradle/groovy/scripts/ScriptSource;Lorg/gradle/api/initialization/dsl/ScriptHandler;Lorg/gradle/api/internal/initialization/ClassLoaderScope;Lorg/gradle/api/internal/initialization/ClassLoaderScope;Lorg/gradle/internal/service/ServiceRegistry;)V 121 <appendix> member <vmtarget> ; # org/gradle/kotlin/dsl/support/KotlinScriptHost$$Lambda+0x000002b54c5cbb50
instanceKlass  @bci org/gradle/kotlin/dsl/support/KotlinScriptHost <init> (Ljava/lang/Object;Lorg/gradle/groovy/scripts/ScriptSource;Lorg/gradle/api/initialization/dsl/ScriptHandler;Lorg/gradle/api/internal/initialization/ClassLoaderScope;Lorg/gradle/api/internal/initialization/ClassLoaderScope;Lorg/gradle/internal/service/ServiceRegistry;)V 108 <appendix> member <vmtarget> ; # org/gradle/kotlin/dsl/support/KotlinScriptHost$$Lambda+0x000002b54c5cb928
instanceKlass kotlin/UnsafeLazyImpl
instanceKlass org/gradle/kotlin/dsl/support/UnsafeLazyKt
instanceKlass  @bci org/gradle/kotlin/dsl/support/KotlinScriptHost <init> (Ljava/lang/Object;Lorg/gradle/groovy/scripts/ScriptSource;Lorg/gradle/api/initialization/dsl/ScriptHandler;Lorg/gradle/api/internal/initialization/ClassLoaderScope;Lorg/gradle/api/internal/initialization/ClassLoaderScope;Lorg/gradle/internal/service/ServiceRegistry;)V 95 <appendix> member <vmtarget> ; # org/gradle/kotlin/dsl/support/KotlinScriptHost$$Lambda+0x000002b54c5cb2c8
instanceKlass org/gradle/kotlin/dsl/support/GradleExtensionsKt
instanceKlass org/gradle/kotlin/dsl/support/SettingsExtensionsKt
instanceKlass org/gradle/kotlin/dsl/execution/Interpreter$Host$WhenMappings
instanceKlass org/gradle/kotlin/dsl/support/KotlinScriptHost
instanceKlass  @bci org/gradle/cache/internal/DefaultCrossBuildInMemoryCacheFactory$AbstractCrossBuildInMemoryCache getIfPresent (Ljava/lang/Object;)Ljava/lang/Object; 6 <appendix> member <vmtarget> ; # org/gradle/cache/internal/DefaultCrossBuildInMemoryCacheFactory$AbstractCrossBuildInMemoryCache$$Lambda+0x000002b54c5ca858
instanceKlass org/gradle/kotlin/dsl/execution/ProgramId
instanceKlass org/gradle/kotlin/dsl/execution/InterpreterKt
instanceKlass org/gradle/kotlin/dsl/execution/Interpreter$ProgramHost
instanceKlass org/gradle/kotlin/dsl/execution/ExecutableProgram$Host
instanceKlass org/gradle/kotlin/dsl/support/KotlinDslOptionsKt
instanceKlass org/gradle/kotlin/dsl/support/KotlinCompilerOptions
instanceKlass org/gradle/kotlin/dsl/support/KotlinCompilerOptionsKt
instanceKlass org/gradle/kotlin/dsl/provider/StandardKotlinScriptEvaluator$InterpreterHost
instanceKlass org/gradle/kotlin/dsl/execution/Interpreter$Host
instanceKlass org/gradle/kotlin/dsl/execution/EvalOptionKt
instanceKlass org/gradle/kotlin/dsl/provider/KotlinDslProviderModeKt
instanceKlass org/gradle/kotlin/dsl/provider/KotlinScriptPluginKt
instanceKlass org/gradle/configuration/BuildOperationScriptPlugin$OperationDetails
instanceKlass org/gradle/configuration/ApplyScriptPluginBuildOperationType$Details
instanceKlass org/gradle/configuration/BuildOperationScriptPlugin$1
instanceKlass org/gradle/internal/code/DefaultUserCodeApplicationContext$CurrentApplication
instanceKlass org/gradle/internal/code/UserCodeApplicationContext$Application
instanceKlass  @bci org/gradle/configuration/BuildOperationScriptPlugin apply (Ljava/lang/Object;)V 66 <appendix> member <vmtarget> ; # org/gradle/configuration/BuildOperationScriptPlugin$$Lambda+0x000002b54c5ccaa8
instanceKlass org/gradle/internal/code/UserCodeApplicationId
instanceKlass org/gradle/internal/code/DefaultUserCodeSource
instanceKlass org/gradle/configuration/BuildOperationScriptPlugin$2
instanceKlass org/gradle/internal/code/UserCodeSource
instanceKlass org/gradle/configuration/ApplyScriptPluginBuildOperationType$Result
instanceKlass org/gradle/configuration/BuildOperationScriptPlugin
instanceKlass  @bci org/gradle/kotlin/dsl/provider/KotlinScriptPluginFactory create (Lorg/gradle/groovy/scripts/ScriptSource;Lorg/gradle/api/initialization/dsl/ScriptHandler;Lorg/gradle/api/internal/initialization/ClassLoaderScope;Lorg/gradle/api/internal/initialization/ClassLoaderScope;Z)Lorg/gradle/configuration/ScriptPlugin; 38 <adapter> ; # java/lang/invoke/LambdaForm$MH+0x000002b54c5c8000
# instanceKlass java/lang/invoke/LambdaForm$DMH+0x000002b54c5c5c00
instanceKlass  @bci org/gradle/kotlin/dsl/provider/KotlinScriptPluginFactory create (Lorg/gradle/groovy/scripts/ScriptSource;Lorg/gradle/api/initialization/dsl/ScriptHandler;Lorg/gradle/api/internal/initialization/ClassLoaderScope;Lorg/gradle/api/internal/initialization/ClassLoaderScope;Z)Lorg/gradle/configuration/ScriptPlugin; 38 <appendix> form vmentry <vmtarget> ; # java/lang/invoke/LambdaForm$DMH+0x000002b54c5c5800
instanceKlass  @bci org/gradle/kotlin/dsl/provider/KotlinScriptPluginFactory create (Lorg/gradle/groovy/scripts/ScriptSource;Lorg/gradle/api/initialization/dsl/ScriptHandler;Lorg/gradle/api/internal/initialization/ClassLoaderScope;Lorg/gradle/api/internal/initialization/ClassLoaderScope;Z)Lorg/gradle/configuration/ScriptPlugin; 38 <appendix> member <vmtarget> ; # org/gradle/kotlin/dsl/provider/KotlinScriptPluginFactory$$Lambda+0x000002b54c5c7948
instanceKlass  @cpi org/gradle/kotlin/dsl/provider/KotlinScriptPluginFactory 66 form vmentry <vmtarget> ; # java/lang/invoke/LambdaForm$DMH+0x000002b54c5c5400
instanceKlass org/gradle/kotlin/dsl/provider/KotlinScriptPlugin
instanceKlass org/gradle/internal/declarativedsl/evaluator/runner/AnalysisStepContext
instanceKlass org/gradle/internal/declarativedsl/evaluator/runner/StepContext
instanceKlass org/gradle/internal/declarativedsl/parsing/DefaultLanguageTreeBuilder
instanceKlass org/gradle/internal/declarativedsl/parsing/LanguageTreeBuilder
instanceKlass org/gradle/internal/declarativedsl/evaluator/runner/AbstractAnalysisStepRunner
instanceKlass org/gradle/internal/declarativedsl/evaluator/conversion/AnalysisAndConversionStepRunner
instanceKlass org/gradle/internal/declarativedsl/evaluator/runner/InterpretationSequenceStepRunner
instanceKlass org/gradle/internal/declarativedsl/defaults/ProjectFeatureDeclarationsIntegrationKt$projectFeatureRegistryBasedModelDefaultsRegistrar$1
instanceKlass org/gradle/internal/declarativedsl/evaluator/defaults/ModelDefaultsDefinitionRegistrar
instanceKlass org/gradle/internal/declarativedsl/defaults/ProjectFeatureDeclarationsIntegrationKt
instanceKlass org/gradle/internal/declarativedsl/evaluator/defaults/ModelDefaultsDefinitionCollector
instanceKlass org/gradle/internal/declarativedsl/evaluator/defaults/ApplyModelDefaultsHandler$Companion$DO_NOTHING$1
instanceKlass org/gradle/internal/declarativedsl/evaluator/defaults/ApplyModelDefaultsHandler$Companion
instanceKlass org/gradle/internal/declarativedsl/evaluator/defaults/ApplyModelDefaultsHandler
instanceKlass org/gradle/internal/declarativedsl/evaluator/features/ResolutionResultHandler
instanceKlass org/gradle/internal/declarativedsl/common/UnsupportedSyntaxFeatureCheck$UnsupportedSyntaxFeature
instanceKlass org/gradle/internal/declarativedsl/common/UnsupportedSyntaxFeatureCheck
instanceKlass org/gradle/internal/declarativedsl/evaluator/checks/AccessOnCurrentReceiverCheck$AccessOnCurrentReceiverCheckFeature
instanceKlass org/gradle/internal/declarativedsl/evaluator/checks/AccessOnCurrentReceiverCheck
instanceKlass org/gradle/internal/declarativedsl/evaluator/checks/DocumentLowLevelResolutionCheck
instanceKlass org/gradle/internal/declarativedsl/settings/SettingsBlocksCheck$SettingsBlockCheckFeature
instanceKlass org/gradle/declarative/dsl/evaluation/InterpretationStepFeature$DocumentChecks
instanceKlass org/gradle/declarative/dsl/evaluation/InterpretationStepFeature
instanceKlass org/gradle/internal/declarativedsl/settings/SettingsBlocksCheck
instanceKlass org/gradle/internal/declarativedsl/evaluator/checks/DocumentCheck
instanceKlass org/gradle/internal/declarativedsl/evaluator/features/InterpretationStepFeatureHandler
instanceKlass org/gradle/internal/declarativedsl/interpreter/DefaultDeclarativeKotlinScriptEvaluator
instanceKlass org/gradle/internal/declarativedsl/interpreter/DeclarativeKotlinScriptEvaluatorKt
instanceKlass org/gradle/internal/declarativedsl/interpreter/GradleProcessInterpretationSchemaBuilder
instanceKlass org/gradle/internal/declarativedsl/interpreter/StoringInterpretationSchemaBuilder
instanceKlass org/gradle/internal/declarativedsl/interpreter/MemoizedInterpretationSchemaBuilder
# instanceKlass java/lang/invoke/LambdaForm$MH+0x000002b54c5c5000
# instanceKlass java/lang/invoke/LambdaForm$MH+0x000002b54c5c4c00
# instanceKlass java/lang/invoke/LambdaForm$MH+0x000002b54c5c4800
# instanceKlass java/lang/invoke/LambdaForm$MH+0x000002b54c5c4400
instanceKlass  @bci org/gradle/kotlin/dsl/provider/StandardKotlinScriptEvaluator <init> (Lorg/gradle/kotlin/dsl/provider/KotlinScriptClassPathProvider;Lorg/gradle/kotlin/dsl/provider/KotlinScriptClassloadingCache;Lorg/gradle/plugin/use/internal/PluginRequestApplicator;Lorg/gradle/kotlin/dsl/provider/PluginRequestsHandler;Lorg/gradle/kotlin/dsl/support/EmbeddedKotlinProvider;Lorg/gradle/kotlin/dsl/provider/ClassPathModeExceptionCollector;Lorg/gradle/kotlin/dsl/provider/KotlinScriptBasePluginsApplicator;Lorg/gradle/groovy/scripts/internal/ScriptSourceHasher;Lorg/gradle/internal/classloader/ClasspathHasher;Lorg/gradle/kotlin/dsl/support/ImplicitImports;Lorg/gradle/internal/logging/progress/ProgressLoggerFactory;Lorg/gradle/internal/operations/BuildOperationRunner;Lorg/gradle/internal/classpath/CachedClasspathTransformer;Lorg/gradle/internal/scripts/ScriptExecutionListener;Lorg/gradle/internal/execution/ExecutionEngine;Lorg/gradle/kotlin/dsl/cache/KotlinDslWorkspaceProvider;Lorg/gradle/api/internal/file/FileCollectionFactory; ; # org/gradle/kotlin/dsl/provider/StandardKotlinScriptEvaluator$$Lambda+0x000002b54c5bc668
instanceKlass org/gradle/kotlin/dsl/execution/Interpreter
instanceKlass org/gradle/kotlin/dsl/provider/StandardKotlinScriptEvaluator
# instanceKlass java/lang/invoke/LambdaForm$MH+0x000002b54c5c4000
# instanceKlass java/lang/invoke/LambdaForm$MH+0x000002b54c5c3c00
# instanceKlass java/lang/invoke/LambdaForm$MH+0x000002b54c5c3800
# instanceKlass java/lang/invoke/LambdaForm$MH+0x000002b54c5c3400
# instanceKlass java/lang/invoke/LambdaForm$MH+0x000002b54c5c3000
# instanceKlass java/lang/invoke/LambdaForm$MH+0x000002b54c5c2c00
# instanceKlass java/lang/invoke/LambdaForm$MH+0x000002b54c5c2800
# instanceKlass java/lang/invoke/LambdaForm$MH+0x000002b54c5c2400
# instanceKlass java/lang/invoke/LambdaForm$MH+0x000002b54c5c2000
# instanceKlass java/lang/invoke/LambdaForm$MH+0x000002b54c5c1c00
# instanceKlass java/lang/invoke/LambdaForm$MH+0x000002b54c5c1800
# instanceKlass java/lang/invoke/LambdaForm$MH+0x000002b54c5c1400
# instanceKlass java/lang/invoke/LambdaForm$MH+0x000002b54c5c1000
# instanceKlass java/lang/invoke/LambdaForm$MH+0x000002b54c5c0c00
# instanceKlass java/lang/invoke/LambdaForm$MH+0x000002b54c5c0800
# instanceKlass java/lang/invoke/LambdaForm$MH+0x000002b54c5c0400
# instanceKlass java/lang/invoke/LambdaForm$MH+0x000002b54c5c0000
# instanceKlass java/lang/invoke/LambdaForm$MH+0x000002b54c5bbc00
# instanceKlass java/lang/invoke/LambdaForm$MH+0x000002b54c5bb800
# instanceKlass java/lang/invoke/LambdaForm$MH+0x000002b54c5bb400
# instanceKlass java/lang/invoke/LambdaForm$MH+0x000002b54c5bb000
# instanceKlass java/lang/invoke/LambdaForm$MH+0x000002b54c5bac00
# instanceKlass java/lang/invoke/LambdaForm$MH+0x000002b54c5ba800
# instanceKlass java/lang/invoke/LambdaForm$MH+0x000002b54c5ba400
# instanceKlass java/lang/invoke/LambdaForm$MH+0x000002b54c5ba000
# instanceKlass java/lang/invoke/LambdaForm$MH+0x000002b54c5b9c00
# instanceKlass java/lang/invoke/LambdaForm$MH+0x000002b54c5b9800
# instanceKlass java/lang/invoke/LambdaForm$MH+0x000002b54c5b9400
# instanceKlass java/lang/invoke/LambdaForm$BMH+0x000002b54c5b9000
# instanceKlass java/lang/invoke/LambdaForm$DMH+0x000002b54c5b8c00
instanceKlass org/gradle/kotlin/dsl/cache/KotlinDslWorkspaceProvider$subWorkspace$1
instanceKlass  @bci org/gradle/kotlin/dsl/support/ImplicitImports <init> (Lorg/gradle/configuration/ImportsReader;)V 41 <appendix> argL0 ; # org/gradle/kotlin/dsl/support/ImplicitImports$$Lambda+0x000002b54c5b7cf0
instanceKlass  @bci org/gradle/kotlin/dsl/support/ImplicitImports <init> (Lorg/gradle/configuration/ImportsReader;)V 29 <appendix> argL0 ; # org/gradle/kotlin/dsl/support/ImplicitImports$$Lambda+0x000002b54c5b7ad0
instanceKlass  @bci org/gradle/kotlin/dsl/support/ImplicitImports <init> (Lorg/gradle/configuration/ImportsReader;)V 17 <appendix> member <vmtarget> ; # org/gradle/kotlin/dsl/support/ImplicitImports$$Lambda+0x000002b54c5b78a8
instanceKlass org/gradle/kotlin/dsl/normalization/KotlinCompileClasspathFingerprinter
# instanceKlass java/lang/invoke/LambdaForm$MH+0x000002b54c5b8800
# instanceKlass java/lang/invoke/LambdaForm$MH+0x000002b54c5b8400
# instanceKlass java/lang/invoke/LambdaForm$MH+0x000002b54c5b8000
# instanceKlass java/lang/invoke/LambdaForm$MH+0x000002b54c5b6c00
instanceKlass org/gradle/launcher/daemon/toolchain/DaemonJvmCriteria$Spec
# instanceKlass java/lang/invoke/LambdaForm$MH+0x000002b54c5b6800
# instanceKlass java/lang/invoke/LambdaForm$MH+0x000002b54c5b6400
instanceKlass org/gradle/groovy/scripts/internal/DefaultScriptSourceHasher
instanceKlass org/gradle/kotlin/dsl/provider/plugins/DefaultKotlinScriptBasePluginsApplicator
instanceKlass  @bci org/gradle/kotlin/dsl/support/EmbeddedKotlinProvider <init> ()V 5 <appendix> argL0 ; # org/gradle/kotlin/dsl/support/EmbeddedKotlinProvider$$Lambda+0x000002b54c5b7000
# instanceKlass java/lang/invoke/LambdaForm$MH+0x000002b54c5b6000
# instanceKlass java/lang/invoke/LambdaForm$MH+0x000002b54c5b5c00
# instanceKlass java/lang/invoke/LambdaForm$MH+0x000002b54c5b5800
instanceKlass org/gradle/kotlin/dsl/provider/KotlinScriptClassloadingCache$cache$1
instanceKlass org/gradle/kotlin/dsl/provider/ClassLoaderClassPathCache
instanceKlass  @bci org/gradle/kotlin/dsl/provider/KotlinScriptClassPathProvider <init> (Lorg/gradle/api/internal/classpath/ModuleRegistry;Lorg/gradle/api/internal/ClassPathRegistry;Lorg/gradle/api/internal/initialization/ClassLoaderScope;Lkotlin/jvm/functions/Function0;)V 117 <appendix> member <vmtarget> ; # org/gradle/kotlin/dsl/provider/KotlinScriptClassPathProvider$$Lambda+0x000002b54c5ab508
instanceKlass  @bci org/gradle/kotlin/dsl/provider/KotlinScriptClassPathProvider <init> (Lorg/gradle/api/internal/classpath/ModuleRegistry;Lorg/gradle/api/internal/ClassPathRegistry;Lorg/gradle/api/internal/initialization/ClassLoaderScope;Lkotlin/jvm/functions/Function0;)V 104 <appendix> member <vmtarget> ; # org/gradle/kotlin/dsl/provider/KotlinScriptClassPathProvider$$Lambda+0x000002b54c5ab2e0
instanceKlass  @bci org/gradle/kotlin/dsl/provider/KotlinScriptClassPathProvider <init> (Lorg/gradle/api/internal/classpath/ModuleRegistry;Lorg/gradle/api/internal/ClassPathRegistry;Lorg/gradle/api/internal/initialization/ClassLoaderScope;Lkotlin/jvm/functions/Function0;)V 91 <appendix> member <vmtarget> ; # org/gradle/kotlin/dsl/provider/KotlinScriptClassPathProvider$$Lambda+0x000002b54c5ab0b8
instanceKlass  @bci org/gradle/kotlin/dsl/provider/KotlinScriptClassPathProvider <init> (Lorg/gradle/api/internal/classpath/ModuleRegistry;Lorg/gradle/api/internal/ClassPathRegistry;Lorg/gradle/api/internal/initialization/ClassLoaderScope;Lkotlin/jvm/functions/Function0;)V 78 <appendix> member <vmtarget> ; # org/gradle/kotlin/dsl/provider/KotlinScriptClassPathProvider$$Lambda+0x000002b54c5aae90
instanceKlass  @bci org/gradle/kotlin/dsl/provider/KotlinScriptClassPathProvider <init> (Lorg/gradle/api/internal/classpath/ModuleRegistry;Lorg/gradle/api/internal/ClassPathRegistry;Lorg/gradle/api/internal/initialization/ClassLoaderScope;Lkotlin/jvm/functions/Function0;)V 65 <appendix> member <vmtarget> ; # org/gradle/kotlin/dsl/provider/KotlinScriptClassPathProvider$$Lambda+0x000002b54c5aac68
instanceKlass kotlin/SynchronizedLazyImpl
instanceKlass  @bci org/gradle/kotlin/dsl/provider/KotlinScriptClassPathProvider <init> (Lorg/gradle/api/internal/classpath/ModuleRegistry;Lorg/gradle/api/internal/ClassPathRegistry;Lorg/gradle/api/internal/initialization/ClassLoaderScope;Lkotlin/jvm/functions/Function0;)V 52 <appendix> member <vmtarget> ; # org/gradle/kotlin/dsl/provider/KotlinScriptClassPathProvider$$Lambda+0x000002b54c5aa810
instanceKlass  @bci org/gradle/kotlin/dsl/provider/KotlinScriptClassPathProviderKt gradleApiJarsProviderFor (Lorg/gradle/api/internal/artifacts/dsl/dependencies/DependencyFactoryInternal;)Lkotlin/jvm/functions/Function0; 7 <appendix> member <vmtarget> ; # org/gradle/kotlin/dsl/provider/KotlinScriptClassPathProviderKt$$Lambda+0x000002b54c5aa5e8
instanceKlass org/gradle/kotlin/dsl/provider/KotlinScriptClassPathProviderKt
# instanceKlass java/lang/invoke/LambdaForm$MH+0x000002b54c5b5400
# instanceKlass java/lang/invoke/LambdaForm$MH+0x000002b54c5b5000
# instanceKlass java/lang/invoke/LambdaForm$MH+0x000002b54c5b4c00
# instanceKlass java/lang/invoke/LambdaForm$MH+0x000002b54c5b4800
# instanceKlass java/lang/invoke/LambdaForm$MH+0x000002b54c5b4400
# instanceKlass java/lang/invoke/LambdaForm$MH+0x000002b54c5b4000
# instanceKlass java/lang/invoke/LambdaForm$MH+0x000002b54c5af400
instanceKlass org/gradle/api/internal/artifacts/DefaultDependencyFactory
instanceKlass org/gradle/internal/typeconversion/TypeFilteringNotationConverter
instanceKlass org/gradle/api/internal/file/collections/MinimalFileSet
instanceKlass org/gradle/api/internal/notations/DependencyClassPathNotationConverter
instanceKlass org/gradle/api/internal/notations/DependencyProjectNotationConverter
instanceKlass org/gradle/api/internal/notations/DependencyFilesNotationConverter
instanceKlass org/gradle/api/internal/artifacts/dependencies/MinimalExternalModuleDependencyInternal
instanceKlass org/gradle/api/artifacts/MinimalExternalModuleDependency
instanceKlass org/gradle/api/internal/notations/DependencyNotationParser$MinimalExternalDependencyNotationConverter
instanceKlass org/gradle/api/internal/artifacts/dependencies/AbstractModuleDependency
instanceKlass org/gradle/api/internal/notations/DependencyNotationParser
instanceKlass org/gradle/api/internal/notations/ProjectDependencyFactory
# instanceKlass java/lang/invoke/LambdaForm$MH+0x000002b54c5af000
# instanceKlass java/lang/invoke/LambdaForm$MH+0x000002b54c5aec00
# instanceKlass java/lang/invoke/LambdaForm$MH+0x000002b54c5ae800
# instanceKlass java/lang/invoke/LambdaForm$MH+0x000002b54c5ae400
# instanceKlass java/lang/invoke/LambdaForm$MH+0x000002b54c5ae000
# instanceKlass java/lang/invoke/LambdaForm$MH+0x000002b54c5adc00
# instanceKlass java/lang/invoke/LambdaForm$MH+0x000002b54c5ad800
# instanceKlass java/lang/invoke/LambdaForm$MH+0x000002b54c5ad400
# instanceKlass java/lang/invoke/LambdaForm$MH+0x000002b54c5ad000
# instanceKlass java/lang/invoke/LambdaForm$MH+0x000002b54c5acc00
# instanceKlass java/lang/invoke/LambdaForm$MH+0x000002b54c5ac800
# instanceKlass java/lang/invoke/LambdaForm$MH+0x000002b54c5ac400
# instanceKlass java/lang/invoke/LambdaForm$MH+0x000002b54c5ac000
instanceKlass org/gradle/api/internal/DependencyClassPathProvider
instanceKlass org/gradle/internal/instantiation/generator/AsmBackedClassGenerator$NoOpBuilder
instanceKlass org/gradle/kotlin/dsl/provider/KotlinScriptPluginFactory
instanceKlass sun/nio/fs/WindowsChannelFactory$2
instanceKlass sun/nio/fs/WindowsChannelFactory$Flags
instanceKlass sun/nio/fs/WindowsChannelFactory$1
instanceKlass sun/nio/fs/WindowsChannelFactory
instanceKlass sun/nio/fs/WindowsSecurityDescriptor
instanceKlass sun/nio/fs/WindowsPath$1
instanceKlass org/gradle/api/internal/cache/CacheDirUtil
instanceKlass  @bci org/gradle/api/internal/provider/AbstractProperty beforeRead (Lorg/gradle/internal/evaluation/EvaluationScopeContext;Lorg/gradle/internal/state/ModelObject;Lorg/gradle/api/internal/provider/ValueSupplier$ValueConsumer;)V 12 <appendix> member <vmtarget> ; # org/gradle/api/internal/provider/AbstractProperty$$Lambda+0x000002b54c5a8c98
instanceKlass  @bci it/unimi/dsi/fastutil/objects/ReferenceArrayList <clinit> ()V 26 <appendix> argL0 ; # it/unimi/dsi/fastutil/objects/ReferenceArrayList$$Lambda+0x000002b54c5a8a50
instanceKlass  @bci it/unimi/dsi/fastutil/objects/ReferenceArrayList <clinit> ()V 21 <appendix> argL0 ; # it/unimi/dsi/fastutil/objects/ReferenceArrayList$$Lambda+0x000002b54c5a8820
instanceKlass  @bci it/unimi/dsi/fastutil/objects/ReferenceArrayList <clinit> ()V 16 <appendix> argL0 ; # it/unimi/dsi/fastutil/objects/ReferenceArrayList$$Lambda+0x000002b54c5a8600
instanceKlass it/unimi/dsi/fastutil/objects/ObjectListIterator
instanceKlass it/unimi/dsi/fastutil/objects/ObjectBidirectionalIterator
instanceKlass it/unimi/dsi/fastutil/BidirectionalIterator
instanceKlass it/unimi/dsi/fastutil/Stack
instanceKlass it/unimi/dsi/fastutil/objects/ReferenceList
instanceKlass  @bci it/unimi/dsi/fastutil/objects/ReferenceOpenHashSet <clinit> ()V 10 <appendix> argL0 ; # it/unimi/dsi/fastutil/objects/ReferenceOpenHashSet$$Lambda+0x000002b54c5a6598
instanceKlass  @bci it/unimi/dsi/fastutil/objects/ReferenceOpenHashSet <clinit> ()V 5 <appendix> argL0 ; # it/unimi/dsi/fastutil/objects/ReferenceOpenHashSet$$Lambda+0x000002b54c5a6368
instanceKlass  @bci it/unimi/dsi/fastutil/objects/ReferenceOpenHashSet <clinit> ()V 0 <appendix> argL0 ; # it/unimi/dsi/fastutil/objects/ReferenceOpenHashSet$$Lambda+0x000002b54c5a6148
instanceKlass it/unimi/dsi/fastutil/objects/ObjectSpliterator
instanceKlass it/unimi/dsi/fastutil/objects/ObjectIterator
instanceKlass it/unimi/dsi/fastutil/objects/ReferenceSet
instanceKlass it/unimi/dsi/fastutil/objects/ReferenceCollection
instanceKlass  @bci org/gradle/internal/evaluation/EvaluationContext <init> ()V 6 <appendix> member <vmtarget> ; # org/gradle/internal/evaluation/EvaluationContext$$Lambda+0x000002b54c5a4578
instanceKlass org/gradle/internal/evaluation/EvaluationContext$PerThreadContext
instanceKlass org/gradle/internal/evaluation/EvaluationScopeContext
instanceKlass org/gradle/internal/evaluation/EvaluationContext
instanceKlass  @bci org/gradle/api/internal/cache/DefaultCacheConfigurations$ContextualErrorMessageProperty set (Lorg/gradle/api/provider/Provider;)V 3 <appendix> member <vmtarget> ; # org/gradle/api/internal/cache/DefaultCacheConfigurations$ContextualErrorMessageProperty$$Lambda+0x000002b54c5a3cf0
instanceKlass  @bci org/gradle/api/internal/cache/DefaultCacheConfigurations$ContextualErrorMessageProperty value (Lorg/gradle/api/provider/Provider;)Lorg/gradle/api/internal/cache/DefaultCacheConfigurations$ContextualErrorMessageProperty; 3 <appendix> member <vmtarget> ; # org/gradle/api/internal/cache/DefaultCacheConfigurations$ContextualErrorMessageProperty$$Lambda+0x000002b54c5a3ac8
instanceKlass org/gradle/internal/event/DefaultListenerManager$ExclusiveEventBroadcast$2
instanceKlass org/gradle/internal/event/BroadcastDispatch$ActionInvocationHandler
instanceKlass  @bci org/gradle/internal/operations/notify/BuildOperationNotificationBridge$2 beforeSettings (Lorg/gradle/api/initialization/Settings;)V 21 <appendix> member <vmtarget> ; # org/gradle/internal/operations/notify/BuildOperationNotificationBridge$2$$Lambda+0x000002b54c5a3428
instanceKlass org/gradle/internal/extensibility/ExtensionsStorage$ExtensionHolder
instanceKlass org/gradle/api/plugins/ExtensionsSchema$ExtensionSchema
instanceKlass org/gradle/api/NamedDomainObjectCollectionSchema$NamedDomainObjectSchema
instanceKlass java/util/concurrent/locks/ReentrantReadWriteLock$WriteLock
instanceKlass java/util/concurrent/locks/ReentrantReadWriteLock$ReadLock
instanceKlass org/apache/groovy/plugin/GroovyRunnerRegistry
instanceKlass  @bci org/codehaus/groovy/runtime/metaclass/MetaClassRegistryImpl <init> (IZ)V 377 <appendix> member <vmtarget> ; # org/codehaus/groovy/runtime/metaclass/MetaClassRegistryImpl$$Lambda+0x000002b54c5a2458
instanceKlass java/util/EventObject
instanceKlass  @bci groovy/lang/MetaClassImpl makeStaticPropertyIndex ()V 8 <appendix> argL0 ; # groovy/lang/MetaClassImpl$$Lambda+0x000002b54c5a1fd0
instanceKlass  @bci groovy/lang/MetaClassImpl getPropName (Ljava/lang/String;)Ljava/lang/String; 5 <appendix> member <vmtarget> ; # groovy/lang/MetaClassImpl$$Lambda+0x000002b54c5a1d88
instanceKlass  @bci groovy/lang/MetaClassImpl applyStrayPropertyMethods (Ljava/util/LinkedList;Ljava/util/Map;Z)V 45 <appendix> argL0 ; # groovy/lang/MetaClassImpl$$Lambda+0x000002b54c5a1b48
instanceKlass  @bci groovy/lang/MetaClassImpl addMetaBeanProperty (Lgroovy/lang/MetaBeanProperty;)V 36 <appendix> argL0 ; # groovy/lang/MetaClassImpl$$Lambda+0x000002b54c5a1908
instanceKlass  @bci groovy/lang/MetaClassImpl establishStaticMetaProperty (Lgroovy/lang/MetaProperty;)Lgroovy/lang/MetaProperty; 24 <appendix> argL0 ; # groovy/lang/MetaClassImpl$$Lambda+0x000002b54c5a16b8
instanceKlass org/codehaus/groovy/runtime/GroovyCategorySupport
instanceKlass  @bci org/codehaus/groovy/reflection/CachedMethod find (Ljava/lang/reflect/Method;)Lorg/codehaus/groovy/reflection/CachedMethod; 13 <appendix> argL0 ; # org/codehaus/groovy/reflection/CachedMethod$$Lambda+0x000002b54c5a0f98
instanceKlass java/util/concurrent/locks/ReentrantReadWriteLock
instanceKlass java/util/concurrent/locks/ReadWriteLock
instanceKlass  @bci groovy/lang/MetaClassImpl inheritFields (Ljava/lang/Iterable;)V 78 <appendix> argL0 ; # groovy/lang/MetaClassImpl$$Lambda+0x000002b54c5a0d58
instanceKlass  @bci groovy/lang/MetaClassImpl inheritFields (Ljava/lang/Iterable;)V 35 <appendix> argL0 ; # groovy/lang/MetaClassImpl$$Lambda+0x000002b54c5a0b18
instanceKlass  @bci groovy/lang/MetaClassImpl inheritStaticInterfaceFields (Ljava/util/List;Ljava/util/Set;)V 110 <appendix> argL0 ; # groovy/lang/MetaClassImpl$$Lambda+0x000002b54c5a08d8
instanceKlass  @bci org/codehaus/groovy/reflection/CachedClass$1 lambda$initValue$2 ()[Lorg/codehaus/groovy/reflection/CachedField; 33 <appendix> argL0 ; # org/codehaus/groovy/reflection/CachedClass$1$$Lambda+0x000002b54c5a06b8
instanceKlass  @bci org/codehaus/groovy/reflection/CachedClass$1 lambda$initValue$2 ()[Lorg/codehaus/groovy/reflection/CachedField; 23 <appendix> argL0 ; # org/codehaus/groovy/reflection/CachedClass$1$$Lambda+0x000002b54c5a0478
instanceKlass  @bci org/codehaus/groovy/reflection/CachedClass$1 lambda$initValue$2 ()[Lorg/codehaus/groovy/reflection/CachedField; 13 <appendix> argL0 ; # org/codehaus/groovy/reflection/CachedClass$1$$Lambda+0x000002b54c5a0228
instanceKlass  @bci org/codehaus/groovy/reflection/CachedClass$1 initValue ()[Lorg/codehaus/groovy/reflection/CachedField; 1 <appendix> member <vmtarget> ; # org/codehaus/groovy/reflection/CachedClass$1$$Lambda+0x000002b54c5a0000
instanceKlass  @bci groovy/lang/MetaClassImpl inheritStaticInterfaceFields (Ljava/util/List;Ljava/util/Set;)V 33 <appendix> argL0 ; # groovy/lang/MetaClassImpl$$Lambda+0x000002b54c59f890
instanceKlass java/beans/SimpleBeanInfo
instanceKlass java/beans/Transient
instanceKlass java/beans/BeanProperty
instanceKlass  @bci com/sun/beans/introspect/PropertyInfo get (Ljava/lang/Class;)Ljava/util/Map; 440 <appendix> argL0 ; # com/sun/beans/introspect/PropertyInfo$$Lambda+0x000002b54c2db680
instanceKlass com/sun/beans/WildcardTypeImpl
instanceKlass com/sun/beans/introspect/PropertyInfo
instanceKlass  @bci com/sun/beans/introspect/EventSetInfo get (Ljava/lang/Class;)Ljava/util/Map; 314 <appendix> argL0 ; # com/sun/beans/introspect/EventSetInfo$$Lambda+0x000002b54c2dad68
instanceKlass com/sun/beans/introspect/EventSetInfo
instanceKlass  @bci java/util/stream/Collectors joining (Ljava/lang/CharSequence;Ljava/lang/CharSequence;Ljava/lang/CharSequence;)Ljava/util/stream/Collector; 22 <appendix> argL0 ; # java/util/stream/Collectors$$Lambda+0x800000042
instanceKlass  @bci java/util/stream/Collectors joining (Ljava/lang/CharSequence;Ljava/lang/CharSequence;Ljava/lang/CharSequence;)Ljava/util/stream/Collector; 17 <appendix> argL0 ; # java/util/stream/Collectors$$Lambda+0x800000040
instanceKlass  @bci java/util/stream/Collectors joining (Ljava/lang/CharSequence;Ljava/lang/CharSequence;Ljava/lang/CharSequence;)Ljava/util/stream/Collector; 12 <appendix> argL0 ; # java/util/stream/Collectors$$Lambda+0x80000003d
instanceKlass  @bci java/util/stream/Collectors joining (Ljava/lang/CharSequence;Ljava/lang/CharSequence;Ljava/lang/CharSequence;)Ljava/util/stream/Collector; 7 <appendix> member <vmtarget> ; # java/util/stream/Collectors$$Lambda+0x800000045
instanceKlass  @bci java/lang/reflect/Executable sharedToGenericString (IZ)Ljava/lang/String; 193 <appendix> argL0 ; # java/lang/reflect/Executable$$Lambda+0x000002b54c2da720
instanceKlass com/sun/beans/WeakCache
instanceKlass com/sun/beans/TypeResolver
instanceKlass java/beans/MethodRef
instanceKlass com/sun/beans/introspect/MethodInfo$MethodOrder
instanceKlass  @bci java/util/ArrayDeque copyElements (Ljava/util/Collection;)V 2 <appendix> member <vmtarget> ; # java/util/ArrayDeque$$Lambda+0x000002b54c2d9958
instanceKlass com/sun/beans/introspect/MethodInfo
instanceKlass com/sun/beans/util/Cache$Ref
instanceKlass com/sun/beans/util/Cache$CacheEntry
instanceKlass com/sun/beans/util/Cache
instanceKlass com/sun/beans/introspect/ClassInfo
instanceKlass javax/swing/SwingContainer
instanceKlass java/beans/JavaBean
instanceKlass com/sun/beans/finder/ClassFinder
instanceKlass com/sun/beans/finder/InstanceFinder
instanceKlass java/beans/WeakIdentityMap
instanceKlass java/beans/ThreadGroupContext
instanceKlass  @bci groovy/lang/MetaClassImpl addProperties ()V 29 <appendix> member <vmtarget> ; # groovy/lang/MetaClassImpl$$Lambda+0x000002b54c59f668
instanceKlass org/codehaus/groovy/runtime/callsite/CallSiteArray
instanceKlass org/codehaus/groovy/reflection/MixinInMetaClass
instanceKlass  @bci org/codehaus/groovy/runtime/metaclass/MetaMethodIndex getHeader (Ljava/lang/Class;)Lorg/codehaus/groovy/runtime/metaclass/MetaMethodIndex$Header; 6 <appendix> member <vmtarget> ; # org/codehaus/groovy/runtime/metaclass/MetaMethodIndex$$Lambda+0x000002b54c59e7c8
instanceKlass  @bci org/codehaus/groovy/reflection/CachedClass$2 lambda$initValue$4 ()[Lorg/codehaus/groovy/reflection/CachedConstructor; 44 <appendix> argL0 ; # org/codehaus/groovy/reflection/CachedClass$2$$Lambda+0x000002b54c59e5a8
instanceKlass  @bci org/codehaus/groovy/reflection/CachedClass$2 lambda$initValue$4 ()[Lorg/codehaus/groovy/reflection/CachedConstructor; 34 <appendix> member <vmtarget> ; # org/codehaus/groovy/reflection/CachedClass$2$$Lambda+0x000002b54c59e360
instanceKlass  @bci org/codehaus/groovy/reflection/CachedClass$2 lambda$initValue$4 ()[Lorg/codehaus/groovy/reflection/CachedConstructor; 23 <appendix> argL0 ; # org/codehaus/groovy/reflection/CachedClass$2$$Lambda+0x000002b54c59e110
instanceKlass  @bci org/codehaus/groovy/reflection/CachedClass$2 lambda$initValue$4 ()[Lorg/codehaus/groovy/reflection/CachedConstructor; 13 <appendix> argL0 ; # org/codehaus/groovy/reflection/CachedClass$2$$Lambda+0x000002b54c59dec0
instanceKlass org/codehaus/groovy/runtime/MethodKey
instanceKlass groovy/lang/ClosureInvokingMethod
instanceKlass groovy/lang/ExpandoMetaClass$Callable
instanceKlass  @bci org/codehaus/groovy/reflection/CachedClass$2 initValue ()[Lorg/codehaus/groovy/reflection/CachedConstructor; 1 <appendix> member <vmtarget> ; # org/codehaus/groovy/reflection/CachedClass$2$$Lambda+0x000002b54c59cba8
instanceKlass org/codehaus/groovy/runtime/metaclass/MetaMethodIndex$EntryIterator
instanceKlass  @bci groovy/lang/MetaClassImpl <clinit> ()V 112 <appendix> argL0 ; # groovy/lang/MetaClassImpl$$Lambda+0x000002b54c59c398
instanceKlass  @bci groovy/lang/MetaClassImpl <clinit> ()V 104 <appendix> argL0 ; # groovy/lang/MetaClassImpl$$Lambda+0x000002b54c59c178
instanceKlass  @bci groovy/lang/MetaClassImpl <clinit> ()V 55 <appendix> argL0 ; # groovy/lang/MetaClassImpl$$Lambda+0x000002b54c59bf38
instanceKlass org/codehaus/groovy/runtime/GeneratedClosure
instanceKlass org/gradle/api/internal/provider/MapPropertyExtensions
instanceKlass org/gradle/api/artifacts/DependencyArtifact
instanceKlass org/gradle/api/tasks/TaskDependency
instanceKlass org/gradle/api/artifacts/dsl/DependencyModifier
instanceKlass org/gradle/api/artifacts/DependencyConstraint
instanceKlass org/gradle/api/provider/ProviderConvertible
instanceKlass org/gradle/api/artifacts/dsl/DependencyCollector
instanceKlass org/gradle/api/artifacts/ExternalModuleDependency
instanceKlass org/gradle/api/artifacts/ExternalDependency
instanceKlass org/gradle/api/artifacts/ModuleVersionSelector
instanceKlass org/gradle/api/artifacts/dsl/Dependencies
instanceKlass org/gradle/api/internal/artifacts/dsl/dependencies/DependenciesExtensionModule
instanceKlass org/w3c/dom/NamedNodeMap
instanceKlass org/w3c/dom/UserDataHandler
instanceKlass org/w3c/dom/Document
instanceKlass org/w3c/dom/TypeInfo
instanceKlass org/w3c/dom/Attr
instanceKlass org/w3c/dom/Element
instanceKlass org/w3c/dom/Node
instanceKlass org/w3c/dom/NodeList
instanceKlass org/apache/groovy/xml/extensions/XmlExtensions
instanceKlass java/nio/file/WatchKey
instanceKlass java/nio/file/WatchEvent$Modifier
instanceKlass java/nio/file/WatchEvent$Kind
instanceKlass java/nio/file/WatchService
instanceKlass java/time/temporal/TemporalQuery
instanceKlass java/time/MonthDay
instanceKlass java/time/Year
instanceKlass java/time/OffsetTime
instanceKlass java/time/Period
instanceKlass java/time/OffsetDateTime
instanceKlass java/time/YearMonth
instanceKlass java/time/ZonedDateTime
instanceKlass java/time/chrono/ChronoZonedDateTime
instanceKlass java/time/chrono/ChronoPeriod
instanceKlass org/apache/groovy/datetime/extensions/DateTimeStaticExtensions
instanceKlass org/apache/groovy/datetime/extensions/DateTimeExtensions
instanceKlass  @bci org/codehaus/groovy/runtime/metaclass/MetaClassRegistryImpl$DefaultModuleListener onModule (Lorg/codehaus/groovy/runtime/m12n/ExtensionModule;)V 157 <appendix> argL0 ; # org/codehaus/groovy/runtime/metaclass/MetaClassRegistryImpl$DefaultModuleListener$$Lambda+0x000002b54c598f38
instanceKlass org/codehaus/groovy/runtime/metaclass/MethodHelper
instanceKlass java/time/Instant
instanceKlass org/apache/groovy/dateutil/extensions/DateUtilStaticExtensions
instanceKlass  @bci org/codehaus/groovy/runtime/m12n/MetaInfExtensionModule newModule (Ljava/util/Properties;Ljava/lang/ClassLoader;)Lorg/codehaus/groovy/runtime/m12n/MetaInfExtensionModule; 134 <appendix> argL0 ; # org/codehaus/groovy/runtime/m12n/MetaInfExtensionModule$$Lambda+0x000002b54c5988d8
instanceKlass org/apache/groovy/dateutil/extensions/DateUtilExtensions
instanceKlass  @bci org/codehaus/groovy/runtime/m12n/MetaInfExtensionModule newModule (Ljava/util/Properties;Ljava/lang/ClassLoader;)Lorg/codehaus/groovy/runtime/m12n/MetaInfExtensionModule; 99 <appendix> argL0 ; # org/codehaus/groovy/runtime/m12n/MetaInfExtensionModule$$Lambda+0x000002b54c598480
instanceKlass  @bci org/codehaus/groovy/runtime/m12n/MetaInfExtensionModule newModule (Ljava/util/Properties;Ljava/lang/ClassLoader;)Lorg/codehaus/groovy/runtime/m12n/MetaInfExtensionModule; 44 <appendix> member <vmtarget> ; # org/codehaus/groovy/runtime/m12n/MetaInfExtensionModule$$Lambda+0x000002b54c598238
instanceKlass org/codehaus/groovy/runtime/m12n/ExtensionModule
instanceKlass org/codehaus/groovy/runtime/m12n/PropertiesModuleFactory
instanceKlass org/codehaus/groovy/util/URLStreams
instanceKlass org/codehaus/groovy/runtime/metaclass/MetaClassRegistryImpl$DefaultModuleListener
instanceKlass org/codehaus/groovy/runtime/m12n/ExtensionModuleScanner
instanceKlass java/util/ResourceBundle$CacheKey
instanceKlass org/codehaus/groovy/runtime/DefaultGroovyStaticMethods
instanceKlass java/lang/constant/DynamicConstantDesc
instanceKlass java/lang/constant/ClassDesc
instanceKlass  @bci org/codehaus/groovy/runtime/metaclass/MetaClassRegistryImpl registerMethods (Ljava/lang/Class;ZZLjava/util/Map;)V 307 <appendix> argL0 ; # org/codehaus/groovy/runtime/metaclass/MetaClassRegistryImpl$$Lambda+0x000002b54c597410
instanceKlass org/codehaus/groovy/runtime/RangeInfo
instanceKlass java/util/function/DoubleFunction
instanceKlass java/util/function/IntPredicate
instanceKlass java/util/function/LongPredicate
instanceKlass java/util/function/DoublePredicate
instanceKlass org/codehaus/groovy/vmplugin/v10/PluginDefaultGroovyMethods
instanceKlass  @bci org/codehaus/groovy/runtime/metaclass/MetaClassRegistryImpl createMetaMethodFromClass (Ljava/util/Map;Ljava/lang/Class;)V 28 <appendix> argL0 ; # org/codehaus/groovy/runtime/metaclass/MetaClassRegistryImpl$$Lambda+0x000002b54c5937f8
instanceKlass java/util/function/ToDoubleFunction
instanceKlass java/util/function/ToLongFunction
instanceKlass java/util/function/ToIntFunction
instanceKlass java/lang/ProcessHandle
instanceKlass java/lang/ProcessHandle$Info
instanceKlass  @bci org/codehaus/groovy/reflection/stdclasses/CachedSAMClass getSAMMethod (Ljava/lang/Class;)Ljava/lang/reflect/Method; 152 <appendix> member <vmtarget> ; # org/codehaus/groovy/reflection/stdclasses/CachedSAMClass$$Lambda+0x000002b54c592f98
instanceKlass  @bci org/codehaus/groovy/reflection/stdclasses/CachedSAMClass getDeclaredMethods (Ljava/lang/Class;)[Ljava/lang/reflect/Method; 6 <appendix> member <vmtarget> ; # org/codehaus/groovy/reflection/stdclasses/CachedSAMClass$$Lambda+0x000002b54c592d70
# instanceKlass org/codehaus/groovy/reflection/stdclasses/CachedSAMClass$$InjectedInvoker+0x000002b54c596000
instanceKlass org/codehaus/groovy/runtime/MetaClassHelper
# instanceKlass java/lang/invoke/LambdaForm$MH+0x000002b54c595c00
# instanceKlass java/lang/invoke/LambdaForm$MH+0x000002b54c595800
# instanceKlass java/lang/invoke/LambdaForm$MH+0x000002b54c595400
# instanceKlass java/lang/invoke/LambdaForm$MH+0x000002b54c595000
# instanceKlass org/codehaus/groovy/reflection/ReflectionUtils$$InjectedInvoker+0x000002b54c594c00
instanceKlass java/lang/invoke/MethodHandleImpl$BindCaller$InjectedInvokerHolder
# instanceKlass java/lang/invoke/LambdaForm$MH+0x000002b54c594800
instanceKlass java/lang/invoke/MethodHandleImpl$BindCaller
instanceKlass  @bci java/lang/SecurityManager nonExportedPkgs (Ljava/lang/module/ModuleDescriptor;)Ljava/util/Set; 92 <appendix> member <vmtarget> ; # java/lang/SecurityManager$$Lambda+0x000002b54c2d0e00
instanceKlass  @bci java/lang/SecurityManager nonExportedPkgs (Ljava/lang/module/ModuleDescriptor;)Ljava/util/Set; 76 <appendix> argL0 ; # java/lang/SecurityManager$$Lambda+0x000002b54c2d0bc0
instanceKlass  @bci java/lang/SecurityManager nonExportedPkgs (Ljava/lang/module/ModuleDescriptor;)Ljava/util/Set; 66 <appendix> argL0 ; # java/lang/SecurityManager$$Lambda+0x000002b54c2d0970
instanceKlass  @bci java/lang/SecurityManager nonExportedPkgs (Ljava/lang/module/ModuleDescriptor;)Ljava/util/Set; 47 <appendix> member <vmtarget> ; # java/lang/SecurityManager$$Lambda+0x000002b54c2d0738
instanceKlass  @bci java/lang/SecurityManager nonExportedPkgs (Ljava/lang/module/ModuleDescriptor;)Ljava/util/Set; 31 <appendix> argL0 ; # java/lang/SecurityManager$$Lambda+0x000002b54c2d04f8
instanceKlass  @bci java/lang/SecurityManager nonExportedPkgs (Ljava/lang/module/ModuleDescriptor;)Ljava/util/Set; 21 <appendix> argL0 ; # java/lang/SecurityManager$$Lambda+0x000002b54c2d02a8
instanceKlass  @bci java/lang/SecurityManager addNonExportedPackages (Ljava/lang/ModuleLayer;)V 59 <appendix> argL0 ; # java/lang/SecurityManager$$Lambda+0x000002b54c2d0078
instanceKlass  @bci java/lang/SecurityManager addNonExportedPackages (Ljava/lang/ModuleLayer;)V 49 <appendix> argL0 ; # java/lang/SecurityManager$$Lambda+0x000002b54c2cfe38
instanceKlass  @bci java/lang/SecurityManager addNonExportedPackages (Ljava/lang/ModuleLayer;)V 39 <appendix> argL0 ; # java/lang/SecurityManager$$Lambda+0x000002b54c2cfbf8
instanceKlass  @bci java/lang/SecurityManager addNonExportedPackages (Ljava/lang/ModuleLayer;)V 29 <appendix> member <vmtarget> ; # java/lang/SecurityManager$$Lambda+0x000002b54c2cf9a0
instanceKlass  @cpi org/gradle/api/internal/artifacts/repositories/DefaultMavenArtifactRepository 558 form vmentry <vmtarget> ; # java/lang/invoke/LambdaForm$DMH+0x000002b54c594400
instanceKlass  @bci java/lang/SecurityManager addNonExportedPackages (Ljava/lang/ModuleLayer;)V 17 <appendix> argL0 ; # java/lang/SecurityManager$$Lambda+0x000002b54c2cf760
instanceKlass  @bci org/codehaus/groovy/vmplugin/v9/Java9 <clinit> ()V 149 <appendix> argL0 ; # org/codehaus/groovy/vmplugin/v9/Java9$$Lambda+0x000002b54c5923a8
instanceKlass  @bci org/codehaus/groovy/vmplugin/v9/Java9 isExported (Ljava/lang/module/ModuleDescriptor;Ljava/lang/String;)Z 10 <appendix> member <vmtarget> ; # org/codehaus/groovy/vmplugin/v9/Java9$$Lambda+0x000002b54c592150
instanceKlass  @bci org/codehaus/groovy/vmplugin/v9/Java9 isOpen (Ljava/lang/module/ModuleDescriptor;Ljava/lang/String;)Z 10 <appendix> member <vmtarget> ; # org/codehaus/groovy/vmplugin/v9/Java9$$Lambda+0x000002b54c591ef8
instanceKlass  @bci org/codehaus/groovy/vmplugin/v9/Java9 lambda$static$7 (Ljava/util/Map;Ljava/lang/module/ModuleDescriptor;)V 6 <appendix> member <vmtarget> ; # org/codehaus/groovy/vmplugin/v9/Java9$$Lambda+0x000002b54c591cc0
instanceKlass  @bci org/codehaus/groovy/vmplugin/v9/Java9 <clinit> ()V 37 <appendix> member <vmtarget> ; # org/codehaus/groovy/vmplugin/v9/Java9$$Lambda+0x000002b54c591a88
instanceKlass  @cpi org/codehaus/groovy/vmplugin/v9/Java9 3442 form vmentry <vmtarget> ; # java/lang/invoke/LambdaForm$DMH+0x000002b54c594000
instanceKlass  @bci org/codehaus/groovy/vmplugin/v9/Java9 <clinit> ()V 26 <appendix> argL0 ; # org/codehaus/groovy/vmplugin/v9/Java9$$Lambda+0x000002b54c591848
instanceKlass org/codehaus/groovy/ast/Variable
instanceKlass org/codehaus/groovy/vmplugin/v8/Java8
instanceKlass java/security/CodeSigner
instanceKlass org/codehaus/groovy/runtime/NumberAwareComparator
instanceKlass org/codehaus/groovy/runtime/StreamGroovyMethods
instanceKlass org/codehaus/groovy/runtime/EncodingGroovyMethods
instanceKlass org/codehaus/groovy/runtime/DefaultGroovyMethodsSupport
instanceKlass  @bci org/codehaus/groovy/vmplugin/VMPluginFactory createPlugin ()Lorg/codehaus/groovy/vmplugin/VMPlugin; 0 <appendix> argL0 ; # org/codehaus/groovy/vmplugin/VMPluginFactory$$Lambda+0x000002b54c585e78
instanceKlass org/apache/groovy/util/Maps
instanceKlass org/codehaus/groovy/vmplugin/VMPluginFactory
instanceKlass org/codehaus/groovy/reflection/ReflectionUtils
instanceKlass  @bci org/codehaus/groovy/reflection/CachedClass$3 lambda$initValue$4 ()[Lorg/codehaus/groovy/reflection/CachedMethod; 44 <appendix> argL0 ; # org/codehaus/groovy/reflection/CachedClass$3$$Lambda+0x000002b54c585640
instanceKlass  @bci org/codehaus/groovy/reflection/CachedClass$3 lambda$initValue$4 ()[Lorg/codehaus/groovy/reflection/CachedMethod; 34 <appendix> member <vmtarget> ; # org/codehaus/groovy/reflection/CachedClass$3$$Lambda+0x000002b54c5853f8
instanceKlass  @bci org/codehaus/groovy/reflection/CachedClass$3 lambda$initValue$4 ()[Lorg/codehaus/groovy/reflection/CachedMethod; 23 <appendix> argL0 ; # org/codehaus/groovy/reflection/CachedClass$3$$Lambda+0x000002b54c5851a8
instanceKlass  @bci org/codehaus/groovy/reflection/CachedClass$3 lambda$initValue$4 ()[Lorg/codehaus/groovy/reflection/CachedMethod; 13 <appendix> argL0 ; # org/codehaus/groovy/reflection/CachedClass$3$$Lambda+0x000002b54c584f58
instanceKlass org/codehaus/groovy/runtime/memoize/MemoizeCache
instanceKlass  @bci org/codehaus/groovy/reflection/CachedClass$3 initValue ()[Lorg/codehaus/groovy/reflection/CachedMethod; 1 <appendix> member <vmtarget> ; # org/codehaus/groovy/reflection/CachedClass$3$$Lambda+0x000002b54c583748
instanceKlass org/codehaus/groovy/transform/trait/Traits$Implemented
instanceKlass  @bci org/codehaus/groovy/reflection/stdclasses/CachedSAMClass <clinit> ()V 15 <appendix> argL0 ; # org/codehaus/groovy/reflection/stdclasses/CachedSAMClass$$Lambda+0x000002b54c583308
instanceKlass  @bci org/codehaus/groovy/runtime/metaclass/MetaClassRegistryImpl registerMethods (Ljava/lang/Class;ZZLjava/util/Map;)V 142 <appendix> argL0 ; # org/codehaus/groovy/runtime/metaclass/MetaClassRegistryImpl$$Lambda+0x000002b54c5830c8
instanceKlass org/codehaus/groovy/util/ReferenceType$HardRef
instanceKlass org/codehaus/groovy/util/ManagedReference
instanceKlass org/codehaus/groovy/reflection/ClassInfo$GlobalClassSet
instanceKlass org/codehaus/groovy/reflection/GroovyClassValue
instanceKlass org/codehaus/groovy/reflection/GroovyClassValueFactory
instanceKlass org/codehaus/groovy/reflection/ClassInfo$1
instanceKlass org/codehaus/groovy/reflection/GroovyClassValue$ComputeValue
instanceKlass org/codehaus/groovy/util/ComplexKeyHashMap$Entry
instanceKlass org/codehaus/groovy/util/ComplexKeyHashMap$EntryIterator
instanceKlass org/codehaus/groovy/util/ComplexKeyHashMap
instanceKlass org/codehaus/groovy/reflection/ReflectionCache
instanceKlass java/util/OptionalLong
instanceKlass java/util/OptionalInt
instanceKlass java/util/OptionalDouble
instanceKlass java/util/stream/LongStream
instanceKlass java/util/stream/DoubleStream
instanceKlass java/lang/Process
instanceKlass java/util/Timer
instanceKlass java/util/TimerTask
instanceKlass groovy/lang/groovydoc/Groovydoc
instanceKlass groovy/lang/ListWithDefault
instanceKlass groovy/lang/Range
instanceKlass groovy/util/BufferedIterator
instanceKlass org/codehaus/groovy/reflection/GeneratedMetaMethod$DgmMethodRecord
instanceKlass groovy/lang/MetaClassRegistry$MetaClassCreationHandle
instanceKlass org/apache/groovy/util/SystemUtil
instanceKlass org/codehaus/groovy/runtime/m12n/ExtensionModuleRegistry
instanceKlass org/codehaus/groovy/util/Reference
instanceKlass org/codehaus/groovy/util/ReferenceManager
instanceKlass org/codehaus/groovy/util/ReferenceBundle
instanceKlass org/codehaus/groovy/util/ManagedConcurrentLinkedQueue
instanceKlass groovy/lang/MetaClassRegistryChangeEventListener
instanceKlass java/util/EventListener
instanceKlass org/codehaus/groovy/runtime/m12n/ExtensionModuleScanner$ExtensionModuleListener
instanceKlass org/codehaus/groovy/runtime/metaclass/MetaClassRegistryImpl
instanceKlass org/codehaus/groovy/runtime/InvokerHelper
instanceKlass org/gradle/api/internal/plugins/ExtraPropertiesExtensionInternal
instanceKlass org/gradle/internal/extensibility/ExtensionsStorage
instanceKlass org/gradle/api/plugins/ExtraPropertiesExtension
instanceKlass org/gradle/internal/extensibility/DefaultExtensionContainer
instanceKlass org/gradle/api/internal/plugins/ExtensionContainerInternal
instanceKlass org/gradle/api/internal/coerce/StringToEnumTransformer
instanceKlass org/gradle/internal/classpath/InstrumentedGroovyMetaClassHelper
instanceKlass org/codehaus/groovy/runtime/metaclass/MetaMethodIndex
instanceKlass org/codehaus/groovy/vmplugin/VMPlugin
instanceKlass java/beans/BeanInfo
instanceKlass org/codehaus/groovy/runtime/metaclass/MetaMethodIndex$Entry
instanceKlass groovyjarjarasm/asm/ClassVisitor
instanceKlass org/codehaus/groovy/util/FastArray
instanceKlass org/codehaus/groovy/runtime/metaclass/MetaMethodIndex$Header
instanceKlass org/codehaus/groovy/reflection/ClassInfo
instanceKlass org/codehaus/groovy/util/Finalizable
instanceKlass org/codehaus/groovy/reflection/CachedClass
instanceKlass org/codehaus/groovy/ast/ASTNode
instanceKlass org/codehaus/groovy/ast/NodeMetaDataHandler
instanceKlass groovy/lang/groovydoc/GroovydocHolder
instanceKlass org/codehaus/groovy/util/SingleKeyHashMap$Copier
instanceKlass groovy/lang/MetaClassImpl$MethodIndexAction
instanceKlass org/codehaus/groovy/runtime/callsite/CallSite
instanceKlass org/codehaus/groovy/reflection/ParameterTypes
instanceKlass groovy/lang/MetaClassImpl
instanceKlass groovy/lang/MutableMetaClass
instanceKlass org/gradle/internal/metaobject/BeanDynamicObject$MetaClassAdapter
instanceKlass org/gradle/api/internal/coerce/PropertySetTransformer
instanceKlass org/gradle/api/internal/coerce/MethodArgumentsTransformer
instanceKlass  @bci org/gradle/initialization/DefaultSettings_Decorated $gradleInit ()V 1 <appendix> member <vmtarget> ; # org/gradle/initialization/DefaultSettings_Decorated$$Lambda+0x000002b54c567598
instanceKlass  @bci org/gradle/initialization/DefaultToolchainManagement_Decorated $gradleInit ()V 1 <appendix> member <vmtarget> ; # org/gradle/initialization/DefaultToolchainManagement_Decorated$$Lambda+0x000002b54c567370
instanceKlass org/gradle/initialization/DefaultToolchainManagement
instanceKlass org/gradle/initialization/DefaultProjectDescriptor
instanceKlass java/util/stream/Sink$ChainedInt
instanceKlass  @bci java/io/WinNTFileSystem listRoots ()[Ljava/io/File; 38 <appendix> argL0 ; # java/io/WinNTFileSystem$$Lambda+0x000002b54c2cbc08
instanceKlass  @bci java/io/WinNTFileSystem listRoots ()[Ljava/io/File; 28 <appendix> member <vmtarget> ; # java/io/WinNTFileSystem$$Lambda+0x000002b54c2cb9b0
instanceKlass  @bci java/io/WinNTFileSystem listRoots ()[Ljava/io/File; 17 <appendix> member <vmtarget> ; # java/io/WinNTFileSystem$$Lambda+0x000002b54c2cb290
instanceKlass java/util/BitSet$1BitSetSpliterator
instanceKlass java/util/BitSet
instanceKlass org/gradle/initialization/DefaultProjectDescriptorRegistry
instanceKlass org/gradle/vcs/VcsMappings
instanceKlass org/gradle/vcs/internal/services/VersionControlServices$VersionControlSettingsServices
instanceKlass org/gradle/plugin/internal/PluginUseServices$SettingsScopeServices
instanceKlass org/gradle/api/internal/plugins/PluginTarget
instanceKlass org/gradle/internal/service/scopes/SettingsScopeServices
# instanceKlass java/lang/invoke/LambdaForm$MH+0x000002b54c562400
# instanceKlass java/lang/invoke/LambdaForm$MH+0x000002b54c562000
# instanceKlass java/lang/invoke/LambdaForm$MH+0x000002b54c561c00
# instanceKlass java/lang/invoke/LambdaForm$MH+0x000002b54c561800
# instanceKlass java/lang/invoke/LambdaForm$MH+0x000002b54c561400
# instanceKlass java/lang/invoke/LambdaForm$MH+0x000002b54c561000
# instanceKlass java/lang/invoke/LambdaForm$MH+0x000002b54c560c00
# instanceKlass java/lang/invoke/LambdaForm$MH+0x000002b54c560800
instanceKlass org/gradle/initialization/IncludedBuildSpec
instanceKlass org/gradle/plugin/management/PluginManagementSpec
instanceKlass org/gradle/initialization/ProjectDescriptorRegistry
instanceKlass org/gradle/vcs/SourceControl
instanceKlass org/gradle/api/file/BuildLayout
instanceKlass org/gradle/initialization/ProjectDescriptorInternal
instanceKlass org/gradle/api/initialization/ProjectDescriptor
instanceKlass  @bci org/gradle/api/internal/initialization/DefaultScriptHandler_Decorated $gradleInit ()V 1 <appendix> member <vmtarget> ; # org/gradle/api/internal/initialization/DefaultScriptHandler_Decorated$$Lambda+0x000002b54c5646c0
instanceKlass org/gradle/api/attributes/DocsType
instanceKlass org/gradle/api/internal/artifacts/JavaEcosystemAttributesDescriber
instanceKlass org/gradle/api/internal/artifacts/JavaEcosystemSupport$TargetJvmEnvironmentDisambiguationRules
instanceKlass org/gradle/api/internal/artifacts/JavaEcosystemSupport$TargetJvmEnvironmentCompatibilityRules
instanceKlass org/gradle/api/attributes/java/TargetJvmEnvironment
instanceKlass org/gradle/api/internal/attributes/DefaultOrderedDisambiguationRule
instanceKlass org/gradle/api/internal/attributes/DefaultOrderedCompatibilityRule
instanceKlass org/gradle/api/internal/attributes/AttributeMatchingRules
instanceKlass org/gradle/api/attributes/java/TargetJvmVersion
instanceKlass org/gradle/api/internal/artifacts/JavaEcosystemSupport$BundlingDisambiguationRules
instanceKlass org/gradle/api/internal/artifacts/JavaEcosystemSupport$BundlingCompatibilityRules
instanceKlass org/gradle/api/attributes/Bundling
instanceKlass  @bci org/gradle/api/internal/artifacts/JavaEcosystemSupport configureLibraryElements (Lorg/gradle/api/attributes/AttributesSchema;Lorg/gradle/api/model/ObjectFactory;)V 32 <appendix> member <vmtarget> ; # org/gradle/api/internal/artifacts/JavaEcosystemSupport$$Lambda+0x000002b54c556df0
instanceKlass org/gradle/api/internal/artifacts/JavaEcosystemSupport$LibraryElementsDisambiguationRules
instanceKlass org/gradle/api/internal/artifacts/JavaEcosystemSupport$LibraryElementsCompatibilityRules
instanceKlass org/gradle/api/internal/artifacts/JavaEcosystemSupport$1
instanceKlass org/gradle/api/internal/artifacts/JavaEcosystemSupport$UsageDisambiguationRules
instanceKlass org/gradle/api/internal/artifacts/JavaEcosystemSupport$UsageCompatibilityRules
instanceKlass org/gradle/api/internal/artifacts/JavaEcosystemSupport
instanceKlass org/gradle/internal/resource/UriTextResource$UriResourceLocation
instanceKlass org/gradle/api/internal/initialization/ScriptClassPathResolutionContext
instanceKlass org/gradle/api/internal/initialization/DefaultScriptHandler
instanceKlass org/gradle/api/internal/DefaultMutationGuard$1
instanceKlass  @bci org/gradle/api/internal/artifacts/DefaultDependencyManagementServices newDetachedResolver (Lorg/gradle/api/internal/file/FileResolver;Lorg/gradle/api/internal/file/FileCollectionFactory;Lorg/gradle/api/internal/DomainObjectContext;)Lorg/gradle/api/internal/artifacts/DependencyResolutionServices; 69 <appendix> argL0 ; # org/gradle/api/internal/artifacts/DefaultDependencyManagementServices$$Lambda+0x000002b54c55e9b8
instanceKlass  @bci org/gradle/api/internal/artifacts/configurations/DefaultConfigurationContainer_Decorated $gradleInit ()V 1 <appendix> member <vmtarget> ; # org/gradle/api/internal/artifacts/configurations/DefaultConfigurationContainer_Decorated$$Lambda+0x000002b54c55e790
instanceKlass org/gradle/api/internal/artifacts/ivyservice/ResolutionParameters$FailureResolutions
instanceKlass org/gradle/api/internal/artifacts/LegacyResolutionParameters
instanceKlass org/gradle/api/internal/artifacts/ivyservice/moduleconverter/AdhocRootComponentProvider
# instanceKlass java/lang/invoke/LambdaForm$MH+0x000002b54c560400
# instanceKlass java/lang/invoke/LambdaForm$MH+0x000002b54c560000
# instanceKlass java/lang/invoke/LambdaForm$MH+0x000002b54c553c00
# instanceKlass java/lang/invoke/LambdaForm$MH+0x000002b54c553800
# instanceKlass java/lang/invoke/LambdaForm$MH+0x000002b54c553400
# instanceKlass java/lang/invoke/LambdaForm$MH+0x000002b54c553000
# instanceKlass java/lang/invoke/LambdaForm$MH+0x000002b54c552c00
# instanceKlass java/lang/invoke/LambdaForm$DMH+0x000002b54c552800
instanceKlass org/gradle/api/artifacts/ConsumableConfiguration
instanceKlass org/gradle/api/artifacts/ResolvableConfiguration
instanceKlass org/gradle/api/internal/artifacts/configurations/ConfigurationRole
instanceKlass org/gradle/api/artifacts/DependencyScopeConfiguration
instanceKlass org/gradle/api/artifacts/LegacyConfiguration
instanceKlass org/gradle/api/internal/file/AbstractFileCollection
instanceKlass org/gradle/api/internal/initialization/ResettableConfiguration
instanceKlass org/gradle/api/internal/artifacts/configurations/MutationValidator
instanceKlass org/gradle/api/internal/artifacts/configurations/ConfigurationInternal
instanceKlass org/gradle/internal/deprecation/DeprecatableConfiguration
# instanceKlass java/lang/invoke/LambdaForm$MH+0x000002b54c552400
# instanceKlass java/lang/invoke/LambdaForm$MH+0x000002b54c552000
# instanceKlass java/lang/invoke/LambdaForm$MH+0x000002b54c551c00
# instanceKlass java/lang/invoke/LambdaForm$MH+0x000002b54c551800
# instanceKlass java/lang/invoke/LambdaForm$MH+0x000002b54c551400
# instanceKlass java/lang/invoke/LambdaForm$MH+0x000002b54c551000
# instanceKlass java/lang/invoke/LambdaForm$MH+0x000002b54c550c00
# instanceKlass java/lang/invoke/LambdaForm$MH+0x000002b54c550800
# instanceKlass java/lang/invoke/LambdaForm$MH+0x000002b54c550400
# instanceKlass java/lang/invoke/LambdaForm$MH+0x000002b54c550000
# instanceKlass java/lang/invoke/LambdaForm$MH+0x000002b54c54fc00
# instanceKlass java/lang/invoke/LambdaForm$MH+0x000002b54c54f800
# instanceKlass java/lang/invoke/LambdaForm$MH+0x000002b54c54f400
# instanceKlass java/lang/invoke/LambdaForm$MH+0x000002b54c54f000
# instanceKlass java/lang/invoke/LambdaForm$MH+0x000002b54c54ec00
# instanceKlass java/lang/invoke/LambdaForm$MH+0x000002b54c54e800
# instanceKlass java/lang/invoke/LambdaForm$MH+0x000002b54c54e400
# instanceKlass java/lang/invoke/LambdaForm$MH+0x000002b54c54e000
# instanceKlass java/lang/invoke/LambdaForm$MH+0x000002b54c54dc00
# instanceKlass java/lang/invoke/LambdaForm$MH+0x000002b54c54d800
instanceKlass  @bci org/gradle/api/internal/artifacts/dsl/DefaultComponentModuleMetadataHandler_Decorated $gradleInit ()V 1 <appendix> member <vmtarget> ; # org/gradle/api/internal/artifacts/dsl/DefaultComponentModuleMetadataHandler_Decorated$$Lambda+0x000002b54c544c60
instanceKlass org/gradle/api/artifacts/ComponentModuleMetadataDetails
instanceKlass org/gradle/api/artifacts/ComponentModuleMetadata
instanceKlass org/gradle/api/internal/artifacts/dsl/ComponentModuleMetadataContainer
instanceKlass org/gradle/api/internal/artifacts/dsl/ImmutableModuleReplacements
instanceKlass org/gradle/api/internal/artifacts/dsl/DefaultComponentModuleMetadataHandler
instanceKlass org/gradle/api/internal/provider/DefaultMapProperty$NoValueSupplier
instanceKlass org/gradle/api/internal/provider/ValidatingMapEntryCollector
instanceKlass org/gradle/api/internal/provider/DefaultMapProperty$EmptySupplier
instanceKlass org/gradle/api/internal/provider/MapSupplier
instanceKlass org/gradle/api/internal/provider/MapCollector
instanceKlass org/gradle/api/internal/provider/MapEntryCollector
instanceKlass org/gradle/api/internal/provider/MapPropertyInternal
instanceKlass org/gradle/api/internal/provider/MapProviderInternal
instanceKlass org/gradle/api/internal/attributes/AttributeEntry
# instanceKlass java/lang/invoke/LambdaForm$MH+0x000002b54c54d400
# instanceKlass java/lang/invoke/LambdaForm$MH+0x000002b54c54d000
# instanceKlass java/lang/invoke/LambdaForm$DMH+0x000002b54c54cc00
# instanceKlass java/lang/invoke/LambdaForm$MH+0x000002b54c54c800
# instanceKlass java/lang/invoke/LambdaForm$DMH+0x000002b54c54c400
# instanceKlass java/lang/invoke/LambdaForm$MH+0x000002b54c54c000
# instanceKlass java/lang/invoke/LambdaForm$DMH+0x000002b54c54bc00
# instanceKlass java/lang/invoke/LambdaForm$MH+0x000002b54c54b800
# instanceKlass java/lang/invoke/LambdaForm$DMH+0x000002b54c54b400
# instanceKlass java/lang/invoke/LambdaForm$MH+0x000002b54c54b000
# instanceKlass java/lang/invoke/LambdaForm$MH+0x000002b54c54ac00
# instanceKlass java/lang/invoke/LambdaForm$MH+0x000002b54c54a800
# instanceKlass java/lang/invoke/LambdaForm$MH+0x000002b54c54a400
# instanceKlass java/lang/invoke/LambdaForm$MH+0x000002b54c54a000
# instanceKlass java/lang/invoke/LambdaForm$MH+0x000002b54c549c00
# instanceKlass java/lang/invoke/LambdaForm$MH+0x000002b54c549800
# instanceKlass java/lang/invoke/LambdaForm$MH+0x000002b54c549400
# instanceKlass java/lang/invoke/LambdaForm$MH+0x000002b54c549000
# instanceKlass java/lang/invoke/LambdaForm$MH+0x000002b54c548c00
# instanceKlass java/lang/invoke/LambdaForm$MH+0x000002b54c548800
# instanceKlass java/lang/invoke/LambdaForm$MH+0x000002b54c548400
# instanceKlass java/lang/invoke/LambdaForm$MH+0x000002b54c548000
# instanceKlass java/lang/invoke/LambdaForm$MH+0x000002b54c543c00
# instanceKlass java/lang/invoke/LambdaForm$MH+0x000002b54c543800
# instanceKlass java/lang/invoke/LambdaForm$MH+0x000002b54c543400
# instanceKlass java/lang/invoke/LambdaForm$MH+0x000002b54c543000
# instanceKlass java/lang/invoke/LambdaForm$MH+0x000002b54c542c00
# instanceKlass java/lang/invoke/LambdaForm$MH+0x000002b54c542800
# instanceKlass java/lang/invoke/LambdaForm$MH+0x000002b54c542400
# instanceKlass java/lang/invoke/LambdaForm$MH+0x000002b54c542000
# instanceKlass java/lang/invoke/LambdaForm$MH+0x000002b54c541c00
# instanceKlass java/lang/invoke/LambdaForm$MH+0x000002b54c541800
# instanceKlass java/lang/invoke/LambdaForm$MH+0x000002b54c541400
# instanceKlass java/lang/invoke/LambdaForm$MH+0x000002b54c541000
# instanceKlass java/lang/invoke/LambdaForm$BMH+0x000002b54c540c00
# instanceKlass java/lang/invoke/LambdaForm$DMH+0x000002b54c540800
# instanceKlass java/lang/invoke/LambdaForm$DMH+0x000002b54c540400
instanceKlass  @bci org/gradle/api/internal/artifacts/ivyservice/ResolutionExecutor <clinit> ()V 0 <appendix> argL0 ; # org/gradle/api/internal/artifacts/ivyservice/ResolutionExecutor$$Lambda+0x000002b54c544000
instanceKlass  @bci org/gradle/api/internal/artifacts/DefaultDependencyManagementServices$DependencyResolutionScopeServices createComponentMetadataProcessorFactory (Lorg/gradle/api/internal/artifacts/dsl/ComponentMetadataHandlerInternal;Lorg/gradle/internal/management/DependencyResolutionManagementInternal;Lorg/gradle/api/internal/DomainObjectContext;)Lorg/gradle/api/internal/artifacts/ComponentMetadataProcessorFactory; 15 <appendix> member <vmtarget> ; # org/gradle/api/internal/artifacts/DefaultDependencyManagementServices$DependencyResolutionScopeServices$$Lambda+0x000002b54c53bd20
# instanceKlass java/lang/invoke/LambdaForm$MH+0x000002b54c540000
# instanceKlass java/lang/invoke/LambdaForm$MH+0x000002b54c539c00
# instanceKlass java/lang/invoke/LambdaForm$MH+0x000002b54c539800
instanceKlass  @bci org/gradle/internal/component/external/model/JavaEcosystemVariantDerivationStrategy_Decorated $gradleInit ()V 1 <appendix> member <vmtarget> ; # org/gradle/internal/component/external/model/JavaEcosystemVariantDerivationStrategy_Decorated$$Lambda+0x000002b54c53baf8
instanceKlass org/gradle/internal/component/external/model/AbstractConfigurationMetadata
instanceKlass org/gradle/internal/component/external/model/ImmutableCapabilities
instanceKlass  @bci org/gradle/api/internal/artifacts/dsl/DefaultComponentMetadataHandler_Decorated $gradleInit ()V 1 <appendix> member <vmtarget> ; # org/gradle/api/internal/artifacts/dsl/DefaultComponentMetadataHandler_Decorated$$Lambda+0x000002b54c53a670
instanceKlass org/gradle/internal/component/external/model/AbstractStatelessDerivationStrategy
instanceKlass org/gradle/api/internal/artifacts/dsl/MetadataRuleWrapper
instanceKlass org/gradle/api/internal/notations/ComponentIdentifierParserFactory
instanceKlass org/gradle/api/artifacts/DependencyConstraintMetadata
instanceKlass org/gradle/api/internal/catalog/parser/StrictVersionParser
instanceKlass org/gradle/api/internal/notations/DependencyStringNotationConverter
instanceKlass org/gradle/api/internal/notations/DependencyMetadataNotationParser
instanceKlass org/gradle/api/internal/artifacts/repositories/resolver/AbstractDependencyImpl
instanceKlass org/gradle/api/artifacts/DirectDependencyMetadata
instanceKlass org/gradle/api/artifacts/DependencyMetadata
instanceKlass org/gradle/internal/rules/DefaultRuleActionAdapter
instanceKlass org/gradle/api/artifacts/maven/PomModuleDescriptor
instanceKlass org/gradle/api/artifacts/ivy/IvyModuleDescriptor
instanceKlass org/gradle/internal/rules/DefaultRuleActionValidator
# instanceKlass java/lang/invoke/LambdaForm$MH+0x000002b54c539400
# instanceKlass java/lang/invoke/LambdaForm$MH+0x000002b54c539000
# instanceKlass java/lang/invoke/LambdaForm$MH+0x000002b54c538c00
# instanceKlass java/lang/invoke/LambdaForm$MH+0x000002b54c538800
# instanceKlass java/lang/invoke/LambdaForm$MH+0x000002b54c538400
# instanceKlass java/lang/invoke/LambdaForm$MH+0x000002b54c538000
# instanceKlass java/lang/invoke/LambdaForm$MH+0x000002b54c533c00
# instanceKlass java/lang/invoke/LambdaForm$MH+0x000002b54c533800
instanceKlass org/gradle/api/internal/artifacts/dsl/ComponentMetadataRuleContainer
instanceKlass org/gradle/internal/rules/SpecRuleAction
instanceKlass org/gradle/internal/rules/RuleAction
instanceKlass org/gradle/internal/component/external/model/VariantDerivationStrategy
instanceKlass org/gradle/api/internal/artifacts/dsl/SpecConfigurableRule
instanceKlass org/gradle/api/internal/artifacts/ComponentMetadataProcessor
instanceKlass org/gradle/internal/rules/RuleActionAdapter
instanceKlass org/gradle/internal/rules/RuleActionValidator
# instanceKlass java/lang/invoke/LambdaForm$MH+0x000002b54c533400
# instanceKlass java/lang/invoke/LambdaForm$MH+0x000002b54c533000
# instanceKlass java/lang/invoke/LambdaForm$MH+0x000002b54c532c00
# instanceKlass java/lang/invoke/LambdaForm$MH+0x000002b54c532800
# instanceKlass java/lang/invoke/LambdaForm$MH+0x000002b54c532400
# instanceKlass java/lang/invoke/LambdaForm$MH+0x000002b54c532000
# instanceKlass java/lang/invoke/LambdaForm$MH+0x000002b54c531c00
# instanceKlass java/lang/invoke/LambdaForm$MH+0x000002b54c531800
instanceKlass  @bci org/gradle/internal/resolve/caching/ComponentMetadataRuleExecutor getKeyToSnapshotableTransformer ()Lorg/gradle/api/Transformer; 0 <appendix> argL0 ; # org/gradle/internal/resolve/caching/ComponentMetadataRuleExecutor$$Lambda+0x000002b54c534a28
instanceKlass  @bci org/gradle/internal/resolve/caching/ComponentMetadataRuleExecutor createValidator (Lorg/gradle/util/internal/BuildCommencedTimeProvider;)Lorg/gradle/internal/resolve/caching/CrossBuildCachingRuleExecutor$EntryValidator; 1 <appendix> member <vmtarget> ; # org/gradle/internal/resolve/caching/ComponentMetadataRuleExecutor$$Lambda+0x000002b54c534800
# instanceKlass java/lang/invoke/LambdaForm$MH+0x000002b54c531400
# instanceKlass java/lang/invoke/LambdaForm$MH+0x000002b54c531000
# instanceKlass java/lang/invoke/LambdaForm$MH+0x000002b54c530c00
# instanceKlass java/lang/invoke/LambdaForm$MH+0x000002b54c530800
instanceKlass org/gradle/internal/component/model/ModuleConfigurationMetadata
instanceKlass org/gradle/internal/component/model/VariantResolveMetadata
instanceKlass org/gradle/internal/component/external/model/ExternalModuleVariantGraphResolveMetadata
instanceKlass org/gradle/internal/component/model/ConfigurationGraphResolveMetadata
instanceKlass org/gradle/internal/component/external/model/ModuleDependencyMetadata
instanceKlass org/gradle/internal/component/model/ConfigurationMetadata
instanceKlass org/gradle/internal/component/external/model/AbstractRealisedModuleResolveMetadataSerializationHelper
instanceKlass org/gradle/internal/component/external/model/VirtualComponentIdentifier
instanceKlass org/gradle/internal/component/external/model/ModuleComponentResolveMetadata
# instanceKlass java/lang/invoke/LambdaForm$MH+0x000002b54c530400
# instanceKlass java/lang/invoke/LambdaForm$MH+0x000002b54c530000
# instanceKlass java/lang/invoke/LambdaForm$MH+0x000002b54c529c00
# instanceKlass java/lang/invoke/LambdaForm$MH+0x000002b54c529800
# instanceKlass java/lang/invoke/LambdaForm$MH+0x000002b54c529400
# instanceKlass java/lang/invoke/LambdaForm$MH+0x000002b54c529000
# instanceKlass java/lang/invoke/LambdaForm$MH+0x000002b54c528c00
# instanceKlass java/lang/invoke/LambdaForm$MH+0x000002b54c528800
instanceKlass  @bci org/gradle/api/internal/artifacts/transform/ConsumerProvidedVariantFinder <init> (Lorg/gradle/api/internal/artifacts/VariantTransformRegistry;Lorg/gradle/api/internal/attributes/AttributesSchemaInternal;Lorg/gradle/api/internal/attributes/AttributesFactory;Lorg/gradle/api/internal/attributes/AttributeSchemaServices;)V 40 <appendix> member <vmtarget> ; # org/gradle/api/internal/artifacts/transform/ConsumerProvidedVariantFinder$$Lambda+0x000002b54c52eee8
instanceKlass org/gradle/api/internal/artifacts/transform/ConsumerProvidedVariantFinder$TransformCache
instanceKlass  @bci org/gradle/api/internal/artifacts/transform/ConsumerProvidedVariantFinder <init> (Lorg/gradle/api/internal/artifacts/VariantTransformRegistry;Lorg/gradle/api/internal/attributes/AttributesSchemaInternal;Lorg/gradle/api/internal/attributes/AttributesFactory;Lorg/gradle/api/internal/attributes/AttributeSchemaServices;)V 21 <appendix> member <vmtarget> ; # org/gradle/api/internal/artifacts/transform/ConsumerProvidedVariantFinder$$Lambda+0x000002b54c52eab0
# instanceKlass java/lang/invoke/LambdaForm$MH+0x000002b54c528400
instanceKlass org/gradle/api/internal/artifacts/dsl/dependencies/GradlePluginVariantsSupport$TargetGradleVersionDisambiguationRule
instanceKlass org/gradle/api/internal/attributes/DefaultCompatibilityRuleChain$ExceptionHandler
instanceKlass org/gradle/api/internal/artifacts/dsl/dependencies/GradlePluginVariantsSupport$TargetGradleVersionCompatibilityRule
instanceKlass org/gradle/api/attributes/AttributeCompatibilityRule
instanceKlass org/gradle/api/attributes/plugin/GradlePluginApiVersion
instanceKlass org/gradle/api/internal/attributes/DefaultDisambiguationRuleChain$ExceptionHandler
instanceKlass org/gradle/internal/action/DefaultConfigurableRules
instanceKlass org/gradle/internal/action/ConfigurableRules
instanceKlass org/gradle/internal/action/InstantiatingAction
instanceKlass org/gradle/api/artifacts/CacheableRule
instanceKlass org/gradle/api/internal/DefaultActionConfiguration
instanceKlass org/gradle/internal/action/DefaultConfigurableRule
instanceKlass  @bci org/gradle/api/internal/artifacts/dsl/dependencies/PlatformSupport configureCategoryDisambiguationRule (Lorg/gradle/api/attributes/AttributesSchema;)V 19 <appendix> member <vmtarget> ; # org/gradle/api/internal/artifacts/dsl/dependencies/PlatformSupport$$Lambda+0x000002b54c52dd38
instanceKlass org/gradle/api/ActionConfiguration
instanceKlass org/gradle/api/internal/artifacts/dsl/dependencies/PlatformSupport$ComponentCategoryDisambiguationRule
instanceKlass org/gradle/api/attributes/AttributeDisambiguationRule
instanceKlass  @bci org/gradle/api/internal/attributes/DefaultAttributeMatchingStrategy_Decorated $gradleInit ()V 1 <appendix> member <vmtarget> ; # org/gradle/api/internal/attributes/DefaultAttributeMatchingStrategy_Decorated$$Lambda+0x000002b54c52d8c8
instanceKlass  @bci org/gradle/api/internal/attributes/DefaultDisambiguationRuleChain_Decorated $gradleInit ()V 1 <appendix> member <vmtarget> ; # org/gradle/api/internal/attributes/DefaultDisambiguationRuleChain_Decorated$$Lambda+0x000002b54c52d6a0
instanceKlass  @bci org/gradle/api/internal/attributes/DefaultCompatibilityRuleChain_Decorated $gradleInit ()V 1 <appendix> member <vmtarget> ; # org/gradle/api/internal/attributes/DefaultCompatibilityRuleChain_Decorated$$Lambda+0x000002b54c52d0a8
instanceKlass org/gradle/internal/action/ConfigurableRule
instanceKlass org/gradle/internal/action/InstantiatingAction$ExceptionHandler
instanceKlass org/objectweb/asm/signature/SignatureVisitor
instanceKlass org/gradle/api/internal/attributes/DefaultCompatibilityRuleChain
instanceKlass org/gradle/api/internal/attributes/DefaultDisambiguationRuleChain
instanceKlass org/gradle/api/attributes/CompatibilityRuleChain
instanceKlass org/gradle/api/attributes/DisambiguationRuleChain
instanceKlass  @bci org/gradle/api/internal/attributes/DefaultAttributesSchema_Decorated $gradleInit ()V 1 <appendix> member <vmtarget> ; # org/gradle/api/internal/attributes/DefaultAttributesSchema_Decorated$$Lambda+0x000002b54c517bd8
instanceKlass org/gradle/api/internal/attributes/DefaultAttributeMatchingStrategy
instanceKlass org/gradle/api/attributes/AttributeMatchingStrategy
instanceKlass org/gradle/api/internal/attributes/DefaultAttributesSchema
instanceKlass org/gradle/api/attributes/Category$Impl
instanceKlass org/gradle/api/attributes/Category
instanceKlass org/gradle/api/artifacts/transform/TransformParameters$None
instanceKlass org/gradle/api/artifacts/transform/TransformParameters
instanceKlass org/gradle/api/artifacts/transform/TransformAction
instanceKlass org/gradle/api/internal/artifacts/transform/DefaultVariantTransformRegistry
# instanceKlass java/lang/invoke/LambdaForm$MH+0x000002b54c528000
# instanceKlass java/lang/invoke/LambdaForm$MH+0x000002b54c525c00
# instanceKlass java/lang/invoke/LambdaForm$MH+0x000002b54c525800
# instanceKlass java/lang/invoke/LambdaForm$MH+0x000002b54c525400
# instanceKlass java/lang/invoke/LambdaForm$MH+0x000002b54c525000
# instanceKlass java/lang/invoke/LambdaForm$MH+0x000002b54c524c00
# instanceKlass java/lang/invoke/LambdaForm$MH+0x000002b54c524800
instanceKlass org/gradle/api/internal/artifacts/TransformRegistration
instanceKlass org/gradle/api/internal/artifacts/transform/Transform
instanceKlass org/gradle/internal/properties/PropertyVisitor
instanceKlass org/gradle/api/internal/artifacts/transform/DefaultTransformRegistrationFactory
# instanceKlass java/lang/invoke/LambdaForm$MH+0x000002b54c524400
# instanceKlass java/lang/invoke/LambdaForm$MH+0x000002b54c524000
# instanceKlass java/lang/invoke/LambdaForm$MH+0x000002b54c523c00
# instanceKlass java/lang/invoke/LambdaForm$MH+0x000002b54c523800
# instanceKlass java/lang/invoke/LambdaForm$MH+0x000002b54c523400
# instanceKlass java/lang/invoke/LambdaForm$MH+0x000002b54c523000
# instanceKlass java/lang/invoke/LambdaForm$MH+0x000002b54c522c00
# instanceKlass java/lang/invoke/LambdaForm$MH+0x000002b54c522800
# instanceKlass java/lang/invoke/LambdaForm$MH+0x000002b54c522400
# instanceKlass java/lang/invoke/LambdaForm$MH+0x000002b54c522000
# instanceKlass java/lang/invoke/LambdaForm$MH+0x000002b54c521c00
# instanceKlass java/lang/invoke/LambdaForm$MH+0x000002b54c521800
instanceKlass org/gradle/api/reflect/InjectionPointQualifier
instanceKlass org/gradle/api/internal/artifacts/transform/DefaultTransformInvocationFactory
# instanceKlass java/lang/invoke/LambdaForm$MH+0x000002b54c521400
# instanceKlass java/lang/invoke/LambdaForm$MH+0x000002b54c521000
# instanceKlass java/lang/invoke/LambdaForm$MH+0x000002b54c520c00
# instanceKlass java/lang/invoke/LambdaForm$MH+0x000002b54c520800
# instanceKlass java/lang/invoke/LambdaForm$MH+0x000002b54c520400
# instanceKlass java/lang/invoke/LambdaForm$MH+0x000002b54c520000
# instanceKlass java/lang/invoke/LambdaForm$MH+0x000002b54c51fc00
# instanceKlass java/lang/invoke/LambdaForm$MH+0x000002b54c51f800
# instanceKlass java/lang/invoke/LambdaForm$MH+0x000002b54c51f400
# instanceKlass java/lang/invoke/LambdaForm$MH+0x000002b54c51f000
instanceKlass org/gradle/api/internal/artifacts/DefaultDependencyManagementServices$TransformGradleUserHomeServices$1
instanceKlass org/gradle/api/internal/artifacts/DependencyManagementGradleUserHomeScopeServices$3
instanceKlass org/gradle/cache/ManualEvictionInMemoryCache
instanceKlass org/gradle/cache/internal/DefaultCrossBuildInMemoryCacheFactory$CrossBuildCacheRetainingDataFromPreviousBuild
instanceKlass  @bci org/gradle/api/internal/artifacts/DependencyManagementGradleUserHomeScopeServices createTransformWorkspaceServices (Lorg/gradle/cache/scopes/GlobalScopedCacheBuilderFactory;Lorg/gradle/cache/internal/CrossBuildInMemoryCacheFactory;Lorg/gradle/internal/file/FileAccessTimeJournal;Lorg/gradle/api/internal/cache/CacheConfigurationsInternal;Lorg/gradle/cache/CacheCleanupStrategyFactory;Lorg/gradle/cache/UnscopedCacheBuilderFactory;)Lorg/gradle/api/internal/artifacts/transform/ImmutableTransformWorkspaceServices; 22 <appendix> argL0 ; # org/gradle/api/internal/artifacts/DependencyManagementGradleUserHomeScopeServices$$Lambda+0x000002b54c516290
# instanceKlass java/lang/invoke/LambdaForm$MH+0x000002b54c51ec00
# instanceKlass java/lang/invoke/LambdaForm$MH+0x000002b54c51e800
# instanceKlass java/lang/invoke/LambdaForm$MH+0x000002b54c51e400
# instanceKlass java/lang/invoke/LambdaForm$MH+0x000002b54c51e000
# instanceKlass java/lang/invoke/LambdaForm$MH+0x000002b54c51dc00
# instanceKlass java/lang/invoke/LambdaForm$MH+0x000002b54c51d800
instanceKlass org/gradle/api/internal/artifacts/ivyservice/CacheExpirationControl$Expiry
instanceKlass org/gradle/api/artifacts/component/ModuleComponentSelector
instanceKlass org/gradle/api/internal/artifacts/ivyservice/ivyresolve/ChangingValueDependencyResolutionListener
# instanceKlass java/lang/invoke/LambdaForm$MH+0x000002b54c51d400
# instanceKlass java/lang/invoke/LambdaForm$MH+0x000002b54c51d000
# instanceKlass java/lang/invoke/LambdaForm$MH+0x000002b54c51cc00
# instanceKlass java/lang/invoke/LambdaForm$MH+0x000002b54c51c800
# instanceKlass java/lang/invoke/LambdaForm$MH+0x000002b54c51c400
# instanceKlass java/lang/invoke/LambdaForm$MH+0x000002b54c51c000
# instanceKlass java/lang/invoke/LambdaForm$MH+0x000002b54c51bc00
# instanceKlass java/lang/invoke/LambdaForm$MH+0x000002b54c51b800
# instanceKlass java/lang/invoke/LambdaForm$MH+0x000002b54c51b400
# instanceKlass java/lang/invoke/LambdaForm$MH+0x000002b54c51b000
# instanceKlass java/lang/invoke/LambdaForm$MH+0x000002b54c51ac00
# instanceKlass java/lang/invoke/LambdaForm$MH+0x000002b54c51a800
# instanceKlass java/lang/invoke/LambdaForm$MH+0x000002b54c51a400
# instanceKlass java/lang/invoke/LambdaForm$MH+0x000002b54c51a000
# instanceKlass java/lang/invoke/LambdaForm$MH+0x000002b54c519c00
# instanceKlass java/lang/invoke/LambdaForm$BMH+0x000002b54c519800
# instanceKlass java/lang/invoke/LambdaForm$DMH+0x000002b54c519400
# instanceKlass java/lang/invoke/LambdaForm$DMH+0x000002b54c519000
instanceKlass org/gradle/internal/resolve/caching/CrossBuildCachingRuleExecutor$AnySerializer
instanceKlass  @bci org/gradle/internal/resolve/caching/ComponentMetadataSupplierRuleExecutor createValidator (Lorg/gradle/util/internal/BuildCommencedTimeProvider;)Lorg/gradle/internal/resolve/caching/CrossBuildCachingRuleExecutor$EntryValidator; 1 <appendix> member <vmtarget> ; # org/gradle/internal/resolve/caching/ComponentMetadataSupplierRuleExecutor$$Lambda+0x000002b54c5155a8
instanceKlass org/gradle/internal/resolve/caching/CrossBuildCachingRuleExecutor$CachedEntry
instanceKlass org/gradle/api/internal/artifacts/ivyservice/CacheExpirationControl
instanceKlass org/gradle/internal/resolve/caching/CrossBuildCachingRuleExecutor$EntryValidator
instanceKlass  @bci org/gradle/internal/resolve/caching/ComponentMetadataSupplierRuleExecutor <clinit> ()V 0 <appendix> argL0 ; # org/gradle/internal/resolve/caching/ComponentMetadataSupplierRuleExecutor$$Lambda+0x000002b54c514d58
instanceKlass org/gradle/api/artifacts/ResolvedModuleVersion
instanceKlass org/gradle/internal/resolve/caching/ImplicitInputRecorder
instanceKlass org/gradle/api/internal/artifacts/DependencyManagementBuildScopeServices$1
# instanceKlass java/lang/invoke/LambdaForm$MH+0x000002b54c518c00
# instanceKlass java/lang/invoke/LambdaForm$MH+0x000002b54c518800
# instanceKlass java/lang/invoke/LambdaForm$MH+0x000002b54c518400
# instanceKlass java/lang/invoke/LambdaForm$MH+0x000002b54c518000
# instanceKlass java/lang/invoke/LambdaForm$MH+0x000002b54c513c00
# instanceKlass java/lang/invoke/LambdaForm$MH+0x000002b54c513800
# instanceKlass java/lang/invoke/LambdaForm$MH+0x000002b54c513400
# instanceKlass java/lang/invoke/LambdaForm$MH+0x000002b54c513000
instanceKlass org/gradle/api/artifacts/ComponentMetadata
instanceKlass org/gradle/api/internal/artifacts/ivyservice/modulecache/ResolvedArtifactCaches
instanceKlass org/gradle/api/internal/artifacts/ivyservice/modulecache/artifacts/InMemoryModuleArtifactCache
instanceKlass  @bci org/gradle/api/internal/artifacts/DependencyManagementBuildTreeScopeServices createModuleRepositoryCacheProvider (Lorg/gradle/util/internal/BuildCommencedTimeProvider;Lorg/gradle/api/internal/artifacts/ImmutableModuleIdentifierFactory;Lorg/gradle/api/internal/artifacts/ivyservice/ArtifactCachesProvider;Lorg/gradle/api/internal/artifacts/ivyservice/resolveengine/result/AttributeContainerSerializer;Lorg/gradle/api/internal/artifacts/capability/CapabilitySelectorSerializer;Lorg/gradle/api/internal/artifacts/repositories/metadata/MavenMutableModuleMetadataFactory;Lorg/gradle/api/internal/artifacts/repositories/metadata/IvyMutableModuleMetadataFactory;Lorg/gradle/util/internal/SimpleMapInterner;Lorg/gradle/api/internal/artifacts/ivyservice/modulecache/FileStoreAndIndexProvider;Lorg/gradle/api/internal/artifacts/ivyservice/modulecache/ModuleSourcesSerializer;Lorg/gradle/internal/hash/ChecksumService;)Lorg/gradle/api/internal/artifacts/ivyservice/modulecache/ModuleRepositoryCacheProvider; 167 <appendix> membe ; # org/gradle/api/internal/artifacts/DependencyManagementBuildTreeScopeServices$$Lambda+0x000002b54c514248
instanceKlass  @bci org/gradle/api/internal/artifacts/DependencyManagementBuildTreeScopeServices createModuleRepositoryCacheProvider (Lorg/gradle/util/internal/BuildCommencedTimeProvider;Lorg/gradle/api/internal/artifacts/ImmutableModuleIdentifierFactory;Lorg/gradle/api/internal/artifacts/ivyservice/ArtifactCachesProvider;Lorg/gradle/api/internal/artifacts/ivyservice/resolveengine/result/AttributeContainerSerializer;Lorg/gradle/api/internal/artifacts/capability/CapabilitySelectorSerializer;Lorg/gradle/api/internal/artifacts/repositories/metadata/MavenMutableModuleMetadataFactory;Lorg/gradle/api/internal/artifacts/repositories/metadata/IvyMutableModuleMetadataFactory;Lorg/gradle/util/internal/SimpleMapInterner;Lorg/gradle/api/internal/artifacts/ivyservice/modulecache/FileStoreAndIndexProvider;Lorg/gradle/api/internal/artifacts/ivyservice/modulecache/ModuleSourcesSerializer;Lorg/gradle/internal/hash/ChecksumService;)Lorg/gradle/api/internal/artifacts/ivyservice/modulecache/ModuleRepositoryCacheProvider; 140 <appendix> membe ; # org/gradle/api/internal/artifacts/DependencyManagementBuildTreeScopeServices$$Lambda+0x000002b54c514000
instanceKlass  @bci org/gradle/api/internal/artifacts/DependencyManagementBuildTreeScopeServices createModuleRepositoryCacheProvider (Lorg/gradle/util/internal/BuildCommencedTimeProvider;Lorg/gradle/api/internal/artifacts/ImmutableModuleIdentifierFactory;Lorg/gradle/api/internal/artifacts/ivyservice/ArtifactCachesProvider;Lorg/gradle/api/internal/artifacts/ivyservice/resolveengine/result/AttributeContainerSerializer;Lorg/gradle/api/internal/artifacts/capability/CapabilitySelectorSerializer;Lorg/gradle/api/internal/artifacts/repositories/metadata/MavenMutableModuleMetadataFactory;Lorg/gradle/api/internal/artifacts/repositories/metadata/IvyMutableModuleMetadataFactory;Lorg/gradle/util/internal/SimpleMapInterner;Lorg/gradle/api/internal/artifacts/ivyservice/modulecache/FileStoreAndIndexProvider;Lorg/gradle/api/internal/artifacts/ivyservice/modulecache/ModuleSourcesSerializer;Lorg/gradle/internal/hash/ChecksumService;)Lorg/gradle/api/internal/artifacts/ivyservice/modulecache/ModuleRepositoryCacheProvider; 114 <appendix> membe ; # org/gradle/api/internal/artifacts/DependencyManagementBuildTreeScopeServices$$Lambda+0x000002b54c50fc20
instanceKlass  @bci org/gradle/api/internal/artifacts/DependencyManagementBuildTreeScopeServices createModuleRepositoryCacheProvider (Lorg/gradle/util/internal/BuildCommencedTimeProvider;Lorg/gradle/api/internal/artifacts/ImmutableModuleIdentifierFactory;Lorg/gradle/api/internal/artifacts/ivyservice/ArtifactCachesProvider;Lorg/gradle/api/internal/artifacts/ivyservice/resolveengine/result/AttributeContainerSerializer;Lorg/gradle/api/internal/artifacts/capability/CapabilitySelectorSerializer;Lorg/gradle/api/internal/artifacts/repositories/metadata/MavenMutableModuleMetadataFactory;Lorg/gradle/api/internal/artifacts/repositories/metadata/IvyMutableModuleMetadataFactory;Lorg/gradle/util/internal/SimpleMapInterner;Lorg/gradle/api/internal/artifacts/ivyservice/modulecache/FileStoreAndIndexProvider;Lorg/gradle/api/internal/artifacts/ivyservice/modulecache/ModuleSourcesSerializer;Lorg/gradle/internal/hash/ChecksumService;)Lorg/gradle/api/internal/artifacts/ivyservice/modulecache/ModuleRepositoryCacheProvider; 88 <appendix> member ; # org/gradle/api/internal/artifacts/DependencyManagementBuildTreeScopeServices$$Lambda+0x000002b54c50f9d8
instanceKlass  @bci org/gradle/api/internal/artifacts/DependencyManagementBuildTreeScopeServices createModuleRepositoryCacheProvider (Lorg/gradle/util/internal/BuildCommencedTimeProvider;Lorg/gradle/api/internal/artifacts/ImmutableModuleIdentifierFactory;Lorg/gradle/api/internal/artifacts/ivyservice/ArtifactCachesProvider;Lorg/gradle/api/internal/artifacts/ivyservice/resolveengine/result/AttributeContainerSerializer;Lorg/gradle/api/internal/artifacts/capability/CapabilitySelectorSerializer;Lorg/gradle/api/internal/artifacts/repositories/metadata/MavenMutableModuleMetadataFactory;Lorg/gradle/api/internal/artifacts/repositories/metadata/IvyMutableModuleMetadataFactory;Lorg/gradle/util/internal/SimpleMapInterner;Lorg/gradle/api/internal/artifacts/ivyservice/modulecache/FileStoreAndIndexProvider;Lorg/gradle/api/internal/artifacts/ivyservice/modulecache/ModuleSourcesSerializer;Lorg/gradle/internal/hash/ChecksumService;)Lorg/gradle/api/internal/artifacts/ivyservice/modulecache/ModuleRepositoryCacheProvider; 71 <adapter> ; # java/lang/invoke/LambdaForm$MH+0x000002b54c512c00
instanceKlass  @bci org/gradle/api/internal/artifacts/DependencyManagementBuildTreeScopeServices createModuleRepositoryCacheProvider (Lorg/gradle/util/internal/BuildCommencedTimeProvider;Lorg/gradle/api/internal/artifacts/ImmutableModuleIdentifierFactory;Lorg/gradle/api/internal/artifacts/ivyservice/ArtifactCachesProvider;Lorg/gradle/api/internal/artifacts/ivyservice/resolveengine/result/AttributeContainerSerializer;Lorg/gradle/api/internal/artifacts/capability/CapabilitySelectorSerializer;Lorg/gradle/api/internal/artifacts/repositories/metadata/MavenMutableModuleMetadataFactory;Lorg/gradle/api/internal/artifacts/repositories/metadata/IvyMutableModuleMetadataFactory;Lorg/gradle/util/internal/SimpleMapInterner;Lorg/gradle/api/internal/artifacts/ivyservice/modulecache/FileStoreAndIndexProvider;Lorg/gradle/api/internal/artifacts/ivyservice/modulecache/ModuleSourcesSerializer;Lorg/gradle/internal/hash/ChecksumService;)Lorg/gradle/api/internal/artifacts/ivyservice/modulecache/ModuleRepositoryCacheProvider; 71 <appendix> member ; # org/gradle/api/internal/artifacts/DependencyManagementBuildTreeScopeServices$$Lambda+0x000002b54c50f7a0
instanceKlass org/gradle/api/internal/artifacts/ivyservice/modulecache/artifacts/DefaultModuleArtifactCache$CachedArtifactSerializer
instanceKlass org/gradle/api/internal/artifacts/ivyservice/modulecache/artifacts/DefaultModuleArtifactCache$ArtifactAtRepositoryKeySerializer
instanceKlass org/gradle/api/internal/artifacts/ivyservice/modulecache/artifacts/CachedArtifact
instanceKlass org/gradle/api/internal/artifacts/ivyservice/modulecache/artifacts/CachedArtifacts
instanceKlass org/gradle/api/internal/artifacts/ivyservice/modulecache/ModuleMetadataSerializer
instanceKlass org/gradle/api/internal/artifacts/ivyservice/modulecache/ModuleMetadataStore
instanceKlass org/gradle/api/internal/artifacts/ivyservice/modulecache/ModuleMetadataCache$CachedMetadata
instanceKlass org/gradle/api/internal/artifacts/ivyservice/modulecache/dynamicversions/ModuleVersionsCache$CachedModuleVersionList
instanceKlass  @bci org/gradle/api/internal/artifacts/DependencyManagementBuildTreeScopeServices createModuleRepositoryCacheProvider (Lorg/gradle/util/internal/BuildCommencedTimeProvider;Lorg/gradle/api/internal/artifacts/ImmutableModuleIdentifierFactory;Lorg/gradle/api/internal/artifacts/ivyservice/ArtifactCachesProvider;Lorg/gradle/api/internal/artifacts/ivyservice/resolveengine/result/AttributeContainerSerializer;Lorg/gradle/api/internal/artifacts/capability/CapabilitySelectorSerializer;Lorg/gradle/api/internal/artifacts/repositories/metadata/MavenMutableModuleMetadataFactory;Lorg/gradle/api/internal/artifacts/repositories/metadata/IvyMutableModuleMetadataFactory;Lorg/gradle/util/internal/SimpleMapInterner;Lorg/gradle/api/internal/artifacts/ivyservice/modulecache/FileStoreAndIndexProvider;Lorg/gradle/api/internal/artifacts/ivyservice/modulecache/ModuleSourcesSerializer;Lorg/gradle/internal/hash/ChecksumService;)Lorg/gradle/api/internal/artifacts/ivyservice/modulecache/ModuleRepositoryCacheProvider; 26 <appendix> member ; # org/gradle/api/internal/artifacts/DependencyManagementBuildTreeScopeServices$$Lambda+0x000002b54c50e200
# instanceKlass java/lang/invoke/LambdaForm$MH+0x000002b54c512800
# instanceKlass java/lang/invoke/LambdaForm$MH+0x000002b54c512400
# instanceKlass java/lang/invoke/LambdaForm$MH+0x000002b54c512000
# instanceKlass java/lang/invoke/LambdaForm$MH+0x000002b54c511c00
# instanceKlass java/lang/invoke/LambdaForm$MH+0x000002b54c511800
# instanceKlass java/lang/invoke/LambdaForm$MH+0x000002b54c511400
# instanceKlass java/lang/invoke/LambdaForm$MH+0x000002b54c511000
# instanceKlass java/lang/invoke/LambdaForm$MH+0x000002b54c510c00
# instanceKlass java/lang/invoke/LambdaForm$MH+0x000002b54c510800
# instanceKlass java/lang/invoke/LambdaForm$MH+0x000002b54c510400
# instanceKlass java/lang/invoke/LambdaForm$MH+0x000002b54c510000
# instanceKlass java/lang/invoke/LambdaForm$MH+0x000002b54c50dc00
instanceKlass org/gradle/internal/component/model/ModuleSources
instanceKlass org/gradle/api/internal/artifacts/ivyservice/ivyresolve/ModuleDescriptorHashCodec
instanceKlass org/gradle/api/internal/artifacts/repositories/metadata/MetadataFileSource
instanceKlass org/gradle/internal/component/model/PersistentModuleSource
instanceKlass org/gradle/internal/component/model/ModuleSource
instanceKlass org/gradle/api/internal/artifacts/repositories/metadata/DefaultMetadataFileSourceCodec
instanceKlass org/gradle/internal/component/model/PersistentModuleSource$Codec
# instanceKlass java/lang/invoke/LambdaForm$MH+0x000002b54c50d800
instanceKlass it/unimi/dsi/fastutil/longs/Long2ObjectFunctions$SynchronizedFunction
instanceKlass it/unimi/dsi/fastutil/longs/Long2ObjectMaps
# instanceKlass java/lang/invoke/LambdaForm$MH+0x000002b54c50d400
instanceKlass org/gradle/api/internal/artifacts/DependencyManagementBuildScopeServices$2
instanceKlass  @bci org/gradle/api/internal/artifacts/ivyservice/ivyresolve/verification/DependencyVerificationOverride <clinit> ()V 0 <appendix> argL0 ; # org/gradle/api/internal/artifacts/ivyservice/ivyresolve/verification/DependencyVerificationOverride$$Lambda+0x000002b54c502e98
instanceKlass  @bci org/gradle/api/internal/artifacts/DependencyManagementBuildScopeServices createDependencyVerificationOverride (Lorg/gradle/api/internal/artifacts/ivyservice/ivyresolve/StartParameterResolutionOverride;Lorg/gradle/internal/operations/BuildOperationExecutor;Lorg/gradle/internal/hash/ChecksumService;Lorg/gradle/api/internal/artifacts/verification/signatures/SignatureVerificationServiceFactory;Lorg/gradle/api/internal/DocumentationRegistry;Lorg/gradle/internal/event/ListenerManager;Lorg/gradle/util/internal/BuildCommencedTimeProvider;Lorg/gradle/internal/service/ServiceRegistry;)Lorg/gradle/api/internal/artifacts/ivyservice/ivyresolve/verification/DependencyVerificationOverride; 11 <appendix> member <vmtarget> ; # org/gradle/api/internal/artifacts/DependencyManagementBuildScopeServices$$Lambda+0x000002b54c502c70
# instanceKlass java/lang/invoke/LambdaForm$MH+0x000002b54c50d000
# instanceKlass java/lang/invoke/LambdaForm$MH+0x000002b54c50cc00
# instanceKlass java/lang/invoke/LambdaForm$MH+0x000002b54c50c800
# instanceKlass java/lang/invoke/LambdaForm$MH+0x000002b54c50c400
# instanceKlass java/lang/invoke/LambdaForm$MH+0x000002b54c50c000
# instanceKlass java/lang/invoke/LambdaForm$MH+0x000002b54c50bc00
# instanceKlass java/lang/invoke/LambdaForm$MH+0x000002b54c50b800
# instanceKlass java/lang/invoke/LambdaForm$MH+0x000002b54c50b400
# instanceKlass java/lang/invoke/LambdaForm$MH+0x000002b54c50b000
instanceKlass org/gradle/api/internal/artifacts/verification/signatures/SignatureVerificationService
instanceKlass org/gradle/security/internal/PublicKeyService
instanceKlass org/gradle/api/internal/artifacts/verification/signatures/DefaultSignatureVerificationServiceFactory
# instanceKlass java/lang/invoke/LambdaForm$MH+0x000002b54c50ac00
# instanceKlass java/lang/invoke/LambdaForm$MH+0x000002b54c50a800
# instanceKlass java/lang/invoke/LambdaForm$MH+0x000002b54c50a400
# instanceKlass java/lang/invoke/LambdaForm$MH+0x000002b54c50a000
# instanceKlass java/lang/invoke/LambdaForm$MH+0x000002b54c509c00
# instanceKlass java/lang/invoke/LambdaForm$MH+0x000002b54c509800
# instanceKlass java/lang/invoke/LambdaForm$MH+0x000002b54c509400
# instanceKlass java/lang/invoke/LambdaForm$MH+0x000002b54c509000
# instanceKlass java/lang/invoke/LambdaForm$MH+0x000002b54c508c00
# instanceKlass java/lang/invoke/LambdaForm$MH+0x000002b54c508800
instanceKlass org/gradle/api/internal/artifacts/ivyservice/resolveengine/store/StoreSet
# instanceKlass java/lang/invoke/LambdaForm$MH+0x000002b54c508400
# instanceKlass java/lang/invoke/LambdaForm$MH+0x000002b54c508000
# instanceKlass java/lang/invoke/LambdaForm$MH+0x000002b54c507c00
# instanceKlass java/lang/invoke/LambdaForm$MH+0x000002b54c507800
# instanceKlass java/lang/invoke/LambdaForm$MH+0x000002b54c507400
# instanceKlass java/lang/invoke/LambdaForm$MH+0x000002b54c507000
# instanceKlass java/lang/invoke/LambdaForm$MH+0x000002b54c506c00
# instanceKlass java/lang/invoke/LambdaForm$MH+0x000002b54c506800
# instanceKlass java/lang/invoke/LambdaForm$MH+0x000002b54c506400
# instanceKlass java/lang/invoke/LambdaForm$MH+0x000002b54c506000
# instanceKlass java/lang/invoke/LambdaForm$MH+0x000002b54c505c00
# instanceKlass java/lang/invoke/LambdaForm$MH+0x000002b54c505800
# instanceKlass java/lang/invoke/LambdaForm$MH+0x000002b54c505400
# instanceKlass java/lang/invoke/LambdaForm$MH+0x000002b54c505000
# instanceKlass java/lang/invoke/LambdaForm$MH+0x000002b54c504c00
# instanceKlass java/lang/invoke/LambdaForm$MH+0x000002b54c504800
# instanceKlass java/lang/invoke/LambdaForm$MH+0x000002b54c504400
instanceKlass  @bci org/gradle/api/internal/artifacts/DependencyManagementBuildTreeScopeServices createModuleRepositoryCacheProvider (Lorg/gradle/util/internal/BuildCommencedTimeProvider;Lorg/gradle/api/internal/artifacts/ImmutableModuleIdentifierFactory;Lorg/gradle/api/internal/artifacts/ivyservice/ArtifactCachesProvider;Lorg/gradle/api/internal/artifacts/ivyservice/resolveengine/result/AttributeContainerSerializer;Lorg/gradle/api/internal/artifacts/capability/CapabilitySelectorSerializer;Lorg/gradle/api/internal/artifacts/repositories/metadata/MavenMutableModuleMetadataFactory;Lorg/gradle/api/internal/artifacts/repositories/metadata/IvyMutableModuleMetadataFactory;Lorg/gradle/util/internal/SimpleMapInterner;Lorg/gradle/api/internal/artifacts/ivyservice/modulecache/FileStoreAndIndexProvider;Lorg/gradle/api/internal/artifacts/ivyservice/modulecache/ModuleSourcesSerializer;Lorg/gradle/internal/hash/ChecksumService;)Lorg/gradle/api/internal/artifacts/ivyservice/modulecache/ModuleRepositoryCacheProvider; 26 <appendix> form v ; # java/lang/invoke/LambdaForm$DMH+0x000002b54c504000
instanceKlass  @bci org/gradle/api/internal/artifacts/dsl/dependencies/TargetJVMVersionOnLibraryTooNewFailureDescriber$Inject_ $gradleInit ()V 1 <appendix> member <vmtarget> ; # org/gradle/api/internal/artifacts/dsl/dependencies/TargetJVMVersionOnLibraryTooNewFailureDescriber$Inject_$$Lambda+0x000002b54c502218
instanceKlass  @bci org/gradle/api/internal/artifacts/dsl/dependencies/TargetJVMVersionOnPluginTooNewFailureDescriber$Inject_ $gradleInit ()V 1 <appendix> member <vmtarget> ; # org/gradle/api/internal/artifacts/dsl/dependencies/TargetJVMVersionOnPluginTooNewFailureDescriber$Inject_$$Lambda+0x000002b54c5019e8
instanceKlass  @bci org/gradle/api/internal/artifacts/dsl/dependencies/NewerGradleNeededByPluginFailureDescriber$Inject_ $gradleInit ()V 1 <appendix> member <vmtarget> ; # org/gradle/api/internal/artifacts/dsl/dependencies/NewerGradleNeededByPluginFailureDescriber$Inject_$$Lambda+0x000002b54c500f88
instanceKlass org/gradle/api/internal/artifacts/dsl/dependencies/GradlePluginVariantsSupport
instanceKlass  @bci org/gradle/internal/component/resolution/failure/ResolutionFailureHandler configureAdditionalDataBuilder (Lorg/gradle/api/problems/internal/AdditionalDataBuilderFactory;)V 12 <appendix> argL0 ; # org/gradle/internal/component/resolution/failure/ResolutionFailureHandler$$Lambda+0x000002b54c500570
instanceKlass org/gradle/api/problems/internal/AdditionalDataBuilder
instanceKlass org/gradle/api/problems/internal/ResolutionFailureDataSpec
instanceKlass  @bci org/gradle/internal/component/resolution/failure/describer/UnknownArtifactSelectionFailureDescriber$Inject_ $gradleInit ()V 1 <appendix> member <vmtarget> ; # org/gradle/internal/component/resolution/failure/describer/UnknownArtifactSelectionFailureDescriber$Inject_$$Lambda+0x000002b54c4ffdc8
instanceKlass  @bci org/gradle/internal/component/resolution/failure/describer/AmbiguousArtifactTransformsFailureDescriber$Inject_ $gradleInit ()V 1 <appendix> member <vmtarget> ; # org/gradle/internal/component/resolution/failure/describer/AmbiguousArtifactTransformsFailureDescriber$Inject_$$Lambda+0x000002b54c4ff6a8
instanceKlass org/gradle/internal/component/resolution/failure/transform/TransformData
instanceKlass org/gradle/internal/component/resolution/failure/transform/SourceVariantData
instanceKlass org/gradle/internal/component/resolution/failure/transform/TransformationChainData
instanceKlass  @bci org/gradle/internal/component/resolution/failure/describer/IncompatibleMultipleNodesValidationFailureDescriber$Inject_ $gradleInit ()V 1 <appendix> member <vmtarget> ; # org/gradle/internal/component/resolution/failure/describer/IncompatibleMultipleNodesValidationFailureDescriber$Inject_$$Lambda+0x000002b54c4fe5e8
instanceKlass org/gradle/internal/component/resolution/failure/interfaces/GraphNodesValidationFailure
instanceKlass org/gradle/internal/component/resolution/failure/interfaces/GraphValidationFailure
instanceKlass  @bci org/gradle/internal/component/resolution/failure/describer/NoCompatibleArtifactFailureDescriber$Inject_ $gradleInit ()V 1 <appendix> member <vmtarget> ; # org/gradle/internal/component/resolution/failure/describer/NoCompatibleArtifactFailureDescriber$Inject_$$Lambda+0x000002b54c4fd4a0
instanceKlass  @bci org/gradle/internal/component/resolution/failure/describer/AmbiguousArtifactsFailureDescriber$Inject_ $gradleInit ()V 1 <appendix> member <vmtarget> ; # org/gradle/internal/component/resolution/failure/describer/AmbiguousArtifactsFailureDescriber$Inject_$$Lambda+0x000002b54c4fca58
instanceKlass org/gradle/internal/component/resolution/failure/interfaces/ArtifactSelectionFailure
instanceKlass  @bci org/gradle/internal/component/resolution/failure/describer/NoVariantsWithMatchingCapabilitiesFailureDescriber$Inject_ $gradleInit ()V 1 <appendix> member <vmtarget> ; # org/gradle/internal/component/resolution/failure/describer/NoVariantsWithMatchingCapabilitiesFailureDescriber$Inject_$$Lambda+0x000002b54c4fb8c8
instanceKlass  @bci org/gradle/internal/component/resolution/failure/describer/ConfigurationDoesNotExistFailureDescriber$Inject_ $gradleInit ()V 1 <appendix> member <vmtarget> ; # org/gradle/internal/component/resolution/failure/describer/ConfigurationDoesNotExistFailureDescriber$Inject_$$Lambda+0x000002b54c4fae28
instanceKlass  @bci org/gradle/internal/component/resolution/failure/describer/ConfigurationNotCompatibleFailureDescriber$Inject_ $gradleInit ()V 1 <appendix> member <vmtarget> ; # org/gradle/internal/component/resolution/failure/describer/ConfigurationNotCompatibleFailureDescriber$Inject_$$Lambda+0x000002b54c4fa398
instanceKlass org/gradle/internal/component/resolution/failure/interfaces/VariantSelectionByNameFailure
instanceKlass  @bci org/gradle/internal/component/resolution/failure/describer/NoCompatibleVariantsFailureDescriber$Inject_ $gradleInit ()V 1 <appendix> member <vmtarget> ; # org/gradle/internal/component/resolution/failure/describer/NoCompatibleVariantsFailureDescriber$Inject_$$Lambda+0x000002b54c4f9210
instanceKlass org/gradle/internal/component/resolution/failure/formatting/StyledAttributeDescriber
instanceKlass  @bci org/gradle/internal/component/resolution/failure/describer/AmbiguousVariantsFailureDescriber$Inject_ $gradleInit ()V 1 <appendix> member <vmtarget> ; # org/gradle/internal/component/resolution/failure/describer/AmbiguousVariantsFailureDescriber$Inject_$$Lambda+0x000002b54c4f8330
instanceKlass  @bci org/gradle/internal/component/resolution/failure/describer/MissingAttributeAmbiguousVariantsFailureDescriber$Inject_ $gradleInit ()V 1 <appendix> member <vmtarget> ; # org/gradle/internal/component/resolution/failure/describer/MissingAttributeAmbiguousVariantsFailureDescriber$Inject_$$Lambda+0x000002b54c4f3d80
instanceKlass org/gradle/internal/component/resolution/failure/interfaces/VariantSelectionByAttributesFailure
instanceKlass org/gradle/internal/component/resolution/failure/interfaces/VariantSelectionFailure
instanceKlass  @bci org/gradle/internal/component/resolution/failure/describer/ModuleRejectedFailureDescriber$Inject_ $gradleInit ()V 1 <appendix> member <vmtarget> ; # org/gradle/internal/component/resolution/failure/describer/ModuleRejectedFailureDescriber$Inject_$$Lambda+0x000002b54c4f2a50
instanceKlass  @bci org/gradle/internal/component/resolution/failure/ResolutionFailureDescriberRegistry registerDescriber (Ljava/lang/Class;Ljava/lang/Class;)V 23 <appendix> argL0 ; # org/gradle/internal/component/resolution/failure/ResolutionFailureDescriberRegistry$$Lambda+0x000002b54c4f2228
instanceKlass  @bci org/gradle/internal/component/resolution/failure/describer/ModuleRejectedIncompatibleConstraintsFailureDescriber$Inject_ $gradleInit ()V 1 <appendix> member <vmtarget> ; # org/gradle/internal/component/resolution/failure/describer/ModuleRejectedIncompatibleConstraintsFailureDescriber$Inject_$$Lambda+0x000002b54c4f2000
instanceKlass  @bci jdk/internal/reflect/MethodHandleIntegerFieldAccessorImpl setInt (Ljava/lang/Object;I)V 29 <adapter> ; # java/lang/invoke/LambdaForm$MH+0x000002b54c4f1800
instanceKlass  @cpi org/gradle/internal/build/DefaultBuildLifecycleController 553 form vmentry <vmtarget> ; # java/lang/invoke/LambdaForm$DMH+0x000002b54c4f1400
instanceKlass  @bci org/gradle/internal/instantiation/generator/AsmBackedClassGenerator$ClassBuilderImpl addManagedMethods (Ljava/util/List;Ljava/util/List;)V 116 <appendix> member <vmtarget> ; # org/gradle/internal/instantiation/generator/AsmBackedClassGenerator$ClassBuilderImpl$$Lambda+0x000002b54c4f4700
instanceKlass  @bci org/gradle/internal/instantiation/generator/AsmBackedClassGenerator$ClassBuilderImpl addManagedMethods (Ljava/util/List;Ljava/util/List;)V 93 <adapter> ; # java/lang/invoke/LambdaForm$MH+0x000002b54c4f1000
# instanceKlass java/lang/invoke/LambdaForm$DMH+0x000002b54c4f0c00
instanceKlass  @bci org/gradle/internal/instantiation/generator/AsmBackedClassGenerator$ClassBuilderImpl addManagedMethods (Ljava/util/List;Ljava/util/List;)V 93 <appendix> form vmentry <vmtarget> ; # java/lang/invoke/LambdaForm$DMH+0x000002b54c4f0800
instanceKlass  @bci org/gradle/internal/instantiation/generator/AsmBackedClassGenerator$ClassBuilderImpl addManagedMethods (Ljava/util/List;Ljava/util/List;)V 93 <appendix> member <vmtarget> ; # org/gradle/internal/instantiation/generator/AsmBackedClassGenerator$ClassBuilderImpl$$Lambda+0x000002b54c4f4000
instanceKlass  @cpi org/gradle/internal/instantiation/generator/AsmBackedClassGenerator$ClassBuilderImpl 1727 form vmentry <vmtarget> ; # java/lang/invoke/LambdaForm$DMH+0x000002b54c4f0400
instanceKlass  @bci org/gradle/internal/instantiation/generator/AsmBackedClassGenerator$ClassBuilderImpl addManagedMethods (Ljava/util/List;Ljava/util/List;)V 72 <adapter> ; # java/lang/invoke/LambdaForm$MH+0x000002b54c4f0000
# instanceKlass java/lang/invoke/LambdaForm$DMH+0x000002b54c4edc00
instanceKlass  @bci org/gradle/internal/instantiation/generator/AsmBackedClassGenerator$ClassBuilderImpl addManagedMethods (Ljava/util/List;Ljava/util/List;)V 72 <appendix> form vmentry <vmtarget> ; # java/lang/invoke/LambdaForm$DMH+0x000002b54c4ed800
instanceKlass  @bci org/gradle/internal/instantiation/generator/AsmBackedClassGenerator$ClassBuilderImpl addManagedMethods (Ljava/util/List;Ljava/util/List;)V 72 <appendix> member <vmtarget> ; # org/gradle/internal/instantiation/generator/AsmBackedClassGenerator$ClassBuilderImpl$$Lambda+0x000002b54c4e78f8
instanceKlass  @cpi org/gradle/internal/instantiation/generator/AsmBackedClassGenerator$ClassBuilderImpl 1724 form vmentry <vmtarget> ; # java/lang/invoke/LambdaForm$DMH+0x000002b54c4ed400
instanceKlass  @bci org/gradle/internal/instantiation/generator/AsmBackedClassGenerator$ClassBuilderImpl addManagedMethods (Ljava/util/List;Ljava/util/List;)V 53 <appendix> member <vmtarget> ; # org/gradle/internal/instantiation/generator/AsmBackedClassGenerator$ClassBuilderImpl$$Lambda+0x000002b54c4e71f8
instanceKlass org/gradle/internal/component/resolution/failure/ResolutionCandidateAssessor$AssessedAttribute
instanceKlass org/gradle/api/internal/attributes/AttributeDescriber
instanceKlass org/gradle/internal/logging/text/TreeFormatter
instanceKlass org/gradle/internal/component/resolution/failure/ResolutionCandidateAssessor$AssessedCandidate
instanceKlass org/gradle/util/internal/VersionNumber
instanceKlass org/gradle/internal/component/resolution/failure/SelectionReasonAssessor$AssessedSelection$AssessedSelectionReason
instanceKlass org/gradle/internal/component/resolution/failure/describer/AbstractResolutionFailureDescriber
instanceKlass org/gradle/internal/component/resolution/failure/describer/ResolutionFailureDescriber
instanceKlass org/gradle/internal/component/resolution/failure/type/AbstractResolutionFailure
instanceKlass org/gradle/internal/component/resolution/failure/ResolutionFailureDescriberRegistry
instanceKlass org/gradle/internal/component/resolution/failure/interfaces/ResolutionFailure
# instanceKlass java/lang/invoke/LambdaForm$MH+0x000002b54c4ed000
# instanceKlass java/lang/invoke/LambdaForm$MH+0x000002b54c4ecc00
# instanceKlass java/lang/invoke/LambdaForm$MH+0x000002b54c4ec800
# instanceKlass java/lang/invoke/LambdaForm$MH+0x000002b54c4ec400
# instanceKlass java/lang/invoke/LambdaForm$MH+0x000002b54c4ec000
instanceKlass  @bci org/gradle/internal/model/InMemoryCacheFactory$IdentityLoadingCache <init> (ILjava/util/function/Function;)V 11 <appendix> member <vmtarget> ; # org/gradle/internal/model/InMemoryCacheFactory$IdentityLoadingCache$$Lambda+0x000002b54c4e6890
instanceKlass org/gradle/internal/model/InMemoryCacheFactory$IdentityKey
instanceKlass org/gradle/internal/model/InMemoryCacheFactory$IdentityLoadingCache
instanceKlass  @bci org/gradle/api/internal/attributes/AttributeSchemaServices <init> (Lorg/gradle/api/internal/attributes/immutable/ImmutableAttributesSchemaFactory;Lorg/gradle/api/internal/attributes/immutable/artifact/ImmutableArtifactTypeRegistryFactory;Lorg/gradle/internal/model/InMemoryCacheFactory;)V 22 <appendix> member <vmtarget> ; # org/gradle/api/internal/attributes/AttributeSchemaServices$$Lambda+0x000002b54c4ebb20
instanceKlass org/gradle/api/internal/attributes/matching/DefaultAttributeMatcher
instanceKlass org/gradle/api/internal/attributes/matching/AttributeMatcher
instanceKlass org/gradle/api/internal/artifacts/ivyservice/resolveengine/excludes/simple/DefaultExcludeNothing
instanceKlass org/gradle/api/internal/artifacts/ivyservice/resolveengine/excludes/specs/ExcludeNothing
instanceKlass org/gradle/api/internal/artifacts/ivyservice/resolveengine/excludes/factories/Unions
instanceKlass org/gradle/api/internal/artifacts/ivyservice/resolveengine/excludes/specs/ModuleExclude
instanceKlass org/gradle/api/internal/artifacts/ivyservice/resolveengine/excludes/specs/ModuleIdSetExclude
instanceKlass org/gradle/api/internal/artifacts/ivyservice/resolveengine/excludes/specs/ModuleIdExclude
instanceKlass org/gradle/api/internal/artifacts/ivyservice/resolveengine/excludes/specs/GroupExclude
instanceKlass org/gradle/api/internal/artifacts/ivyservice/resolveengine/excludes/specs/ExcludeAnyOf
instanceKlass org/gradle/api/internal/artifacts/ivyservice/resolveengine/excludes/specs/CompositeExclude
instanceKlass org/gradle/api/internal/artifacts/ivyservice/resolveengine/excludes/factories/AbstractIntersection
instanceKlass org/gradle/api/internal/artifacts/ivyservice/resolveengine/excludes/factories/Intersection
instanceKlass org/gradle/api/internal/artifacts/ivyservice/resolveengine/excludes/factories/Intersections
instanceKlass org/gradle/api/internal/artifacts/ivyservice/resolveengine/excludes/specs/ModuleSetExclude
instanceKlass org/gradle/api/internal/artifacts/ivyservice/resolveengine/excludes/specs/GroupSetExclude
instanceKlass org/gradle/api/internal/artifacts/ivyservice/resolveengine/excludes/simple/DefaultExcludeFactory
instanceKlass org/gradle/api/internal/artifacts/ivyservice/resolveengine/excludes/factories/DelegatingExcludeFactory
instanceKlass org/gradle/api/internal/artifacts/ivyservice/resolveengine/excludes/factories/CachingExcludeFactory$ConcurrentCache
instanceKlass org/gradle/api/internal/artifacts/ivyservice/resolveengine/excludes/factories/CachingExcludeFactory$MergeCaches
instanceKlass org/gradle/api/internal/artifacts/ivyservice/resolveengine/excludes/factories/ExcludeFactory
instanceKlass  @bci org/gradle/api/internal/artifacts/DefaultDependencyManagementServices$DependencyResolutionScopeServices createRepositoriesSupplier (Lorg/gradle/api/artifacts/dsl/RepositoryHandler;Lorg/gradle/internal/management/DependencyResolutionManagementInternal;Lorg/gradle/api/internal/DomainObjectContext;)Lorg/gradle/api/internal/artifacts/RepositoriesSupplier; 3 <appendix> member <vmtarget> ; # org/gradle/api/internal/artifacts/DefaultDependencyManagementServices$DependencyResolutionScopeServices$$Lambda+0x000002b54c4e17a0
# instanceKlass java/lang/invoke/LambdaForm$MH+0x000002b54c4e4c00
# instanceKlass java/lang/invoke/LambdaForm$MH+0x000002b54c4e4800
# instanceKlass java/lang/invoke/LambdaForm$MH+0x000002b54c4e4400
instanceKlass  @bci org/gradle/internal/management/DefaultDependencyResolutionManagement_Decorated $gradleInit ()V 1 <appendix> member <vmtarget> ; # org/gradle/internal/management/DefaultDependencyResolutionManagement_Decorated$$Lambda+0x000002b54c4e1578
instanceKlass  @bci org/gradle/internal/management/DefaultVersionCatalogBuilderContainer_Decorated $gradleInit ()V 1 <appendix> member <vmtarget> ; # org/gradle/internal/management/DefaultVersionCatalogBuilderContainer_Decorated$$Lambda+0x000002b54c4e1350
instanceKlass com/google/common/collect/MapMakerInternalMap$StrongKeyDummyValueEntry$Helper
instanceKlass  @bci org/gradle/api/internal/collections/SortedSetElementSource <init> (Ljava/util/Comparator;)V 12 <appendix> argL0 ; # org/gradle/api/internal/collections/SortedSetElementSource$$Lambda+0x000002b54c4df640
instanceKlass org/gradle/api/Namer$Comparator
instanceKlass org/gradle/api/internal/collections/SortedSetElementSource
instanceKlass org/gradle/api/Named$Namer
# instanceKlass java/lang/invoke/LambdaForm$MH+0x000002b54c4e4000
# instanceKlass java/lang/invoke/LambdaForm$MH+0x000002b54c4ddc00
instanceKlass org/gradle/api/reflect/TypeOf
instanceKlass groovy/lang/Buildable
instanceKlass groovy/lang/Writable
instanceKlass  @bci org/gradle/internal/management/DefaultDependencyResolutionManagement <init> (Lorg/gradle/internal/code/UserCodeApplicationContext;Lorg/gradle/api/internal/artifacts/DependencyManagementServices;Lorg/gradle/api/model/ObjectFactory;Lorg/gradle/api/internal/CollectionCallbackActionDecorator;)V 83 <appendix> member <vmtarget> ; # org/gradle/internal/management/DefaultDependencyResolutionManagement$$Lambda+0x000002b54c4d7d98
instanceKlass org/gradle/internal/management/DefaultDependencyResolutionManagement$ComponentMetadataRulesRegistar
instanceKlass org/gradle/declarative/dsl/model/annotations/Restricted
instanceKlass org/gradle/declarative/dsl/model/annotations/Configuring
instanceKlass org/gradle/api/initialization/dsl/VersionCatalogBuilder
instanceKlass org/gradle/api/reflect/HasPublicType
instanceKlass org/gradle/api/initialization/resolve/MutableVersionCatalogContainer
instanceKlass org/gradle/internal/management/DefaultDependencyResolutionManagement
# instanceKlass java/lang/invoke/LambdaForm$MH+0x000002b54c4dd800
# instanceKlass java/lang/invoke/LambdaForm$MH+0x000002b54c4dd400
# instanceKlass java/lang/invoke/LambdaForm$MH+0x000002b54c4dd000
# instanceKlass java/lang/invoke/LambdaForm$MH+0x000002b54c4dcc00
# instanceKlass java/lang/invoke/LambdaForm$MH+0x000002b54c4dc800
# instanceKlass java/lang/invoke/LambdaForm$MH+0x000002b54c4dc400
# instanceKlass java/lang/invoke/LambdaForm$MH+0x000002b54c4dc000
instanceKlass  @bci org/gradle/api/internal/artifacts/dsl/DefaultRepositoryHandler_Decorated $gradleInit ()V 1 <appendix> member <vmtarget> ; # org/gradle/api/internal/artifacts/dsl/DefaultRepositoryHandler_Decorated$$Lambda+0x000002b54c4d5ee0
instanceKlass  @bci org/gradle/api/internal/artifacts/DefaultArtifactRepositoryContainer <init> (Lorg/gradle/internal/reflect/Instantiator;Lorg/gradle/api/internal/CollectionCallbackActionDecorator;)V 28 <appendix> member <vmtarget> ; # org/gradle/api/internal/artifacts/DefaultArtifactRepositoryContainer$$Lambda+0x000002b54c4d5ca8
instanceKlass  @bci org/gradle/api/internal/artifacts/DefaultArtifactRepositoryContainer <init> (Lorg/gradle/internal/reflect/Instantiator;Lorg/gradle/api/internal/CollectionCallbackActionDecorator;)V 18 <appendix> member <vmtarget> ; # org/gradle/api/internal/artifacts/DefaultArtifactRepositoryContainer$$Lambda+0x000002b54c4d5a80
instanceKlass org/gradle/api/internal/collections/AbstractIterationOrderRetainingElementSource$RealizedElementCollectionIterator
instanceKlass org/gradle/api/internal/DefaultNamedDomainObjectCollection$UnfilteredIndex
instanceKlass  @bci org/gradle/api/internal/DefaultDomainObjectCollection <init> (Ljava/lang/Class;Lorg/gradle/api/internal/collections/ElementSource;Lorg/gradle/api/internal/collections/CollectionEventRegister;)V 32 <appendix> member <vmtarget> ; # org/gradle/api/internal/DefaultDomainObjectCollection$$Lambda+0x000002b54c4d37c0
instanceKlass org/gradle/api/internal/lambdas/SerializableLambdas$SerializableAction
instanceKlass org/gradle/api/internal/collections/DefaultCollectionEventRegister
instanceKlass  @bci org/gradle/api/internal/collections/AbstractIterationOrderRetainingElementSource <init> ()V 27 <appendix> argL0 ; # org/gradle/api/internal/collections/AbstractIterationOrderRetainingElementSource$$Lambda+0x000002b54c4d30d8
instanceKlass  @bci org/gradle/api/internal/collections/ListElementSource <clinit> ()V 0 <appendix> argL0 ; # org/gradle/api/internal/collections/ListElementSource$$Lambda+0x000002b54c4d2eb8
instanceKlass org/gradle/api/internal/collections/AbstractIterationOrderRetainingElementSource$ValuePointer
instanceKlass org/gradle/api/internal/collections/AbstractIterationOrderRetainingElementSource
instanceKlass org/gradle/api/internal/artifacts/DefaultArtifactRepositoryContainer$RepositoryNamer
instanceKlass java/lang/SafeVarargs
instanceKlass org/gradle/declarative/dsl/model/annotations/Adding
instanceKlass com/google/common/reflect/Types$WildcardTypeImpl
instanceKlass sun/reflect/generics/tree/ArrayTypeSignature
instanceKlass sun/reflect/generics/tree/IntSignature
instanceKlass com/google/common/reflect/Types$ClassOwnership$1LocalClass
instanceKlass com/google/common/reflect/Types$ParameterizedTypeImpl
instanceKlass com/google/common/reflect/Types
instanceKlass com/google/common/reflect/TypeResolver$TypeVariableKey
instanceKlass com/google/common/reflect/TypeResolver$TypeTable
instanceKlass com/google/common/reflect/TypeResolver
instanceKlass java/lang/reflect/AnnotatedType
instanceKlass com/google/common/reflect/TypeVisitor
instanceKlass com/google/common/reflect/Invokable
instanceKlass org/gradle/api/internal/collections/CollectionFilter
instanceKlass org/gradle/api/artifacts/repositories/FlatDirectoryArtifactRepository
instanceKlass org/gradle/api/artifacts/repositories/MavenArtifactRepository
instanceKlass org/gradle/api/artifacts/repositories/RepositoryContentDescriptor
instanceKlass org/gradle/api/artifacts/repositories/InclusiveRepositoryContentDescriptor
instanceKlass org/gradle/api/artifacts/repositories/IvyArtifactRepository
instanceKlass org/gradle/api/artifacts/repositories/MetadataSupplierAware
instanceKlass org/gradle/api/artifacts/repositories/AuthenticationSupported
instanceKlass org/gradle/api/artifacts/repositories/UrlArtifactRepository
instanceKlass org/gradle/api/internal/collections/IndexedElementSource
instanceKlass org/gradle/api/Rule
instanceKlass org/gradle/api/NamedDomainObjectCollectionSchema
instanceKlass org/gradle/api/internal/DefaultNamedDomainObjectCollection$Index
instanceKlass org/gradle/api/internal/collections/ElementSource
instanceKlass org/gradle/api/internal/collections/CollectionEventRegister
instanceKlass org/gradle/api/internal/collections/EventSubscriptionVerifier
instanceKlass org/gradle/api/internal/artifacts/dsl/RepositoryHandlerInternal
instanceKlass org/gradle/api/internal/artifacts/ivyservice/ivyresolve/parser/GradleModuleMetadataParser
instanceKlass org/gradle/api/internal/artifacts/ivyservice/ivyresolve/strategy/MavenVersionSelectorScheme
instanceKlass org/gradle/api/internal/artifacts/ivyservice/ivyresolve/parser/PomParent
instanceKlass org/gradle/api/internal/artifacts/ivyservice/ivyresolve/parser/AbstractModuleDescriptorParser
instanceKlass org/gradle/api/artifacts/repositories/ArtifactRepository
instanceKlass org/gradle/api/artifacts/repositories/AuthenticationContainer
instanceKlass org/gradle/api/internal/artifacts/repositories/DefaultBaseRepositoryFactory
# instanceKlass java/lang/invoke/LambdaForm$MH+0x000002b54c4cc400
# instanceKlass java/lang/invoke/LambdaForm$MH+0x000002b54c4cc000
# instanceKlass java/lang/invoke/LambdaForm$MH+0x000002b54c4cbc00
# instanceKlass java/lang/invoke/LambdaForm$MH+0x000002b54c4cb800
# instanceKlass java/lang/invoke/LambdaForm$MH+0x000002b54c4cb400
# instanceKlass java/lang/invoke/LambdaForm$MH+0x000002b54c4cb000
# instanceKlass java/lang/invoke/LambdaForm$MH+0x000002b54c4cac00
# instanceKlass java/lang/invoke/LambdaForm$MH+0x000002b54c4ca800
# instanceKlass java/lang/invoke/LambdaForm$MH+0x000002b54c4ca400
# instanceKlass java/lang/invoke/LambdaForm$MH+0x000002b54c4ca000
# instanceKlass java/lang/invoke/LambdaForm$MH+0x000002b54c4c9c00
# instanceKlass java/lang/invoke/LambdaForm$MH+0x000002b54c4c9800
# instanceKlass java/lang/invoke/LambdaForm$MH+0x000002b54c4c9400
# instanceKlass java/lang/invoke/LambdaForm$MH+0x000002b54c4c9000
# instanceKlass java/lang/invoke/LambdaForm$MH+0x000002b54c4c8c00
# instanceKlass java/lang/invoke/LambdaForm$MH+0x000002b54c4c8800
# instanceKlass java/lang/invoke/LambdaForm$MH+0x000002b54c4c8400
# instanceKlass java/lang/invoke/LambdaForm$MH+0x000002b54c4c8000
# instanceKlass java/lang/invoke/LambdaForm$MH+0x000002b54c4c3c00
# instanceKlass java/lang/invoke/LambdaForm$MH+0x000002b54c4c3800
# instanceKlass java/lang/invoke/LambdaForm$MH+0x000002b54c4c3400
# instanceKlass java/lang/invoke/LambdaForm$MH+0x000002b54c4c3000
# instanceKlass java/lang/invoke/LambdaForm$MH+0x000002b54c4c2c00
# instanceKlass java/lang/invoke/LambdaForm$MH+0x000002b54c4c2800
# instanceKlass java/lang/invoke/LambdaForm$BMH+0x000002b54c4c2400
# instanceKlass java/lang/invoke/LambdaForm$DMH+0x000002b54c4c2000
instanceKlass  @bci org/gradle/api/internal/provider/DefaultProviderFactory_Decorated $gradleInit ()V 1 <appendix> member <vmtarget> ; # org/gradle/api/internal/provider/DefaultProviderFactory_Decorated$$Lambda+0x000002b54c4c5050
# instanceKlass java/lang/invoke/LambdaForm$MH+0x000002b54c4c1c00
# instanceKlass java/lang/invoke/LambdaForm$MH+0x000002b54c4c1800
# instanceKlass java/lang/invoke/LambdaForm$MH+0x000002b54c4c1400
# instanceKlass java/lang/invoke/LambdaForm$MH+0x000002b54c4c1000
# instanceKlass java/lang/invoke/LambdaForm$MH+0x000002b54c4c0c00
instanceKlass org/gradle/api/internal/provider/CredentialsProviderFactory
instanceKlass org/gradle/api/provider/ValueSourceSpec
instanceKlass java/lang/invoke/SerializedLambda
instanceKlass org/gradle/api/file/FileContents
instanceKlass org/gradle/process/ExecOutput
instanceKlass org/gradle/api/internal/provider/DefaultProviderFactory
# instanceKlass java/lang/invoke/LambdaForm$MH+0x000002b54c4c0800
# instanceKlass java/lang/invoke/LambdaForm$MH+0x000002b54c4c0400
# instanceKlass java/lang/invoke/LambdaForm$MH+0x000002b54c4c0000
# instanceKlass java/lang/invoke/LambdaForm$MH+0x000002b54c4bec00
# instanceKlass java/lang/invoke/LambdaForm$MH+0x000002b54c4be800
# instanceKlass java/lang/invoke/LambdaForm$MH+0x000002b54c4be400
instanceKlass org/gradle/api/internal/provider/sources/process/DelegatingExecSpec
instanceKlass org/gradle/api/internal/provider/sources/process/DelegatingJavaExecSpec
instanceKlass org/gradle/api/internal/provider/sources/process/ProviderCompatibleBaseExecSpec
instanceKlass org/gradle/api/internal/provider/sources/process/DelegatingBaseExecSpec
instanceKlass org/gradle/process/internal/DefaultExecSpecFactory
instanceKlass org/gradle/api/internal/provider/ValueSourceProviderFactory$ComputationListener
instanceKlass org/gradle/api/internal/provider/ValueSourceProviderFactory$ValueListener
instanceKlass org/gradle/internal/inspection/DefaultTypeParameterInspection
instanceKlass org/gradle/api/provider/ValueSourceParameters$None
instanceKlass org/gradle/api/provider/ValueSourceParameters
instanceKlass org/gradle/api/provider/ValueSource
instanceKlass org/gradle/internal/isolated/IsolationScheme
instanceKlass org/gradle/internal/inspection/TypeParameterInspection
instanceKlass org/gradle/api/internal/provider/DefaultValueSourceProviderFactory
# instanceKlass java/lang/invoke/LambdaForm$MH+0x000002b54c4be000
# instanceKlass java/lang/invoke/LambdaForm$MH+0x000002b54c4bdc00
# instanceKlass java/lang/invoke/LambdaForm$MH+0x000002b54c4bd800
# instanceKlass java/lang/invoke/LambdaForm$MH+0x000002b54c4bd400
# instanceKlass java/lang/invoke/LambdaForm$MH+0x000002b54c4bd000
# instanceKlass java/lang/invoke/LambdaForm$MH+0x000002b54c4bcc00
# instanceKlass java/lang/invoke/LambdaForm$MH+0x000002b54c4bc800
# instanceKlass java/lang/invoke/LambdaForm$MH+0x000002b54c4bc400
# instanceKlass java/lang/invoke/LambdaForm$MH+0x000002b54c4bc000
# instanceKlass java/lang/invoke/LambdaForm$MH+0x000002b54c4bbc00
# instanceKlass java/lang/invoke/LambdaForm$MH+0x000002b54c4bb800
# instanceKlass java/lang/invoke/LambdaForm$MH+0x000002b54c4bb400
# instanceKlass java/lang/invoke/LambdaForm$MH+0x000002b54c4bb000
# instanceKlass java/lang/invoke/LambdaForm$MH+0x000002b54c4bac00
# instanceKlass java/lang/invoke/LambdaForm$MH+0x000002b54c4ba800
# instanceKlass java/lang/invoke/LambdaForm$MH+0x000002b54c4ba400
# instanceKlass java/lang/invoke/LambdaForm$MH+0x000002b54c4ba000
# instanceKlass java/lang/invoke/LambdaForm$MH+0x000002b54c4b9c00
# instanceKlass java/lang/invoke/LambdaForm$MH+0x000002b54c4b9800
# instanceKlass java/lang/invoke/LambdaForm$MH+0x000002b54c4b9400
# instanceKlass java/lang/invoke/LambdaForm$MH+0x000002b54c4b9000
# instanceKlass java/lang/invoke/LambdaForm$MH+0x000002b54c4b8c00
# instanceKlass java/lang/invoke/LambdaForm$MH+0x000002b54c4b8800
# instanceKlass java/lang/invoke/LambdaForm$MH+0x000002b54c4b8400
instanceKlass org/gradle/process/internal/DefaultExecActionFactory$BuilderImpl
instanceKlass org/gradle/process/internal/ExecFactory$Builder
# instanceKlass java/lang/invoke/LambdaForm$MH+0x000002b54c4b8000
# instanceKlass java/lang/invoke/LambdaForm$MH+0x000002b54c4b3c00
# instanceKlass java/lang/invoke/LambdaForm$MH+0x000002b54c4b3800
# instanceKlass java/lang/invoke/LambdaForm$MH+0x000002b54c4b3400
# instanceKlass java/lang/invoke/LambdaForm$MH+0x000002b54c4b3000
# instanceKlass java/lang/invoke/LambdaForm$MH+0x000002b54c4b2c00
instanceKlass org/gradle/cache/internal/DefaultFileContentCacheFactory$DefaultFileContentCache
instanceKlass org/gradle/internal/jvm/JavaModuleDetector$ModuleInfoLocator
instanceKlass org/gradle/cache/internal/FileContentCache
instanceKlass org/gradle/cache/internal/DefaultFileContentCacheFactory
# instanceKlass java/lang/invoke/LambdaForm$MH+0x000002b54c4b2800
# instanceKlass java/lang/invoke/LambdaForm$MH+0x000002b54c4b2400
# instanceKlass java/lang/invoke/LambdaForm$MH+0x000002b54c4b2000
instanceKlass org/gradle/process/internal/ExecHandleListener
instanceKlass org/gradle/process/internal/ExecHandleBuilder
instanceKlass org/gradle/process/internal/JavaForkOptionsInternal
instanceKlass org/gradle/process/internal/JavaExecAction
instanceKlass org/gradle/process/JavaExecSpec
instanceKlass org/gradle/process/JavaForkOptions
instanceKlass org/gradle/process/internal/ExecAction
instanceKlass org/gradle/process/ExecSpec
instanceKlass org/gradle/process/BaseExecSpec
instanceKlass org/gradle/process/ProcessForkOptions
instanceKlass org/gradle/process/internal/DefaultExecActionFactory
# instanceKlass java/lang/invoke/LambdaForm$MH+0x000002b54c4b1c00
# instanceKlass java/lang/invoke/LambdaForm$MH+0x000002b54c4b1800
# instanceKlass java/lang/invoke/LambdaForm$MH+0x000002b54c4b1400
# instanceKlass java/lang/invoke/LambdaForm$MH+0x000002b54c4b1000
# instanceKlass java/lang/invoke/LambdaForm$MH+0x000002b54c4b0c00
# instanceKlass java/lang/invoke/LambdaForm$MH+0x000002b54c4b0800
# instanceKlass java/lang/invoke/LambdaForm$MH+0x000002b54c4b0400
# instanceKlass java/lang/invoke/LambdaForm$MH+0x000002b54c4b0000
instanceKlass org/gradle/internal/component/external/descriptor/Configuration
instanceKlass org/gradle/api/internal/attributes/immutable/ImmutableAttributesSchema$ImmutableAttributeMatchingStrategy
instanceKlass org/gradle/internal/component/external/model/PreferJavaRuntimeVariant$PreferJarVariantUsageDisambiguationRule
instanceKlass org/gradle/internal/component/external/model/PreferJavaRuntimeVariant$PreferRuntimeVariantUsageDisambiguationRule
instanceKlass org/gradle/api/attributes/LibraryElements$Impl
instanceKlass org/gradle/api/attributes/LibraryElements
instanceKlass  @bci org/gradle/api/internal/model/NamedObjectInstantiator$2 <init> (Lorg/gradle/api/internal/model/NamedObjectInstantiator;Lorg/objectweb/asm/ClassVisitor;Lorg/gradle/model/internal/asm/AsmClassGenerator;Lorg/objectweb/asm/Type;)V 74 <appendix> member <vmtarget> ; # org/gradle/api/internal/model/NamedObjectInstantiator$2$$Lambda+0x000002b54c4aa858
instanceKlass  @bci org/gradle/api/internal/model/NamedObjectInstantiator$2 <init> (Lorg/gradle/api/internal/model/NamedObjectInstantiator;Lorg/objectweb/asm/ClassVisitor;Lorg/gradle/model/internal/asm/AsmClassGenerator;Lorg/objectweb/asm/Type;)V 55 <appendix> member <vmtarget> ; # org/gradle/api/internal/model/NamedObjectInstantiator$2$$Lambda+0x000002b54c4aa160
instanceKlass org/gradle/api/attributes/Usage$Impl
instanceKlass  @bci org/gradle/api/internal/model/NamedObjectInstantiator$1 <init> (Lorg/gradle/api/internal/model/NamedObjectInstantiator;Lorg/objectweb/asm/ClassVisitor;Lorg/gradle/model/internal/asm/AsmClassGenerator;Lorg/objectweb/asm/Type;[Ljava/lang/String;Lorg/objectweb/asm/Type;)V 191 <appendix> member <vmtarget> ; # org/gradle/api/internal/model/NamedObjectInstantiator$1$$Lambda+0x000002b54c4a94e8
instanceKlass  @bci org/gradle/api/internal/model/NamedObjectInstantiator$1 <init> (Lorg/gradle/api/internal/model/NamedObjectInstantiator;Lorg/objectweb/asm/ClassVisitor;Lorg/gradle/model/internal/asm/AsmClassGenerator;Lorg/objectweb/asm/Type;[Ljava/lang/String;Lorg/objectweb/asm/Type;)V 176 <appendix> member <vmtarget> ; # org/gradle/api/internal/model/NamedObjectInstantiator$1$$Lambda+0x000002b54c4a8df0
instanceKlass  @bci org/gradle/api/internal/model/NamedObjectInstantiator$1 <init> (Lorg/gradle/api/internal/model/NamedObjectInstantiator;Lorg/objectweb/asm/ClassVisitor;Lorg/gradle/model/internal/asm/AsmClassGenerator;Lorg/objectweb/asm/Type;[Ljava/lang/String;Lorg/objectweb/asm/Type;)V 161 <appendix> member <vmtarget> ; # org/gradle/api/internal/model/NamedObjectInstantiator$1$$Lambda+0x000002b54c4a86f8
instanceKlass  @bci org/gradle/api/internal/model/NamedObjectInstantiator$1 <init> (Lorg/gradle/api/internal/model/NamedObjectInstantiator;Lorg/objectweb/asm/ClassVisitor;Lorg/gradle/model/internal/asm/AsmClassGenerator;Lorg/objectweb/asm/Type;[Ljava/lang/String;Lorg/objectweb/asm/Type;)V 142 <appendix> member <vmtarget> ; # org/gradle/api/internal/model/NamedObjectInstantiator$1$$Lambda+0x000002b54c4a8000
instanceKlass  @bci org/gradle/api/internal/model/NamedObjectInstantiator$1 <init> (Lorg/gradle/api/internal/model/NamedObjectInstantiator;Lorg/objectweb/asm/ClassVisitor;Lorg/gradle/model/internal/asm/AsmClassGenerator;Lorg/objectweb/asm/Type;[Ljava/lang/String;Lorg/objectweb/asm/Type;)V 125 <appendix> member <vmtarget> ; # org/gradle/api/internal/model/NamedObjectInstantiator$1$$Lambda+0x000002b54c4a78c8
instanceKlass  @bci org/gradle/api/internal/model/NamedObjectInstantiator$1 <init> (Lorg/gradle/api/internal/model/NamedObjectInstantiator;Lorg/objectweb/asm/ClassVisitor;Lorg/gradle/model/internal/asm/AsmClassGenerator;Lorg/objectweb/asm/Type;[Ljava/lang/String;Lorg/objectweb/asm/Type;)V 108 <appendix> member <vmtarget> ; # org/gradle/api/internal/model/NamedObjectInstantiator$1$$Lambda+0x000002b54c4a71d0
instanceKlass  @bci org/gradle/api/internal/model/NamedObjectInstantiator$1 <init> (Lorg/gradle/api/internal/model/NamedObjectInstantiator;Lorg/objectweb/asm/ClassVisitor;Lorg/gradle/model/internal/asm/AsmClassGenerator;Lorg/objectweb/asm/Type;[Ljava/lang/String;Lorg/objectweb/asm/Type;)V 91 <appendix> member <vmtarget> ; # org/gradle/api/internal/model/NamedObjectInstantiator$1$$Lambda+0x000002b54c4a6ad8
instanceKlass org/gradle/model/internal/type/ClassTypeWrapper
instanceKlass org/gradle/model/internal/type/TypeWrapper
instanceKlass org/gradle/model/internal/type/ModelType
instanceKlass org/gradle/model/internal/inspect/FormattingValidationProblemCollector
instanceKlass org/gradle/api/attributes/Usage
instanceKlass org/gradle/internal/resource/local/CompositeLocallyAvailableResourceFinder
instanceKlass org/gradle/internal/resource/local/ivy/PatternBasedLocallyAvailableResourceFinder$1
instanceKlass org/gradle/util/internal/MavenUtil
instanceKlass org/gradle/api/internal/artifacts/repositories/resolver/AbstractResourcePattern
instanceKlass  @bci org/gradle/internal/resource/local/LocallyAvailableResourceFinderSearchableFileStoreAdapter <init> (Lorg/gradle/internal/resource/local/FileStoreSearcher;Lorg/gradle/internal/hash/ChecksumService;)V 2 <appendix> member <vmtarget> ; # org/gradle/internal/resource/local/LocallyAvailableResourceFinderSearchableFileStoreAdapter$$Lambda+0x000002b54c4a5130
instanceKlass  @bci org/gradle/internal/resource/local/ivy/LocallyAvailableResourceFinderFactory create ()Lorg/gradle/internal/resource/local/LocallyAvailableResourceFinder; 14 <appendix> member <vmtarget> ; # org/gradle/internal/resource/local/ivy/LocallyAvailableResourceFinderFactory$$Lambda+0x000002b54c49eb80
instanceKlass org/gradle/internal/resource/local/LocallyAvailableResourceCandidates
instanceKlass org/gradle/internal/resource/local/AbstractLocallyAvailableResourceFinder
instanceKlass  @bci org/gradle/internal/resource/local/ivy/LocallyAvailableResourceFinderFactory buildRootCachesDirectories (Lorg/gradle/api/internal/artifacts/ivyservice/ArtifactCachesProvider;)Ljava/util/List; 14 <appendix> member <vmtarget> ; # org/gradle/internal/resource/local/ivy/LocallyAvailableResourceFinderFactory$$Lambda+0x000002b54c49e948
instanceKlass org/gradle/api/internal/artifacts/repositories/resolver/ResourcePattern
instanceKlass org/gradle/internal/resource/local/ivy/LocallyAvailableResourceFinderFactory
instanceKlass org/gradle/api/internal/artifacts/repositories/transport/RepositoryTransport
instanceKlass org/gradle/api/internal/artifacts/ivyservice/resolutionstrategy/ExternalResourceCachePolicy
instanceKlass org/gradle/internal/resource/connector/ResourceConnectorSpecification
instanceKlass  @bci org/gradle/api/internal/artifacts/DependencyManagementBuildScopeServices createRepositoryTransportFactory (Lorg/gradle/api/internal/file/temp/TemporaryFileProvider;Lorg/gradle/api/internal/artifacts/ivyservice/modulecache/FileStoreAndIndexProvider;Lorg/gradle/util/internal/BuildCommencedTimeProvider;Lorg/gradle/api/internal/artifacts/ivyservice/ArtifactCachesProvider;Ljava/util/List;Lorg/gradle/internal/operations/BuildOperationRunner;Lorg/gradle/cache/internal/ProducerGuard;Lorg/gradle/internal/resource/local/FileResourceRepository;Lorg/gradle/internal/hash/ChecksumService;Lorg/gradle/api/internal/artifacts/ivyservice/ivyresolve/StartParameterResolutionOverride;)Lorg/gradle/api/internal/artifacts/repositories/transport/RepositoryTransportFactory; 17 <appendix> member <vmtarget> ; # org/gradle/api/internal/artifacts/DependencyManagementBuildScopeServices$$Lambda+0x000002b54c49ded8
# instanceKlass java/lang/invoke/LambdaForm$MH+0x000002b54c4a3c00
# instanceKlass java/lang/invoke/LambdaForm$MH+0x000002b54c4a3800
# instanceKlass java/lang/invoke/LambdaForm$MH+0x000002b54c4a3400
# instanceKlass java/lang/invoke/LambdaForm$MH+0x000002b54c4a3000
# instanceKlass java/lang/invoke/LambdaForm$MH+0x000002b54c4a2c00
# instanceKlass java/lang/invoke/LambdaForm$MH+0x000002b54c4a2800
# instanceKlass java/lang/invoke/LambdaForm$MH+0x000002b54c4a2400
# instanceKlass java/lang/invoke/LambdaForm$MH+0x000002b54c4a2000
# instanceKlass java/lang/invoke/LambdaForm$MH+0x000002b54c4a1c00
# instanceKlass java/lang/invoke/LambdaForm$MH+0x000002b54c4a1800
# instanceKlass java/lang/invoke/LambdaForm$MH+0x000002b54c4a1400
instanceKlass  @bci org/gradle/api/internal/artifacts/DependencyManagementBuildTreeScopeServices createFileStoreAndIndexProvider (Lorg/gradle/util/internal/BuildCommencedTimeProvider;Lorg/gradle/api/internal/artifacts/ivyservice/ArtifactCachesProvider;Lorg/gradle/internal/resource/cached/DefaultExternalResourceFileStore$Factory;Lorg/gradle/api/internal/filestore/DefaultArtifactIdentifierFileStore$Factory;)Lorg/gradle/api/internal/artifacts/ivyservice/modulecache/FileStoreAndIndexProvider; 111 <appendix> member <vmtarget> ; # org/gradle/api/internal/artifacts/DependencyManagementBuildTreeScopeServices$$Lambda+0x000002b54c49dca0
instanceKlass  @bci org/gradle/api/internal/artifacts/DependencyManagementBuildTreeScopeServices createFileStoreAndIndexProvider (Lorg/gradle/util/internal/BuildCommencedTimeProvider;Lorg/gradle/api/internal/artifacts/ivyservice/ArtifactCachesProvider;Lorg/gradle/internal/resource/cached/DefaultExternalResourceFileStore$Factory;Lorg/gradle/api/internal/filestore/DefaultArtifactIdentifierFileStore$Factory;)Lorg/gradle/api/internal/artifacts/ivyservice/modulecache/FileStoreAndIndexProvider; 80 <appendix> member <vmtarget> ; # org/gradle/api/internal/artifacts/DependencyManagementBuildTreeScopeServices$$Lambda+0x000002b54c49da68
instanceKlass  @bci org/gradle/api/internal/filestore/DefaultArtifactIdentifierFileStore <clinit> ()V 10 <appendix> argL0 ; # org/gradle/api/internal/filestore/DefaultArtifactIdentifierFileStore$$Lambda+0x000002b54c49d848
instanceKlass org/gradle/api/internal/filestore/DefaultArtifactIdentifierFileStore$1
instanceKlass  @bci org/gradle/api/internal/artifacts/DependencyManagementBuildTreeScopeServices createFileStoreAndIndexProvider (Lorg/gradle/util/internal/BuildCommencedTimeProvider;Lorg/gradle/api/internal/artifacts/ivyservice/ArtifactCachesProvider;Lorg/gradle/internal/resource/cached/DefaultExternalResourceFileStore$Factory;Lorg/gradle/api/internal/filestore/DefaultArtifactIdentifierFileStore$Factory;)Lorg/gradle/api/internal/artifacts/ivyservice/modulecache/FileStoreAndIndexProvider; 60 <appendix> member <vmtarget> ; # org/gradle/api/internal/artifacts/DependencyManagementBuildTreeScopeServices$$Lambda+0x000002b54c49d3d0
instanceKlass org/gradle/internal/resource/cached/CachedExternalResource
instanceKlass org/gradle/internal/resource/metadata/ExternalResourceMetaData
instanceKlass org/gradle/internal/resource/cached/DefaultCachedExternalResourceIndex$CachedExternalResourceSerializer
instanceKlass org/gradle/internal/resource/cached/CachedItem
instanceKlass  @bci org/gradle/api/internal/artifacts/ivyservice/ArtifactCachesProvider withReadOnlyCache (Ljava/util/function/BiFunction;)Ljava/util/Optional; 8 <appendix> member <vmtarget> ; # org/gradle/api/internal/artifacts/ivyservice/ArtifactCachesProvider$$Lambda+0x000002b54c49cb38
instanceKlass  @cpi org/gradle/api/internal/artifacts/ivyservice/ArtifactCachesProvider 87 form vmentry <vmtarget> ; # java/lang/invoke/LambdaForm$DMH+0x000002b54c4a1000
instanceKlass  @bci org/gradle/api/internal/artifacts/DependencyManagementBuildTreeScopeServices createFileStoreAndIndexProvider (Lorg/gradle/util/internal/BuildCommencedTimeProvider;Lorg/gradle/api/internal/artifacts/ivyservice/ArtifactCachesProvider;Lorg/gradle/internal/resource/cached/DefaultExternalResourceFileStore$Factory;Lorg/gradle/api/internal/filestore/DefaultArtifactIdentifierFileStore$Factory;)Lorg/gradle/api/internal/artifacts/ivyservice/modulecache/FileStoreAndIndexProvider; 16 <appendix> member <vmtarget> ; # org/gradle/api/internal/artifacts/DependencyManagementBuildTreeScopeServices$$Lambda+0x000002b54c49c900
instanceKlass org/gradle/api/file/FileVisitor
instanceKlass org/gradle/internal/resource/local/LocallyAvailableResource
instanceKlass org/gradle/internal/resource/local/DefaultPathKeyFileStore
instanceKlass  @bci org/gradle/internal/resource/cached/DefaultExternalResourceFileStore <clinit> ()V 10 <appendix> argL0 ; # org/gradle/internal/resource/cached/DefaultExternalResourceFileStore$$Lambda+0x000002b54c49c6e0
instanceKlass org/gradle/api/Namer
instanceKlass org/gradle/internal/resource/cached/DefaultExternalResourceFileStore$1
instanceKlass org/gradle/internal/resource/local/GroupedAndNamedUniqueFileStore$Grouper
instanceKlass org/gradle/internal/resource/local/PathKeyFileStore
# instanceKlass java/lang/invoke/LambdaForm$MH+0x000002b54c4a0c00
# instanceKlass java/lang/invoke/LambdaForm$MH+0x000002b54c4a0800
# instanceKlass java/lang/invoke/LambdaForm$MH+0x000002b54c4a0400
# instanceKlass java/lang/invoke/LambdaForm$MH+0x000002b54c4a0000
instanceKlass org/gradle/internal/hash/ChecksumHasher
instanceKlass org/gradle/internal/hash/DefaultChecksumService
# instanceKlass java/lang/invoke/LambdaForm$MH+0x000002b54c49bc00
# instanceKlass java/lang/invoke/LambdaForm$MH+0x000002b54c49b800
# instanceKlass java/lang/invoke/LambdaForm$MH+0x000002b54c49b400
# instanceKlass java/lang/invoke/LambdaForm$MH+0x000002b54c49b000
# instanceKlass java/lang/invoke/LambdaForm$MH+0x000002b54c49ac00
# instanceKlass java/lang/invoke/LambdaForm$MH+0x000002b54c49a800
instanceKlass org/gradle/api/internal/artifacts/mvnsettings/DefaultLocalMavenRepositoryLocator$CurrentSystemPropertyAccess
instanceKlass org/gradle/api/internal/artifacts/mvnsettings/DefaultLocalMavenRepositoryLocator$SystemPropertyAccess
instanceKlass org/gradle/api/internal/artifacts/mvnsettings/DefaultLocalMavenRepositoryLocator
instanceKlass org/gradle/api/internal/artifacts/mvnsettings/DefaultMavenFileLocations
instanceKlass org/apache/maven/settings/io/SettingsReader
instanceKlass org/apache/maven/settings/building/SettingsBuildingRequest
instanceKlass org/gradle/api/internal/artifacts/mvnsettings/DefaultMavenSettingsProvider
# instanceKlass java/lang/invoke/LambdaForm$MH+0x000002b54c49a400
# instanceKlass java/lang/invoke/LambdaForm$MH+0x000002b54c49a000
# instanceKlass java/lang/invoke/LambdaForm$MH+0x000002b54c499c00
# instanceKlass java/lang/invoke/LambdaForm$MH+0x000002b54c499800
# instanceKlass java/lang/invoke/LambdaForm$MH+0x000002b54c499400
# instanceKlass java/lang/invoke/LambdaForm$MH+0x000002b54c499000
# instanceKlass java/lang/invoke/LambdaForm$MH+0x000002b54c498c00
# instanceKlass java/lang/invoke/LambdaForm$MH+0x000002b54c498800
# instanceKlass java/lang/invoke/LambdaForm$MH+0x000002b54c498400
# instanceKlass java/lang/invoke/LambdaForm$MH+0x000002b54c498000
# instanceKlass java/lang/invoke/LambdaForm$MH+0x000002b54c493c00
# instanceKlass java/lang/invoke/LambdaForm$MH+0x000002b54c493800
instanceKlass org/gradle/api/internal/file/DefaultFileSystemLocation
instanceKlass org/gradle/internal/locking/LockFileReaderWriter
instanceKlass org/gradle/api/internal/provider/AbstractCollectionProperty$NoValueSupplier
instanceKlass org/gradle/api/internal/provider/AbstractCollectionProperty$EmptySupplier
instanceKlass org/gradle/api/internal/provider/ValidatingValueCollector
instanceKlass  @bci org/gradle/api/internal/provider/DefaultListProperty <clinit> ()V 0 <appendix> argL0 ; # org/gradle/api/internal/provider/DefaultListProperty$$Lambda+0x000002b54c495f28
instanceKlass org/gradle/api/internal/provider/CollectionSupplier
instanceKlass org/gradle/api/internal/provider/Collector
instanceKlass org/gradle/api/internal/file/FileSystemLocationPropertyInternal
instanceKlass org/gradle/api/internal/provider/ValueSanitizers$4
instanceKlass  @bci org/gradle/internal/locking/LockEntryFilterFactory <clinit> ()V 8 <appendix> argL0 ; # org/gradle/internal/locking/LockEntryFilterFactory$$Lambda+0x000002b54c48ebd8
instanceKlass  @bci org/gradle/internal/locking/LockEntryFilterFactory <clinit> ()V 0 <appendix> argL0 ; # org/gradle/internal/locking/LockEntryFilterFactory$$Lambda+0x000002b54c48e9a8
instanceKlass org/gradle/api/internal/artifacts/dsl/dependencies/LockEntryFilter
instanceKlass org/gradle/internal/locking/LockEntryFilterFactory
instanceKlass org/gradle/internal/locking/DependencyLockingNotationConverter
instanceKlass org/gradle/internal/resource/local/FileResourceListener
instanceKlass org/gradle/api/internal/artifacts/dsl/dependencies/DependencyLockingState
instanceKlass org/gradle/internal/locking/DefaultDependencyLockingProvider
# instanceKlass java/lang/invoke/LambdaForm$MH+0x000002b54c493400
# instanceKlass java/lang/invoke/LambdaForm$MH+0x000002b54c493000
# instanceKlass java/lang/invoke/LambdaForm$MH+0x000002b54c492c00
# instanceKlass java/lang/invoke/LambdaForm$MH+0x000002b54c492800
# instanceKlass java/lang/invoke/LambdaForm$MH+0x000002b54c492400
# instanceKlass java/lang/invoke/LambdaForm$MH+0x000002b54c492000
# instanceKlass java/lang/invoke/LambdaForm$MH+0x000002b54c491c00
# instanceKlass java/lang/invoke/LambdaForm$MH+0x000002b54c491800
instanceKlass  @bci org/gradle/internal/model/InMemoryCacheFactory$CalculatedValueCache <init> (Lorg/gradle/internal/DisplayName;Lorg/gradle/internal/model/CalculatedValueContainerFactory;ILjava/util/function/Function;)V 14 <appendix> member <vmtarget> ; # org/gradle/internal/model/InMemoryCacheFactory$CalculatedValueCache$$Lambda+0x000002b54c48b528
instanceKlass org/gradle/internal/model/InMemoryCacheFactory$CalculatedValueCache
instanceKlass  @bci org/gradle/composite/internal/DefaultBuildTreeLocalComponentProvider <init> (Lorg/gradle/internal/model/InMemoryCacheFactory;Lorg/gradle/api/internal/artifacts/ivyservice/projectmodule/LocalComponentCache;Lorg/gradle/api/internal/project/ProjectStateRegistry;Lorg/gradle/internal/build/BuildStateRegistry;Lorg/gradle/api/internal/attributes/immutable/ImmutableAttributesSchemaFactory;Lorg/gradle/api/internal/artifacts/ImmutableModuleIdentifierFactory;Lorg/gradle/internal/component/local/model/LocalComponentGraphResolveStateFactory;)V 53 <appendix> member <vmtarget> ; # org/gradle/composite/internal/DefaultBuildTreeLocalComponentProvider$$Lambda+0x000002b54c48d588
# instanceKlass java/lang/invoke/LambdaForm$MH+0x000002b54c491400
# instanceKlass java/lang/invoke/LambdaForm$MH+0x000002b54c491000
# instanceKlass java/lang/invoke/LambdaForm$MH+0x000002b54c490c00
# instanceKlass java/lang/invoke/LambdaForm$MH+0x000002b54c490800
# instanceKlass java/lang/invoke/LambdaForm$MH+0x000002b54c490400
# instanceKlass java/lang/invoke/LambdaForm$MH+0x000002b54c490000
# instanceKlass java/lang/invoke/LambdaForm$MH+0x000002b54c486c00
# instanceKlass java/lang/invoke/LambdaForm$MH+0x000002b54c486800
instanceKlass org/gradle/util/internal/WrapUtil
instanceKlass org/gradle/api/internal/artifacts/ivyservice/moduleconverter/dependencies/AbstractDependencyMetadataConverter
instanceKlass org/gradle/api/internal/artifacts/ivyservice/moduleconverter/dependencies/DependencyMetadataConverter
instanceKlass org/gradle/internal/component/model/LocalOriginDependencyMetadata
instanceKlass org/gradle/internal/component/model/ForcingDependencyMetadata
instanceKlass org/gradle/internal/component/model/DependencyMetadata
instanceKlass org/gradle/api/internal/artifacts/ivyservice/moduleconverter/dependencies/DefaultDependencyMetadataFactory
instanceKlass  @bci org/gradle/api/internal/attributes/immutable/ImmutableAttributesSchemaFactory <init> (Lorg/gradle/internal/model/InMemoryCacheFactory;)V 28 <appendix> member <vmtarget> ; # org/gradle/api/internal/attributes/immutable/ImmutableAttributesSchemaFactory$$Lambda+0x000002b54c48c210
instanceKlass org/gradle/api/internal/attributes/immutable/ImmutableAttributesSchemaFactory$SchemaPair
instanceKlass org/gradle/api/internal/attributes/immutable/ImmutableAttributesSchema
instanceKlass org/gradle/internal/model/InMemoryCacheFactory$DefaultInterner
instanceKlass  @bci org/gradle/api/internal/artifacts/ivyservice/projectmodule/LocalComponentCache <clinit> ()V 0 <appendix> argL0 ; # org/gradle/api/internal/artifacts/ivyservice/projectmodule/LocalComponentCache$$Lambda+0x000002b54c47fb58
instanceKlass  @cpi org/gradle/api/internal/artifacts/ivyservice/projectmodule/LocalComponentCache 51 form vmentry <vmtarget> ; # java/lang/invoke/LambdaForm$DMH+0x000002b54c486400
instanceKlass org/gradle/api/internal/artifacts/GlobalDependencyResolutionRules$CompositeSubstitutionRules
instanceKlass org/gradle/api/internal/AbstractTask
instanceKlass org/gradle/api/internal/file/copy/CopySpecSource
instanceKlass org/gradle/api/file/CopySpec
instanceKlass org/gradle/api/file/CopyProcessingSpec
instanceKlass org/gradle/api/file/ContentFilterable
instanceKlass org/gradle/api/file/CopySourceSpec
instanceKlass org/gradle/api/artifacts/ConfigurablePublishArtifact
# instanceKlass java/lang/invoke/LambdaForm$MH+0x000002b54c486000
# instanceKlass java/lang/invoke/LambdaForm$MH+0x000002b54c485c00
instanceKlass org/gradle/api/internal/artifacts/configurations/DefaultConfigurationServicesBundle
# instanceKlass java/lang/invoke/LambdaForm$MH+0x000002b54c485800
# instanceKlass java/lang/invoke/LambdaForm$MH+0x000002b54c485400
# instanceKlass java/lang/invoke/LambdaForm$MH+0x000002b54c485000
# instanceKlass java/lang/invoke/LambdaForm$MH+0x000002b54c484c00
# instanceKlass java/lang/invoke/LambdaForm$MH+0x000002b54c484800
# instanceKlass java/lang/invoke/LambdaForm$MH+0x000002b54c484400
# instanceKlass java/lang/invoke/LambdaForm$MH+0x000002b54c484000
# instanceKlass java/lang/invoke/LambdaForm$MH+0x000002b54c483c00
# instanceKlass java/lang/invoke/LambdaForm$MH+0x000002b54c483800
# instanceKlass java/lang/invoke/LambdaForm$MH+0x000002b54c483400
# instanceKlass java/lang/invoke/LambdaForm$MH+0x000002b54c483000
# instanceKlass java/lang/invoke/LambdaForm$MH+0x000002b54c482c00
instanceKlass org/gradle/api/internal/project/BuildScopedTaskResolver
instanceKlass org/gradle/api/internal/DefaultCollectionCallbackActionDecorator
# instanceKlass java/lang/invoke/LambdaForm$MH+0x000002b54c482800
# instanceKlass java/lang/invoke/LambdaForm$MH+0x000002b54c482400
# instanceKlass java/lang/invoke/LambdaForm$MH+0x000002b54c482000
instanceKlass org/gradle/vcs/internal/resolver/OncePerBuildInvocationVcsVersionWorkingDirResolver
instanceKlass org/gradle/vcs/internal/resolver/DefaultVcsVersionWorkingDirResolver
# instanceKlass java/lang/invoke/LambdaForm$MH+0x000002b54c481c00
# instanceKlass java/lang/invoke/LambdaForm$MH+0x000002b54c481800
# instanceKlass java/lang/invoke/LambdaForm$MH+0x000002b54c481400
# instanceKlass java/lang/invoke/LambdaForm$MH+0x000002b54c481000
# instanceKlass java/lang/invoke/LambdaForm$MH+0x000002b54c480c00
# instanceKlass java/lang/invoke/LambdaForm$MH+0x000002b54c480800
# instanceKlass java/lang/invoke/LambdaForm$MH+0x000002b54c480400
# instanceKlass java/lang/invoke/LambdaForm$MH+0x000002b54c480000
instanceKlass org/gradle/vcs/internal/VersionRef
instanceKlass org/gradle/vcs/internal/resolver/PersistentVcsMetadataCache$VersionRefSerializer
instanceKlass org/gradle/api/internal/artifacts/ivyservice/ivyresolve/strategy/CachingVersionSelectorScheme
instanceKlass org/gradle/api/internal/artifacts/ivyservice/ivyresolve/strategy/VersionSelector
instanceKlass org/gradle/api/internal/artifacts/ivyservice/ivyresolve/strategy/DefaultVersionSelectorScheme
instanceKlass org/gradle/api/internal/artifacts/ivyservice/ivyresolve/strategy/StaticVersionComparator
instanceKlass org/gradle/api/internal/artifacts/ivyservice/ivyresolve/strategy/DefaultVersionComparator
instanceKlass  @bci org/gradle/cache/internal/DefaultCacheCleanupStrategyFactory daily (Lorg/gradle/cache/CleanupAction;)Lorg/gradle/cache/CacheCleanupStrategy; 5 <appendix> argL0 ; # org/gradle/cache/internal/DefaultCacheCleanupStrategyFactory$$Lambda+0x000002b54c479cd0
instanceKlass org/gradle/internal/time/TimestampSuppliers$1
instanceKlass org/gradle/internal/time/TimestampSuppliers
instanceKlass org/gradle/internal/file/nio/ModificationTimeFileAccessTimeJournal
instanceKlass org/gradle/vcs/internal/DefaultVcsMappingsStore
instanceKlass org/gradle/vcs/internal/DefaultVcsMappingFactory
instanceKlass org/gradle/vcs/internal/services/DefaultVersionControlSpecFactory
instanceKlass org/gradle/internal/typeconversion/CharSequenceNotationConverter
instanceKlass org/gradle/api/internal/notations/ModuleIdentifierNotationConverter
instanceKlass org/gradle/internal/resource/transport/sftp/SftpConnectorFactory
instanceKlass com/jcraft/jsch/HostKeyRepository
instanceKlass com/jcraft/jsch/Logger
instanceKlass org/gradle/internal/resource/transport/sftp/LockableSftpClient
instanceKlass org/gradle/internal/resource/transport/sftp/SftpClientFactory$SftpClientCreator
instanceKlass org/gradle/internal/resource/transport/http/HttpConnectorFactory
instanceKlass  @bci org/gradle/internal/resource/transport/http/HttpClientHelper$Factory createFactory (Lorg/gradle/api/internal/DocumentationRegistry;)Lorg/gradle/internal/resource/transport/http/HttpClientHelper$Factory; 1 <appendix> member <vmtarget> ; # org/gradle/internal/resource/transport/http/HttpClientHelper$Factory$$Lambda+0x000002b54c478cd0
instanceKlass org/gradle/internal/resource/transport/http/HttpClientHelper
instanceKlass org/gradle/internal/resource/transport/http/HttpSettings
instanceKlass org/gradle/internal/resource/transport/http/DefaultSslContextFactory
instanceKlass org/gradle/internal/resource/transport/gcp/gcs/GcsConnectorFactory
instanceKlass org/gradle/internal/resource/transport/aws/s3/S3ConnectorFactory
instanceKlass org/gradle/internal/resource/transport/file/FileConnectorFactory
instanceKlass org/gradle/api/internal/artifacts/DefaultDependencyManagementServices$DefaultDependencyResolutionServices
instanceKlass org/gradle/api/internal/artifacts/ivyservice/moduleconverter/RootComponentProvider
instanceKlass org/gradle/api/internal/artifacts/ivyservice/DefaultConfigurationResolver
instanceKlass org/gradle/api/internal/artifacts/ConfigurationResolver
instanceKlass org/gradle/api/internal/artifacts/ivyservice/DefaultConfigurationResolver$Factory
instanceKlass org/gradle/api/internal/artifacts/ivyservice/ShortCircuitingResolutionExecutor
instanceKlass org/gradle/api/internal/artifacts/ivyservice/resolveengine/artifact/VisitedArtifactSet
instanceKlass org/gradle/api/internal/artifacts/transform/TransformUpstreamDependenciesResolver
instanceKlass org/gradle/api/artifacts/ResolvedConfiguration
instanceKlass org/gradle/api/internal/artifacts/ivyservice/LenientConfigurationInternal
instanceKlass org/gradle/api/artifacts/LenientConfiguration
instanceKlass org/gradle/api/internal/artifacts/ivyservice/resolveengine/graph/results/VisitedGraphResults
instanceKlass org/gradle/api/internal/artifacts/ivyservice/resolveengine/artifact/DependencyArtifactsVisitor
instanceKlass org/gradle/api/internal/artifacts/ivyservice/resolveengine/graph/DependencyGraphVisitor
instanceKlass org/gradle/api/internal/artifacts/ivyservice/ResolutionExecutor
instanceKlass org/gradle/api/internal/attributes/AttributeDescriberRegistry
instanceKlass org/gradle/internal/component/model/GraphVariantSelector
instanceKlass org/apache/commons/lang3/tuple/Pair
instanceKlass org/gradle/api/internal/artifacts/ivyservice/resolveengine/graph/conflicts/CandidateModule
instanceKlass org/gradle/api/internal/artifacts/ivyservice/resolveengine/graph/builder/NodeState
instanceKlass org/gradle/internal/component/resolution/failure/ReportableAsProblem
instanceKlass org/gradle/api/internal/artifacts/ivyservice/resolveengine/graph/RootGraphNode
instanceKlass org/gradle/api/internal/artifacts/ivyservice/resolveengine/graph/DependencyGraphNode
instanceKlass org/gradle/api/internal/artifacts/ivyservice/resolveengine/graph/ResolvedGraphVariant
instanceKlass org/gradle/api/internal/artifacts/ivyservice/resolveengine/graph/builder/DependencyGraphBuilder
instanceKlass org/gradle/api/internal/artifacts/ivyservice/resolveengine/ModuleConflictResolver
instanceKlass org/gradle/api/internal/artifacts/ivyservice/dependencysubstitution/DependencySubstitutionApplicator
instanceKlass org/gradle/api/internal/artifacts/ivyservice/resolveengine/DependencyGraphResolver
instanceKlass org/gradle/api/artifacts/query/ArtifactResolutionQuery
instanceKlass org/gradle/api/internal/artifacts/query/DefaultArtifactResolutionQueryFactory
instanceKlass org/gradle/api/internal/artifacts/DefaultComponentSelectorConverter
instanceKlass org/gradle/api/internal/artifacts/transform/VariantDefinition
instanceKlass org/gradle/api/internal/artifacts/transform/ConsumerProvidedVariantFinder
instanceKlass org/gradle/api/internal/artifacts/ivyservice/projectmodule/ProjectDependencyResolver
instanceKlass org/gradle/internal/resolve/resolver/DependencyToComponentIdResolver
instanceKlass org/gradle/internal/resolve/resolver/ComponentMetaDataResolver
instanceKlass org/gradle/api/internal/artifacts/ivyservice/projectmodule/DefaultLocalComponentRegistry
instanceKlass org/gradle/api/internal/artifacts/ivyservice/projectmodule/LocalComponentRegistry
instanceKlass org/gradle/api/internal/artifacts/ComponentSelectorConverter
instanceKlass org/gradle/api/internal/artifacts/configurations/CachePolicy
instanceKlass org/gradle/api/internal/artifacts/ivyservice/resolveengine/artifact/ResolvedArtifactSet$TransformSourceVisitor
instanceKlass org/gradle/api/internal/artifacts/transform/DefaultTransformedVariantFactory$VariantKey
instanceKlass org/gradle/api/internal/artifacts/transform/DefaultTransformedVariantFactory
instanceKlass org/gradle/api/internal/artifacts/transform/TransformedVariantFactory
instanceKlass org/gradle/api/artifacts/dsl/DependencyHandler
instanceKlass org/gradle/api/internal/artifacts/type/ArtifactTypeRegistry
instanceKlass org/gradle/api/internal/artifacts/query/ArtifactResolutionQueryFactory
instanceKlass org/gradle/api/artifacts/dsl/ArtifactHandler
instanceKlass org/gradle/api/internal/artifacts/dsl/PublishArtifactNotationParserFactory
instanceKlass org/gradle/api/internal/artifacts/RepositoriesSupplier
instanceKlass org/gradle/internal/component/resolution/failure/ResolutionFailureHandler
instanceKlass org/gradle/internal/component/resolution/failure/transform/TransformedVariantConverter
instanceKlass org/gradle/api/internal/artifacts/ResolveExceptionMapper
instanceKlass org/gradle/api/internal/artifacts/dsl/DefaultComponentMetadataHandler
instanceKlass org/gradle/api/artifacts/dsl/ComponentMetadataHandler
instanceKlass org/gradle/api/artifacts/dsl/DependencyConstraintHandler
instanceKlass org/gradle/api/internal/artifacts/GlobalDependencyResolutionRules
instanceKlass org/gradle/api/artifacts/dsl/DependencyLockingHandler
instanceKlass org/gradle/api/internal/artifacts/configurations/ConfigurationContainerInternal
instanceKlass org/gradle/api/internal/artifacts/configurations/RoleBasedConfigurationContainerInternal
instanceKlass org/gradle/api/internal/artifacts/ConfigurationResolver$Factory
instanceKlass org/gradle/api/internal/artifacts/configurations/ResolutionStrategyFactory
instanceKlass org/gradle/api/internal/artifacts/configurations/DefaultConfigurationFactory
instanceKlass org/gradle/api/internal/artifacts/ComponentModuleMetadataHandlerInternal
instanceKlass org/gradle/api/artifacts/dsl/ComponentModuleMetadataHandler
instanceKlass org/gradle/api/internal/artifacts/repositories/DefaultUrlArtifactRepository$Factory
instanceKlass org/gradle/api/internal/artifacts/ComponentMetadataProcessorFactory
instanceKlass org/gradle/api/internal/artifacts/dsl/ComponentMetadataHandlerInternal
instanceKlass org/gradle/api/file/ProjectLayout
instanceKlass org/gradle/api/internal/artifacts/dsl/dependencies/UnknownProjectFinder
instanceKlass org/gradle/api/internal/artifacts/dsl/dependencies/ProjectFinder
instanceKlass  @bci org/gradle/api/internal/artifacts/DefaultDependencyManagementServices lambda$newDetachedResolver$0 (Lorg/gradle/api/internal/file/FileResolver;Lorg/gradle/api/internal/file/FileCollectionFactory;Lorg/gradle/api/internal/DomainObjectContext;Lorg/gradle/internal/service/ServiceRegistration;)V 21 <appendix> argL0 ; # org/gradle/api/internal/artifacts/DefaultDependencyManagementServices$$Lambda+0x000002b54c4630f8
instanceKlass org/gradle/api/internal/artifacts/AnonymousModule
instanceKlass org/gradle/api/internal/artifacts/Module
instanceKlass org/gradle/api/internal/artifacts/configurations/DependencyMetaDataProvider
instanceKlass org/gradle/api/internal/artifacts/ArtifactPublicationServices
instanceKlass org/gradle/api/internal/ConfigurationServicesBundle
instanceKlass org/gradle/api/internal/artifacts/VariantTransformRegistry
instanceKlass org/gradle/api/internal/artifacts/transform/TransformRegistrationFactory
instanceKlass org/gradle/api/internal/artifacts/dsl/dependencies/DependencyLockingProvider
instanceKlass org/gradle/api/internal/artifacts/transform/TransformInvocationFactory
instanceKlass org/gradle/api/internal/artifacts/BaseRepositoryFactory
instanceKlass org/gradle/api/internal/artifacts/ivyservice/ivyresolve/parser/MetaDataParser
instanceKlass org/gradle/api/internal/attributes/AttributesSchemaInternal
instanceKlass org/gradle/api/attributes/AttributesSchema
instanceKlass org/gradle/api/internal/artifacts/transform/MutableTransformWorkspaceServices
instanceKlass org/gradle/internal/file/ReservedFileSystemLocation
instanceKlass org/gradle/api/internal/artifacts/DefaultDependencyManagementServices$DependencyResolutionScopeServices
instanceKlass org/gradle/api/internal/artifacts/DefaultDependencyManagementServices$TransformGradleUserHomeServices
instanceKlass  @bci org/gradle/api/internal/artifacts/DefaultDependencyManagementServices newDetachedResolver (Lorg/gradle/api/internal/file/FileResolver;Lorg/gradle/api/internal/file/FileCollectionFactory;Lorg/gradle/api/internal/DomainObjectContext;)Lorg/gradle/api/internal/artifacts/DependencyResolutionServices; 13 <appendix> member <vmtarget> ; # org/gradle/api/internal/artifacts/DefaultDependencyManagementServices$$Lambda+0x000002b54c460fa0
instanceKlass org/gradle/internal/model/CalculatedModelValue
instanceKlass org/gradle/api/internal/initialization/StandaloneDomainObjectContext
instanceKlass org/gradle/initialization/SettingsFactory$SettingsServiceRegistryFactory
instanceKlass org/gradle/internal/service/scopes/ServiceRegistryFactory
# instanceKlass java/lang/invoke/LambdaForm$MH+0x000002b54c46d000
# instanceKlass java/lang/invoke/LambdaForm$MH+0x000002b54c46cc00
# instanceKlass java/lang/invoke/LambdaForm$MH+0x000002b54c46c800
# instanceKlass java/lang/invoke/LambdaForm$MH+0x000002b54c46c400
# instanceKlass java/lang/invoke/LambdaForm$DMH+0x000002b54c46c000
instanceKlass org/gradle/internal/resource/ResourceLocation
instanceKlass org/gradle/internal/resource/UriTextResource
instanceKlass org/gradle/groovy/scripts/TextResourceScriptSource
instanceKlass org/gradle/initialization/BuildOperationSettingsProcessor$2$1
instanceKlass org/gradle/initialization/EvaluateSettingsBuildOperationType$Details
instanceKlass org/gradle/initialization/BuildOperationSettingsProcessor$2
instanceKlass  @bci org/gradle/invocation/DefaultGradle getClassLoaderScope ()Lorg/gradle/api/internal/initialization/ClassLoaderScope; 9 <appendix> member <vmtarget> ; # org/gradle/invocation/DefaultGradle$$Lambda+0x000002b54c4678a0
instanceKlass org/gradle/initialization/DirectoryInitScriptFinder
instanceKlass org/gradle/initialization/CompositeInitScriptFinder
instanceKlass org/gradle/initialization/InitScriptFinder
instanceKlass org/gradle/api/internal/properties/DefaultGradlePropertiesController$LoadedBuildScopedState
instanceKlass kotlin/text/StringsKt__AppendableKt
instanceKlass org/gradle/internal/extensions/stdlib/MapExtensionsKt
instanceKlass org/gradle/internal/cc/impl/services/DefaultEnvironment$DefaultProperties
instanceKlass org/gradle/initialization/Environment$Properties
instanceKlass  @bci org/gradle/initialization/properties/DefaultGradleProperties getPropertiesWithPrefix (Ljava/lang/String;)Ljava/util/Map; 26 <appendix> argL0 ; # org/gradle/initialization/properties/DefaultGradleProperties$$Lambda+0x000002b54c464900
instanceKlass  @bci org/gradle/initialization/properties/DefaultGradleProperties getPropertiesWithPrefix (Ljava/lang/String;)Ljava/util/Map; 21 <appendix> argL0 ; # org/gradle/initialization/properties/DefaultGradleProperties$$Lambda+0x000002b54c4646c0
instanceKlass  @bci org/gradle/initialization/properties/DefaultGradleProperties getPropertiesWithPrefix (Ljava/lang/String;)Ljava/util/Map; 11 <appendix> member <vmtarget> ; # org/gradle/initialization/properties/DefaultGradleProperties$$Lambda+0x000002b54c464468
instanceKlass org/gradle/initialization/properties/DefaultGradleProperties
instanceKlass org/gradle/internal/extensions/stdlib/CastExtensionsKt
instanceKlass org/gradle/initialization/DefaultSettingsLoader
instanceKlass org/gradle/initialization/SettingsAttachingSettingsLoader
instanceKlass org/gradle/internal/composite/CommandLineIncludedBuildSettingsLoader
instanceKlass org/gradle/internal/composite/ChildBuildRegisteringSettingsLoader
instanceKlass org/gradle/internal/composite/CompositeBuildSettingsLoader
instanceKlass org/gradle/initialization/InitScriptHandlingSettingsLoader
instanceKlass org/gradle/api/internal/initialization/CacheConfigurationsHandlingSettingsLoader
instanceKlass org/gradle/initialization/DaemonJvmToolchainsValidatingSettingsLoader
instanceKlass org/gradle/initialization/GradlePropertiesHandlingSettingsLoader
instanceKlass org/gradle/initialization/BuildOperationFiringSettingsPreparer$LoadBuild$1
instanceKlass org/gradle/initialization/LoadBuildBuildOperationType$Details
instanceKlass org/gradle/initialization/BuildOperationFiringSettingsPreparer$LoadBuild
instanceKlass org/gradle/initialization/BuildOperationFiringSettingsPreparer$2
instanceKlass org/gradle/initialization/BuildIdentifiedProgressDetails
instanceKlass  @bci org/gradle/internal/model/StateTransitionController doTransition (Lorg/gradle/internal/model/StateTransitionController$State;Lorg/gradle/internal/model/StateTransitionController$State;Ljava/lang/Runnable;)V 4 <appendix> member <vmtarget> ; # org/gradle/internal/model/StateTransitionController$$Lambda+0x000002b54c45dda0
instanceKlass  @bci org/gradle/internal/model/StateTransitionController transitionIfNotPreviously (Lorg/gradle/internal/model/StateTransitionController$State;Lorg/gradle/internal/model/StateTransitionController$State;Ljava/lang/Runnable;)V 8 <appendix> member <vmtarget> ; # org/gradle/internal/model/StateTransitionController$$Lambda+0x000002b54c45db78
instanceKlass  @bci org/gradle/initialization/VintageBuildModelController prepareSettings ()V 11 <appendix> member <vmtarget> ; # org/gradle/initialization/VintageBuildModelController$$Lambda+0x000002b54c45d950
instanceKlass  @bci org/gradle/internal/model/StateTransitionController notInState (Lorg/gradle/internal/model/StateTransitionController$State;Ljava/util/function/Supplier;)Ljava/lang/Object; 7 <appendix> member <vmtarget> ; # org/gradle/internal/model/StateTransitionController$$Lambda+0x000002b54c45d728
instanceKlass  @bci org/gradle/internal/build/DefaultBuildLifecycleController withProjectsConfigured (Ljava/util/function/Function;)Ljava/lang/Object; 9 <appendix> member <vmtarget> ; # org/gradle/internal/build/DefaultBuildLifecycleController$$Lambda+0x000002b54c45d500
instanceKlass  @bci org/gradle/internal/build/DefaultBuildToolingModelController locateBuilderForTarget (Ljava/lang/String;Z)Lorg/gradle/tooling/provider/model/internal/ToolingModelScope; 33 <appendix> argL0 ; # org/gradle/internal/build/DefaultBuildToolingModelController$$Lambda+0x000002b54c45d2c0
instanceKlass org/gradle/plugins/ide/internal/tooling/idea/IsolatedIdeaModuleInternal
instanceKlass org/gradle/plugins/ide/internal/tooling/model/IsolatedGradleProjectInternal
instanceKlass org/gradle/tooling/model/cpp/CppProject
instanceKlass org/gradle/tooling/model/ProjectModel
instanceKlass org/gradle/internal/build/DefaultBuildToolingModelController
instanceKlass org/gradle/tooling/model/dsl/GroovyDslBaseScriptModel
instanceKlass org/gradle/tooling/model/dsl/KotlinDslBaseScriptModel
instanceKlass org/gradle/plugins/ide/internal/tooling/GradleDslBaseScriptModelBuilder
instanceKlass org/gradle/tooling/provider/model/internal/PluginApplyingBuilder
instanceKlass org/gradle/plugins/ide/idea/model/IdeaModule
instanceKlass java/util/stream/Nodes$IntArrayNode
instanceKlass java/util/stream/Node$Builder$OfInt
instanceKlass java/util/stream/Sink$OfInt
instanceKlass java/util/function/IntConsumer
instanceKlass  @bci java/util/stream/IntPipeline toArray ()[I 1 <appendix> argL0 ; # java/util/stream/IntPipeline$$Lambda+0x000002b54c2c7b80
instanceKlass java/util/stream/IntStream
instanceKlass java/lang/StringLatin1$CharsSpliterator
instanceKlass org/gradle/plugins/ide/internal/tooling/IsolatedIdeaModuleInternalBuilder
instanceKlass org/gradle/plugins/ide/internal/tooling/IsolatedGradleProjectInternalBuilder
instanceKlass org/gradle/plugins/ide/internal/tooling/BuildEnvironmentBuilder
instanceKlass org/gradle/tooling/model/GradleModuleVersion
instanceKlass org/gradle/plugins/ide/internal/tooling/PublicationsBuilder
instanceKlass org/gradle/plugins/ide/internal/tooling/model/TaskNameComparator
instanceKlass org/gradle/plugins/ide/internal/tooling/BuildInvocationsBuilder
instanceKlass org/gradle/plugins/ide/internal/tooling/BasicIdeaModelBuilder
instanceKlass org/gradle/plugins/ide/internal/tooling/model/PartialBasicGradleProject
instanceKlass org/gradle/plugins/ide/internal/tooling/GradleBuildBuilder
instanceKlass org/gradle/plugins/ide/internal/configurer/HierarchicalElementAdapter
instanceKlass org/gradle/plugins/ide/internal/configurer/AbstractUniqueProjectNameProvider
instanceKlass org/objectweb/asm/TypePath
instanceKlass org/objectweb/asm/TypeReference
instanceKlass org/gradle/plugins/ide/eclipse/model/AbstractClasspathEntry
instanceKlass org/gradle/plugins/ide/eclipse/model/ClasspathEntry
instanceKlass org/objectweb/asm/Opcodes
instanceKlass org/objectweb/asm/Context
instanceKlass org/objectweb/asm/ClassReader
instanceKlass com/google/common/io/ByteArrayDataOutput
instanceKlass com/google/common/io/ByteArrayDataInput
instanceKlass com/google/common/io/ByteStreams
instanceKlass org/gradle/plugins/ide/internal/tooling/EclipseModelBuilder
instanceKlass org/gradle/plugins/ide/internal/tooling/RunEclipseTasksBuilder
instanceKlass org/gradle/plugins/ide/internal/tooling/RunBuildDependenciesTaskBuilder
instanceKlass org/gradle/tooling/provider/model/ParameterizedToolingModelBuilder
instanceKlass org/gradle/tooling/model/idea/IdeaCompilerOutput
instanceKlass org/gradle/tooling/model/idea/IdeaLanguageLevel
instanceKlass org/gradle/plugins/ide/internal/tooling/IdeaModelBuilder
instanceKlass org/gradle/plugins/ide/internal/tooling/model/LaunchableGradleTask
instanceKlass org/gradle/tooling/internal/protocol/InternalLaunchable
instanceKlass org/gradle/tooling/internal/gradle/GradleProjectIdentity
instanceKlass org/gradle/tooling/internal/gradle/GradleBuildIdentity
instanceKlass org/gradle/plugins/ide/internal/tooling/GradleProjectBuilder
instanceKlass org/gradle/tooling/internal/protocol/cpp/InternalCppTestSuite
instanceKlass org/gradle/tooling/internal/protocol/cpp/InternalCppLibrary
instanceKlass org/gradle/tooling/internal/protocol/cpp/InternalCppApplication
instanceKlass org/gradle/language/cpp/internal/tooling/DefaultCppComponentModel
instanceKlass org/gradle/language/cpp/CppComponent
instanceKlass org/gradle/language/ComponentWithTargetMachines
instanceKlass org/gradle/language/ComponentWithDependencies
instanceKlass org/gradle/language/ComponentWithBinaries
instanceKlass org/gradle/language/cpp/internal/tooling/CppModelBuilder
instanceKlass org/gradle/kotlin/dsl/tooling/builders/KotlinBuildScriptTemplateModelBuilder
instanceKlass org/gradle/declarative/dsl/tooling/builders/DeclarativeSchemaModelBuilder
instanceKlass org/gradle/tooling/provider/model/internal/BuildScopeModelBuilder
instanceKlass  @bci org/gradle/internal/service/scopes/BuildScopeServices createBuildScopedToolingModelBuilders (Ljava/util/List;Lorg/gradle/internal/operations/BuildOperationRunner;Lorg/gradle/api/internal/project/ProjectStateRegistry;Lorg/gradle/internal/code/UserCodeApplicationContext;)Lorg/gradle/tooling/provider/model/internal/DefaultToolingModelBuilderRegistry; 18 <appendix> member <vmtarget> ; # org/gradle/internal/service/scopes/BuildScopeServices$$Lambda+0x000002b54c454bf8
instanceKlass org/gradle/tooling/provider/model/internal/DefaultToolingModelBuilderRegistry$RegistrationImpl
instanceKlass org/gradle/tooling/provider/model/internal/DefaultToolingModelBuilderRegistry$VoidToolingModelBuilder
instanceKlass org/gradle/tooling/provider/model/internal/ToolingModelBuilderLookup$Builder
instanceKlass org/gradle/tooling/provider/model/internal/ToolingModelBuilderLookup$Registration
instanceKlass org/gradle/plugins/ide/internal/tooling/IdeaModelBuilderInternal
instanceKlass org/gradle/plugins/ide/internal/tooling/GradleProjectBuilderInternal
instanceKlass org/gradle/plugins/ide/internal/tooling/ToolingModelServices$BuildScopeToolingServices$1
# instanceKlass java/lang/invoke/LambdaForm$MH+0x000002b54c452c00
# instanceKlass java/lang/invoke/LambdaForm$MH+0x000002b54c452800
# instanceKlass java/lang/invoke/LambdaForm$MH+0x000002b54c452400
# instanceKlass java/lang/invoke/LambdaForm$MH+0x000002b54c452000
# instanceKlass java/lang/invoke/LambdaForm$MH+0x000002b54c451c00
# instanceKlass java/lang/invoke/LambdaForm$MH+0x000002b54c451800
# instanceKlass java/lang/invoke/LambdaForm$MH+0x000002b54c451400
# instanceKlass java/lang/invoke/LambdaForm$MH+0x000002b54c451000
# instanceKlass java/lang/invoke/LambdaForm$MH+0x000002b54c450c00
# instanceKlass java/lang/invoke/LambdaForm$MH+0x000002b54c450800
instanceKlass org/gradle/tooling/provider/model/internal/DefaultIntermediateToolingModelProvider
instanceKlass org/gradle/tooling/provider/model/internal/ToolingModelProjectDependencyListener
instanceKlass org/gradle/api/internal/project/DefaultProjectTaskLister
instanceKlass org/gradle/kotlin/dsl/tooling/builders/internal/KotlinScriptingModelBuildersServices$BuildScopeToolingServices$createIdeBuildScopeToolingModelBuilderRegistryAction$1
instanceKlass org/gradle/declarative/dsl/tooling/builders/internal/BuildScopeToolingServices$createIdeBuildScopeToolingModelBuilderRegistryAction$1
# instanceKlass java/lang/invoke/LambdaForm$MH+0x000002b54c450400
instanceKlass  @bci org/gradle/internal/buildtree/DefaultBuildTreeModelCreator$DefaultBuildTreeModelController locateBuilderForBuildTarget (Lorg/gradle/internal/build/BuildState;Ljava/lang/String;Z)Lorg/gradle/tooling/provider/model/internal/ToolingModelScope; 3 <appendix> member <vmtarget> ; # org/gradle/internal/buildtree/DefaultBuildTreeModelCreator$DefaultBuildTreeModelController$$Lambda+0x000002b54c449450
instanceKlass  @cpi org/gradle/internal/buildtree/DefaultBuildTreeModelCreator$DefaultBuildTreeModelController 323 form vmentry <vmtarget> ; # java/lang/invoke/LambdaForm$DMH+0x000002b54c450000
instanceKlass org/gradle/tooling/provider/model/internal/ToolingModelScope
instanceKlass org/gradle/internal/build/BuildToolingModelController
instanceKlass org/gradle/internal/buildtree/DefaultBuildTreeModelCreator$DefaultBuildTreeModelController$1
instanceKlass  @bci org/gradle/internal/cc/impl/barrier/BarrierAwareBuildTreeModelCreator fromBuildModel (Lorg/gradle/internal/buildtree/BuildTreeModelAction;)Ljava/lang/Object; 12 <appendix> member <vmtarget> ; # org/gradle/internal/cc/impl/barrier/BarrierAwareBuildTreeModelCreator$$Lambda+0x000002b54c44a468
instanceKlass org/gradle/internal/buildtree/DefaultBuildTreeModelCreator$DefaultBuildTreeModelController
instanceKlass org/gradle/internal/configuration/inputs/NoOpInputsListener
instanceKlass org/gradle/internal/configuration/inputs/InstrumentedInputs
instanceKlass  @bci org/gradle/internal/cc/impl/barrier/BarrierAwareBuildTreeModelCreator beforeTasks (Lorg/gradle/internal/buildtree/BuildTreeModelAction;)V 12 <appendix> member <vmtarget> ; # org/gradle/internal/cc/impl/barrier/BarrierAwareBuildTreeModelCreator$$Lambda+0x000002b54c44a240
instanceKlass kotlin/Unit
instanceKlass  @bci org/gradle/internal/model/StateTransitionController lambda$transition$7 (Lorg/gradle/internal/model/StateTransitionController$State;Lorg/gradle/internal/model/StateTransitionController$State;Ljava/util/function/Supplier;)Ljava/lang/Object; 4 <appendix> member <vmtarget> ; # org/gradle/internal/model/StateTransitionController$$Lambda+0x000002b54c44f280
instanceKlass  @bci org/gradle/internal/model/StateTransitionController transition (Lorg/gradle/internal/model/StateTransitionController$State;Lorg/gradle/internal/model/StateTransitionController$State;Ljava/util/function/Supplier;)Ljava/lang/Object; 8 <appendix> member <vmtarget> ; # org/gradle/internal/model/StateTransitionController$$Lambda+0x000002b54c44f058
instanceKlass  @bci org/gradle/internal/buildtree/DefaultBuildTreeLifecycleController runBuild (Ljava/util/function/Supplier;)Ljava/lang/Object; 12 <appendix> member <vmtarget> ; # org/gradle/internal/buildtree/DefaultBuildTreeLifecycleController$$Lambda+0x000002b54c44ee30
instanceKlass  @bci org/gradle/internal/watch/vfs/impl/WatchingVirtualFileSystem$2 call (Lorg/gradle/internal/operations/BuildOperationContext;)Lorg/gradle/internal/snapshot/SnapshotHierarchy; 140 <adapter> ; # java/lang/invoke/LambdaForm$MH+0x000002b54c448c00
# instanceKlass java/lang/invoke/LambdaForm$DMH+0x000002b54c448800
instanceKlass  @bci org/gradle/internal/watch/vfs/impl/WatchingVirtualFileSystem$2 call (Lorg/gradle/internal/operations/BuildOperationContext;)Lorg/gradle/internal/snapshot/SnapshotHierarchy; 140 <appendix> form vmentry <vmtarget> ; # java/lang/invoke/LambdaForm$DMH+0x000002b54c448400
instanceKlass  @bci org/gradle/internal/buildtree/DefaultBuildTreeLifecycleController fromBuildModel (ZLorg/gradle/internal/buildtree/BuildTreeModelAction;)Ljava/lang/Object; 4 <appendix> member <vmtarget> ; # org/gradle/internal/buildtree/DefaultBuildTreeLifecycleController$$Lambda+0x000002b54c44ec08
instanceKlass org/gradle/internal/build/ExecutionResult
instanceKlass org/gradle/internal/buildtree/BuildTreeModelTarget
instanceKlass org/gradle/tooling/internal/provider/runner/BuildModelActionRunner$ModelCreateAction
instanceKlass  @bci org/gradle/internal/buildtree/ProblemReportingBuildActionRunner getRootProjectBuildDirCollectingListener (Lorg/gradle/internal/buildtree/BuildTreeLifecycleController;)Lorg/gradle/internal/buildtree/ProblemReportingBuildActionRunner$RootProjectBuildDirCollectingListener; 14 <appendix> member <vmtarget> ; # org/gradle/internal/buildtree/ProblemReportingBuildActionRunner$$Lambda+0x000002b54c44e378
instanceKlass org/gradle/internal/event/DefaultListenerManager$ExclusiveEventBroadcast$3
instanceKlass  @bci org/gradle/internal/model/StateTransitionController inState (Lorg/gradle/internal/model/StateTransitionController$State;Ljava/util/function/Supplier;)Ljava/lang/Object; 7 <appendix> member <vmtarget> ; # org/gradle/internal/model/StateTransitionController$$Lambda+0x000002b54c44dc80
instanceKlass  @bci org/gradle/internal/model/StateTransitionController inState (Lorg/gradle/internal/model/StateTransitionController$State;Ljava/lang/Runnable;)V 3 <appendix> member <vmtarget> ; # org/gradle/internal/model/StateTransitionController$$Lambda+0x000002b54c44da58
instanceKlass  @bci org/gradle/internal/buildtree/DefaultBuildTreeLifecycleController beforeBuild (Ljava/util/function/Consumer;)V 9 <appendix> member <vmtarget> ; # org/gradle/internal/buildtree/DefaultBuildTreeLifecycleController$$Lambda+0x000002b54c44d830
instanceKlass  @bci org/gradle/launcher/exec/BuildOutcomeReportingBuildActionRunner run (Lorg/gradle/internal/invocation/BuildAction;Lorg/gradle/internal/buildtree/BuildTreeLifecycleController;)Lorg/gradle/internal/buildtree/BuildActionRunner$Result; 53 <appendix> member <vmtarget> ; # org/gradle/launcher/exec/BuildOutcomeReportingBuildActionRunner$$Lambda+0x000002b54c44d5f8
instanceKlass org/gradle/internal/logging/format/TersePrettyDurationFormatter
instanceKlass org/gradle/internal/buildevents/BuildResultLogger
instanceKlass org/apache/commons/lang3/ArrayFill
instanceKlass org/gradle/util/internal/TreeVisitor
instanceKlass org/gradle/internal/exceptions/FailureResolutionAware$Context
instanceKlass org/gradle/internal/buildevents/BuildExceptionReporter
instanceKlass org/gradle/internal/logging/format/DurationFormatter
instanceKlass org/gradle/internal/buildevents/BuildLogger
instanceKlass org/gradle/api/internal/tasks/execution/statistics/TaskExecutionStatisticsEventAdapter
instanceKlass org/gradle/execution/taskgraph/TaskListenerInternal
instanceKlass org/gradle/tooling/internal/provider/FileSystemWatchingBuildActionRunner$1
instanceKlass org/gradle/internal/watch/options/FileSystemWatchingSettingsFinalizedProgressDetails
instanceKlass org/gradle/internal/operations/notify/BuildOperationNotificationBridge$Finished
instanceKlass org/gradle/internal/operations/OperationFinishEvent
instanceKlass org/gradle/internal/watch/vfs/impl/WatchingVirtualFileSystem$1$1
instanceKlass org/gradle/internal/watch/vfs/BuildStartedFileSystemWatchingBuildOperationType$Result
instanceKlass  @bci org/gradle/internal/watch/registry/impl/AbstractFileWatcherUpdater update (Lorg/gradle/internal/snapshot/SnapshotHierarchy;)V 58 <appendix> member <vmtarget> ; # org/gradle/internal/watch/registry/impl/AbstractFileWatcherUpdater$$Lambda+0x000002b54c446ad0
instanceKlass  @bci org/gradle/internal/watch/registry/impl/AbstractFileWatcherUpdater hasWatchableContent (Ljava/util/stream/Stream;Lorg/gradle/internal/watch/registry/impl/WatchableHierarchies;)Z 2 <appendix> member <vmtarget> ; # org/gradle/internal/watch/registry/impl/AbstractFileWatcherUpdater$$Lambda+0x000002b54c446878
instanceKlass  @bci org/gradle/internal/watch/registry/impl/AbstractFileWatcherUpdater resolveWatchedFiles (Lorg/gradle/internal/watch/registry/impl/WatchableHierarchies;Lorg/gradle/internal/snapshot/SnapshotHierarchy;)Lorg/gradle/internal/file/FileHierarchySet; 29 <appendix> argL0 ; # org/gradle/internal/watch/registry/impl/AbstractFileWatcherUpdater$$Lambda+0x000002b54c446648
instanceKlass  @bci org/gradle/internal/watch/registry/impl/AbstractFileWatcherUpdater resolveWatchedFiles (Lorg/gradle/internal/watch/registry/impl/WatchableHierarchies;Lorg/gradle/internal/snapshot/SnapshotHierarchy;)Lorg/gradle/internal/file/FileHierarchySet; 16 <appendix> member <vmtarget> ; # org/gradle/internal/watch/registry/impl/AbstractFileWatcherUpdater$$Lambda+0x000002b54c4463f0
instanceKlass  @bci org/gradle/internal/watch/registry/impl/AbstractFileWatcherUpdater resolveWatchedFiles (Lorg/gradle/internal/watch/registry/impl/WatchableHierarchies;Lorg/gradle/internal/snapshot/SnapshotHierarchy;)Lorg/gradle/internal/file/FileHierarchySet; 4 <appendix> argL0 ; # org/gradle/internal/watch/registry/impl/AbstractFileWatcherUpdater$$Lambda+0x000002b54c4461b0
instanceKlass java/util/ArrayDeque$DeqSpliterator
instanceKlass  @bci org/gradle/internal/watch/registry/impl/WatchableHierarchies checkThatNothingExistsInNewWatchableHierarchy (Ljava/lang/String;Lorg/gradle/internal/snapshot/SnapshotHierarchy;)V 24 <appendix> member <vmtarget> ; # org/gradle/internal/watch/registry/impl/WatchableHierarchies$$Lambda+0x000002b54c445b38
instanceKlass  @bci org/gradle/internal/watch/registry/impl/WatchableHierarchies checkThatNothingExistsInNewWatchableHierarchy (Ljava/lang/String;Lorg/gradle/internal/snapshot/SnapshotHierarchy;)V 8 <appendix> member <vmtarget> ; # org/gradle/internal/watch/registry/impl/WatchableHierarchies$$Lambda+0x000002b54c4458e0
instanceKlass  @bci org/gradle/internal/watch/vfs/impl/WatchingVirtualFileSystem startWatching (Lorg/gradle/internal/snapshot/SnapshotHierarchy;Lorg/gradle/internal/watch/registry/WatchMode;Ljava/util/List;)Lorg/gradle/internal/snapshot/SnapshotHierarchy; 85 <appendix> member <vmtarget> ; # org/gradle/internal/watch/vfs/impl/WatchingVirtualFileSystem$$Lambda+0x000002b54c4456a8
instanceKlass  @bci org/gradle/internal/watch/registry/impl/WatchableHierarchies updateUnwatchableFilesOnBuildStart (Lorg/gradle/internal/snapshot/SnapshotHierarchy;Lorg/gradle/internal/watch/registry/impl/WatchableHierarchies$Invalidator;Ljava/util/List;)Lorg/gradle/internal/snapshot/SnapshotHierarchy; 19 <appendix> argL0 ; # org/gradle/internal/watch/registry/impl/WatchableHierarchies$$Lambda+0x000002b54c445478
instanceKlass  @bci org/gradle/internal/Combiners nonCombining ()Ljava/util/function/BinaryOperator; 0 <appendix> argL0 ; # org/gradle/internal/Combiners$$Lambda+0x000002b54c445230
instanceKlass org/gradle/internal/Combiners
instanceKlass  @bci org/gradle/internal/watch/registry/impl/WatchableHierarchies removeUnprovenHierarchies (Lorg/gradle/internal/snapshot/SnapshotHierarchy;Lorg/gradle/internal/watch/registry/impl/WatchableHierarchies$Invalidator;Lorg/gradle/internal/watch/registry/WatchMode;)Lorg/gradle/internal/snapshot/SnapshotHierarchy; 13 <appendix> member <vmtarget> ; # org/gradle/internal/watch/registry/impl/WatchableHierarchies$$Lambda+0x000002b54c444df0
instanceKlass  @bci org/gradle/internal/watch/registry/impl/DefaultFileWatcherProbeRegistry unprovenHierarchies ()Ljava/util/stream/Stream; 24 <appendix> argL0 ; # org/gradle/internal/watch/registry/impl/DefaultFileWatcherProbeRegistry$$Lambda+0x000002b54c444bb0
instanceKlass  @bci org/gradle/internal/watch/registry/impl/DefaultFileWatcherProbeRegistry unprovenHierarchies ()Ljava/util/stream/Stream; 14 <appendix> argL0 ; # org/gradle/internal/watch/registry/impl/DefaultFileWatcherProbeRegistry$$Lambda+0x000002b54c444960
instanceKlass  @cpi org/gradle/internal/scripts/BuildScriptCompilationAndInstrumentation 342 form vmentry <vmtarget> ; # java/lang/invoke/LambdaForm$DMH+0x000002b54c448000
instanceKlass org/gradle/internal/watch/registry/impl/DefaultFileWatcherProbeRegistry$WatchProbe
instanceKlass  @bci org/gradle/internal/watch/registry/impl/HierarchicalFileWatcherUpdater createInvalidator ()Lorg/gradle/internal/watch/registry/impl/WatchableHierarchies$Invalidator; 0 <appendix> argL0 ; # org/gradle/internal/watch/registry/impl/HierarchicalFileWatcherUpdater$$Lambda+0x000002b54c444500
instanceKlass org/gradle/internal/watch/registry/impl/WatchableHierarchies$Invalidator
instanceKlass  @bci org/gradle/internal/watch/registry/impl/DefaultFileWatcherRegistry createAndStartEventConsumerThread (Lorg/gradle/internal/watch/registry/FileWatcherRegistry$ChangeHandler;)Ljava/lang/Thread; 28 <appendix> member <vmtarget> ; # org/gradle/internal/watch/registry/impl/DefaultFileWatcherRegistry$$Lambda+0x000002b54c4440d8
instanceKlass  @bci org/gradle/internal/watch/registry/impl/DefaultFileWatcherRegistry createAndStartEventConsumerThread (Lorg/gradle/internal/watch/registry/FileWatcherRegistry$ChangeHandler;)Ljava/lang/Thread; 6 <appendix> member <vmtarget> ; # org/gradle/internal/watch/registry/impl/DefaultFileWatcherRegistry$$Lambda+0x000002b54c443eb0
instanceKlass org/gradle/internal/watch/registry/impl/DefaultFileWatcherRegistry$MutableFileWatchingStatistics
instanceKlass org/gradle/internal/watch/registry/FileWatcherRegistry$FileWatchingStatistics
instanceKlass org/gradle/fileevents/FileWatchEvent$Handler
instanceKlass org/gradle/internal/watch/registry/impl/DefaultFileWatcherRegistry
instanceKlass  @bci org/gradle/internal/watch/registry/impl/WindowsFileWatcherRegistryFactory createFileWatcherUpdater (Lorg/gradle/fileevents/internal/WindowsFileEventFunctions$WindowsFileWatcher;Lorg/gradle/internal/watch/registry/FileWatcherProbeRegistry;Lorg/gradle/internal/watch/registry/impl/WatchableHierarchies;)Lorg/gradle/internal/watch/registry/FileWatcherUpdater; 11 <appendix> member <vmtarget> ; # org/gradle/internal/watch/registry/impl/WindowsFileWatcherRegistryFactory$$Lambda+0x000002b54c443378
instanceKlass org/gradle/internal/watch/registry/impl/AbstractFileWatcherUpdater$MovedDirectoryHandler
instanceKlass  @bci org/gradle/internal/watch/registry/impl/HierarchicalFileWatcherUpdater$FileSystemLocationToWatchValidator <clinit> ()V 0 <appendix> argL0 ; # org/gradle/internal/watch/registry/impl/HierarchicalFileWatcherUpdater$FileSystemLocationToWatchValidator$$Lambda+0x000002b54c442f58
instanceKlass org/gradle/internal/watch/registry/impl/HierarchicalFileWatcherUpdater$FileSystemLocationToWatchValidator
instanceKlass org/gradle/internal/watch/registry/impl/AbstractFileWatcherUpdater
instanceKlass org/gradle/internal/file/FileHierarchySet$RootVisitor
instanceKlass org/gradle/internal/watch/registry/impl/WatchableHierarchies
instanceKlass org/gradle/fileevents/internal/AbstractFileEventFunctions$AbstractFileWatcher
instanceKlass org/gradle/fileevents/FileWatchEvent
instanceKlass org/gradle/fileevents/internal/AbstractFileEventFunctions$NativeFileWatcherCallback
instanceKlass  @bci org/gradle/internal/watch/registry/impl/AbstractFileWatcherRegistryFactory createFileWatcherRegistry (Lorg/gradle/internal/watch/registry/FileWatcherRegistry$ChangeHandler;)Lorg/gradle/internal/watch/registry/FileWatcherRegistry; 15 <appendix> argL0 ; # org/gradle/internal/watch/registry/impl/AbstractFileWatcherRegistryFactory$$Lambda+0x000002b54c440d78
instanceKlass org/gradle/internal/watch/registry/impl/DefaultFileWatcherProbeRegistry
instanceKlass org/gradle/internal/watch/vfs/impl/WatchingVirtualFileSystem$BroadcastingChangeHandler
instanceKlass org/gradle/internal/watch/vfs/impl/WatchingVirtualFileSystem$InvalidateVfsChangeHandler
instanceKlass org/gradle/internal/watch/vfs/impl/WatchingVirtualFileSystem$CompositeChangeHandler
instanceKlass org/gradle/internal/watch/vfs/impl/WatchingVirtualFileSystem$FilterChangesToOutputsChangesHandler
instanceKlass  @bci org/gradle/internal/watch/vfs/impl/WatchingVirtualFileSystem$1 call (Lorg/gradle/internal/operations/BuildOperationContext;)Lorg/gradle/internal/snapshot/SnapshotHierarchy; 56 <appendix> member <vmtarget> ; # org/gradle/internal/watch/vfs/impl/WatchingVirtualFileSystem$1$$Lambda+0x000002b54c43fdb8
instanceKlass  @bci org/gradle/internal/watch/vfs/impl/DefaultWatchableFileSystemDetector detectUnsupportedFileSystems ()Ljava/util/stream/Stream; 24 <appendix> argL0 ; # org/gradle/internal/watch/vfs/impl/DefaultWatchableFileSystemDetector$$Lambda+0x000002b54c43fb78
instanceKlass  @bci org/gradle/internal/watch/vfs/impl/DefaultWatchableFileSystemDetector detectUnsupportedFileSystems ()Ljava/util/stream/Stream; 14 <appendix> argL0 ; # org/gradle/internal/watch/vfs/impl/DefaultWatchableFileSystemDetector$$Lambda+0x000002b54c43f928
instanceKlass net/rubygrapefruit/platform/internal/FileSystemList$DefaultCaseSensitivity
instanceKlass net/rubygrapefruit/platform/internal/DefaultFileSystemInfo
instanceKlass net/rubygrapefruit/platform/file/FileSystemInfo
instanceKlass net/rubygrapefruit/platform/internal/jni/PosixFileSystemFunctions
instanceKlass net/rubygrapefruit/platform/file/CaseSensitivity
instanceKlass net/rubygrapefruit/platform/internal/FileSystemList
instanceKlass org/gradle/api/internal/tasks/execution/ExecuteTaskBuildOperationDetails
instanceKlass org/gradle/internal/operations/trace/CustomOperationTraceSerialization
instanceKlass org/gradle/api/internal/tasks/execution/ExecuteTaskBuildOperationType$Details
instanceKlass org/gradle/internal/watch/vfs/BuildStartedFileSystemWatchingBuildOperationType$Details$1
instanceKlass org/gradle/internal/watch/vfs/BuildStartedFileSystemWatchingBuildOperationType$Details
instanceKlass org/gradle/internal/watch/vfs/FileSystemWatchingStatistics
instanceKlass org/gradle/internal/watch/vfs/impl/WatchingVirtualFileSystem$1
instanceKlass  @bci org/gradle/internal/watch/vfs/impl/WatchingVirtualFileSystem afterBuildStarted (Lorg/gradle/internal/watch/registry/WatchMode;Lorg/gradle/internal/watch/vfs/VfsLogging;Lorg/gradle/internal/operations/BuildOperationRunner;)Z 26 <appendix> member <vmtarget> ; # org/gradle/internal/watch/vfs/impl/WatchingVirtualFileSystem$$Lambda+0x000002b54c43d6a8
instanceKlass org/slf4j/helpers/NamedLoggerBase
instanceKlass org/gradle/api/execution/TaskExecutionGraphListener
instanceKlass org/gradle/configuration/internal/DefaultListenerBuildOperationDecorator
instanceKlass com/google/common/util/concurrent/AbstractFuture$Failure
instanceKlass com/google/common/util/concurrent/AbstractFuture$Cancellation
instanceKlass com/google/common/util/concurrent/AbstractFuture$DelegatingToFuture
instanceKlass com/google/common/util/concurrent/Platform
instanceKlass com/google/common/util/concurrent/Uninterruptibles
instanceKlass org/gradle/api/tasks/util/internal/CachingPatternSpecFactory$CachingSpec
instanceKlass org/gradle/api/internal/file/RelativePathSpec
instanceKlass org/gradle/api/internal/file/pattern/AnythingMatcher
instanceKlass org/gradle/api/internal/file/pattern/FixedPatternStep
instanceKlass org/gradle/api/internal/file/pattern/HasSuffixPatternStep
instanceKlass org/gradle/api/internal/file/pattern/HasPrefixPatternStep
instanceKlass org/gradle/api/internal/file/pattern/HasPrefixAndSuffixPatternStep
instanceKlass org/gradle/api/internal/file/pattern/AnyWildcardPatternStep
instanceKlass org/gradle/api/internal/file/pattern/PatternStep
instanceKlass org/gradle/api/internal/file/pattern/PatternStepFactory
instanceKlass org/gradle/api/internal/file/pattern/FixedStepPathMatcher
instanceKlass org/gradle/api/internal/file/pattern/GreedyPathMatcher
instanceKlass org/gradle/api/internal/file/pattern/EndOfPathMatcher
instanceKlass org/gradle/api/internal/file/pattern/PatternMatcher
instanceKlass org/gradle/api/internal/file/pattern/PathMatcher
instanceKlass org/gradle/api/internal/file/pattern/PatternMatcherFactory
instanceKlass com/google/common/base/Stopwatch
instanceKlass com/google/common/util/concurrent/AbstractFuture$Listener
instanceKlass com/google/common/util/concurrent/AbstractFutureState$Waiter
instanceKlass com/google/common/util/concurrent/LazyLogger
instanceKlass com/google/common/util/concurrent/AbstractFutureState$AtomicHelper
instanceKlass com/google/common/util/concurrent/internal/InternalFutureFailureAccess
instanceKlass com/google/common/util/concurrent/AbstractFuture$Trusted
instanceKlass com/google/common/util/concurrent/ListenableFuture
instanceKlass org/gradle/api/tasks/util/internal/CachingPatternSpecFactory$1
instanceKlass org/gradle/api/tasks/util/internal/CachingPatternSpecFactory$SpecKey
instanceKlass  @bci org/gradle/launcher/exec/RootBuildLifecycleBuildActionExecutor execute (Lorg/gradle/internal/invocation/BuildAction;)Lorg/gradle/internal/buildtree/BuildActionRunner$Result; 86 <appendix> member <vmtarget> ; # org/gradle/launcher/exec/RootBuildLifecycleBuildActionExecutor$$Lambda+0x000002b54c435140
instanceKlass org/gradle/initialization/buildsrc/BuildSrcDetector
instanceKlass  @bci org/gradle/internal/vfs/impl/AbstractVirtualFileSystem updateRootUnderLock (Ljava/util/function/UnaryOperator;)V 3 <appendix> member <vmtarget> ; # org/gradle/internal/vfs/impl/AbstractVirtualFileSystem$$Lambda+0x000002b54c434d10
instanceKlass  @bci org/gradle/internal/watch/vfs/impl/WatchingVirtualFileSystem registerWatchableHierarchy (Ljava/io/File;)V 3 <appendix> member <vmtarget> ; # org/gradle/internal/watch/vfs/impl/WatchingVirtualFileSystem$$Lambda+0x000002b54c434ab0
instanceKlass org/gradle/internal/buildtree/DefaultBuildTreeLifecycleController
instanceKlass org/gradle/internal/buildtree/BuildTreeLifecycleController
instanceKlass org/gradle/internal/cc/impl/VintageBuildTreeWorkController
instanceKlass org/gradle/internal/buildtree/BuildTreeWorkController
instanceKlass org/gradle/internal/buildtree/IntermediateBuildActionRunner
instanceKlass org/gradle/internal/buildtree/BuildTreeModelController
instanceKlass org/gradle/internal/buildtree/DefaultBuildTreeModelCreator
instanceKlass org/gradle/internal/cc/impl/barrier/BarrierAwareBuildTreeModelCreator
instanceKlass org/gradle/internal/buildtree/BuildTreeModelCreator
instanceKlass org/gradle/internal/buildtree/DefaultBuildTreeWorkPreparer
instanceKlass org/gradle/internal/cc/impl/barrier/BarrierAwareBuildTreeWorkPreparer
instanceKlass org/gradle/internal/buildtree/BuildTreeWorkPreparer
instanceKlass org/gradle/internal/buildtree/DefaultBuildTreeFinishExecutor
instanceKlass org/gradle/composite/internal/OperationFiringBuildTreeFinishExecutor$3
instanceKlass org/gradle/composite/internal/OperationFiringBuildTreeFinishExecutor$2
instanceKlass org/gradle/operations/lifecycle/FinishRootBuildTreeBuildOperationType$Result
instanceKlass org/gradle/operations/lifecycle/FinishRootBuildTreeBuildOperationType$Details
instanceKlass org/gradle/composite/internal/OperationFiringBuildTreeFinishExecutor
instanceKlass org/gradle/internal/buildtree/DefaultBuildTreeWorkExecutor
instanceKlass org/gradle/internal/buildtree/BuildOperationFiringBuildTreeWorkExecutor$1
instanceKlass org/gradle/operations/lifecycle/RunRequestedWorkBuildOperationType$Details
instanceKlass org/gradle/internal/buildtree/BuildOperationFiringBuildTreeWorkExecutor
# instanceKlass java/lang/invoke/LambdaForm$MH+0x000002b54c432c00
# instanceKlass java/lang/invoke/LambdaForm$MH+0x000002b54c432800
# instanceKlass java/lang/invoke/LambdaForm$MH+0x000002b54c432400
# instanceKlass java/lang/invoke/LambdaForm$MH+0x000002b54c432000
# instanceKlass java/lang/invoke/LambdaForm$MH+0x000002b54c431c00
# instanceKlass java/lang/invoke/LambdaForm$MH+0x000002b54c431800
# instanceKlass java/lang/invoke/LambdaForm$MH+0x000002b54c431400
# instanceKlass java/lang/invoke/LambdaForm$MH+0x000002b54c431000
# instanceKlass java/lang/invoke/LambdaForm$MH+0x000002b54c430c00
instanceKlass org/gradle/internal/cc/impl/models/DefaultToolingModelParameterCarrierFactory
instanceKlass org/gradle/api/internal/configuration/DefaultBuildFeature
instanceKlass org/gradle/execution/BuildOperationFiringBuildWorkerExecutor
instanceKlass org/gradle/execution/SelectedTaskExecutionAction
# instanceKlass java/lang/invoke/LambdaForm$MH+0x000002b54c430800
# instanceKlass java/lang/invoke/LambdaForm$MH+0x000002b54c430400
# instanceKlass java/lang/invoke/LambdaForm$MH+0x000002b54c430000
# instanceKlass java/lang/invoke/LambdaForm$MH+0x000002b54c42bc00
# instanceKlass java/lang/invoke/LambdaForm$MH+0x000002b54c42b800
instanceKlass org/gradle/internal/build/DefaultBuildWorkPreparer
instanceKlass org/gradle/internal/build/BuildOperationFiringBuildWorkPreparer
instanceKlass org/gradle/execution/plan/ToPlannedNodeConverterRegistry$MissingToPlannedNodeConverter
instanceKlass  @bci org/apache/commons/lang3/stream/LangCollectors joining (Ljava/lang/CharSequence;Ljava/lang/CharSequence;Ljava/lang/CharSequence;Ljava/util/function/Function;)Ljava/util/stream/Collector; 23 <appendix> argL0 ; # org/apache/commons/lang3/stream/LangCollectors$$Lambda+0x000002b54c42caf8
instanceKlass  @bci org/apache/commons/lang3/stream/LangCollectors joining (Ljava/lang/CharSequence;Ljava/lang/CharSequence;Ljava/lang/CharSequence;Ljava/util/function/Function;)Ljava/util/stream/Collector; 18 <appendix> argL0 ; # org/apache/commons/lang3/stream/LangCollectors$$Lambda+0x000002b54c42c8b0
instanceKlass  @bci org/apache/commons/lang3/stream/LangCollectors joining (Ljava/lang/CharSequence;Ljava/lang/CharSequence;Ljava/lang/CharSequence;Ljava/util/function/Function;)Ljava/util/stream/Collector; 13 <appendix> member <vmtarget> ; # org/apache/commons/lang3/stream/LangCollectors$$Lambda+0x000002b54c42c678
instanceKlass  @bci org/apache/commons/lang3/stream/LangCollectors joining (Ljava/lang/CharSequence;Ljava/lang/CharSequence;Ljava/lang/CharSequence;Ljava/util/function/Function;)Ljava/util/stream/Collector; 7 <appendix> member <vmtarget> ; # org/apache/commons/lang3/stream/LangCollectors$$Lambda+0x000002b54c42c450
instanceKlass org/apache/commons/lang3/stream/LangCollectors$SimpleCollector
instanceKlass org/apache/commons/lang3/stream/LangCollectors
instanceKlass  @bci org/apache/commons/lang3/StringUtils join ([Ljava/lang/Object;Ljava/lang/String;II)Ljava/lang/String; 33 <appendix> argL0 ; # org/apache/commons/lang3/StringUtils$$Lambda+0x000002b54c427be0
instanceKlass java/util/stream/SliceOps
instanceKlass org/apache/commons/lang3/stream/Streams
instanceKlass org/gradle/execution/plan/ExecutionPlan
# instanceKlass java/lang/invoke/LambdaForm$MH+0x000002b54c42b400
# instanceKlass java/lang/invoke/LambdaForm$MH+0x000002b54c42b000
# instanceKlass java/lang/invoke/LambdaForm$MH+0x000002b54c42ac00
# instanceKlass java/lang/invoke/LambdaForm$MH+0x000002b54c42a800
# instanceKlass java/lang/invoke/LambdaForm$MH+0x000002b54c42a400
# instanceKlass java/lang/invoke/LambdaForm$MH+0x000002b54c42a000
# instanceKlass java/lang/invoke/LambdaForm$MH+0x000002b54c429c00
# instanceKlass java/lang/invoke/LambdaForm$MH+0x000002b54c429800
instanceKlass org/gradle/internal/graph/CachingDirectedGraphWalker$GraphWithEmptyEdges
instanceKlass org/gradle/api/internal/tasks/CachingTaskDependencyResolveContext$TaskGraphImpl
instanceKlass org/gradle/internal/graph/DirectedGraphWithEdgeValues
instanceKlass org/gradle/internal/graph/CachingDirectedGraphWalker
instanceKlass org/gradle/internal/graph/DirectedGraph
instanceKlass org/gradle/api/internal/tasks/AbstractTaskDependencyResolveContext
instanceKlass org/gradle/api/internal/tasks/TaskDependencyResolveContext
instanceKlass org/gradle/api/internal/artifacts/transform/ToPlannedTransformStepConverter
instanceKlass org/gradle/internal/taskgraph/CalculateTaskGraphBuildOperationType$TaskIdentity
instanceKlass org/gradle/internal/taskgraph/NodeIdentity
instanceKlass org/gradle/execution/plan/PlannedNodeInternal
instanceKlass org/gradle/internal/taskgraph/CalculateTaskGraphBuildOperationType$PlannedNode
instanceKlass org/gradle/execution/plan/ToPlannedTaskConverter
instanceKlass  @bci org/gradle/execution/plan/TaskNodeFactory <init> (Lorg/gradle/api/internal/GradleInternal;Lorg/gradle/composite/internal/BuildTreeWorkGraphController;Lorg/gradle/execution/plan/NodeValidator;Lorg/gradle/internal/operations/BuildOperationRunner;Lorg/gradle/execution/plan/ExecutionNodeAccessHierarchies;Lorg/gradle/api/problems/internal/InternalProblems;)V 49 <appendix> member <vmtarget> ; # org/gradle/execution/plan/TaskNodeFactory$$Lambda+0x000002b54c4256f8
instanceKlass org/gradle/execution/plan/TaskNodeFactory$DefaultTypeOriginInspectorFactory
# instanceKlass java/lang/invoke/LambdaForm$MH+0x000002b54c429400
# instanceKlass java/lang/invoke/LambdaForm$MH+0x000002b54c429000
# instanceKlass java/lang/invoke/LambdaForm$MH+0x000002b54c428c00
# instanceKlass java/lang/invoke/LambdaForm$MH+0x000002b54c428800
# instanceKlass java/lang/invoke/LambdaForm$MH+0x000002b54c428400
# instanceKlass java/lang/invoke/LambdaForm$MH+0x000002b54c428000
instanceKlass org/gradle/execution/plan/SingleFileTreeElementMatcher
instanceKlass org/gradle/internal/collect/PersistentList
instanceKlass org/gradle/execution/plan/ValuedVfsHierarchy
instanceKlass org/gradle/execution/plan/ExecutionNodeAccessHierarchy$AbstractNodeAccessVisitor
instanceKlass org/gradle/execution/plan/ValuedVfsHierarchy$ValueVisitor
instanceKlass org/gradle/execution/plan/ExecutionNodeAccessHierarchy
instanceKlass org/gradle/internal/build/BuildModelLifecycleListener
instanceKlass org/gradle/BuildResult
instanceKlass org/gradle/execution/plan/BuildWorkPlan
instanceKlass org/gradle/internal/build/DefaultBuildLifecycleController
instanceKlass org/gradle/internal/model/StateTransitionController$CurrentState
instanceKlass org/gradle/internal/model/StateTransitionController
instanceKlass org/gradle/internal/model/StateTransitionController$State
instanceKlass org/gradle/initialization/VintageBuildModelController
instanceKlass org/gradle/initialization/DefaultTaskExecutionPreparer
instanceKlass org/gradle/execution/EntryTaskSelector$Context
instanceKlass org/gradle/execution/TaskNameResolvingBuildTaskScheduler
instanceKlass org/gradle/execution/DefaultTasksBuildTaskScheduler
# instanceKlass java/lang/invoke/LambdaForm$MH+0x000002b54c41fc00
# instanceKlass java/lang/invoke/LambdaForm$MH+0x000002b54c41f800
# instanceKlass java/lang/invoke/LambdaForm$MH+0x000002b54c41f400
# instanceKlass java/lang/invoke/LambdaForm$MH+0x000002b54c41f000
instanceKlass  @bci org/gradle/execution/selection/DefaultBuildTaskSelector relativeToBuild (Lorg/gradle/internal/build/BuildState;)Lorg/gradle/execution/selection/BuildTaskSelector$BuildSpecificSelector; 2 <appendix> member <vmtarget> ; # org/gradle/execution/selection/DefaultBuildTaskSelector$$Lambda+0x000002b54c417cf8
instanceKlass org/gradle/execution/commandline/CommandLineTaskConfigurer
instanceKlass org/gradle/api/internal/tasks/options/OptionValueNotationParserFactory
instanceKlass org/gradle/initialization/DefaultSettingsPreparer
instanceKlass org/gradle/initialization/BuildOperationFiringSettingsPreparer$1
instanceKlass org/gradle/initialization/LoadBuildBuildOperationType$Result
instanceKlass org/gradle/initialization/BuildOperationFiringSettingsPreparer
# instanceKlass java/lang/invoke/LambdaForm$MH+0x000002b54c41ec00
# instanceKlass java/lang/invoke/LambdaForm$MH+0x000002b54c41e800
# instanceKlass java/lang/invoke/LambdaForm$MH+0x000002b54c41e400
# instanceKlass java/lang/invoke/LambdaForm$MH+0x000002b54c41e000
# instanceKlass java/lang/invoke/LambdaForm$MH+0x000002b54c41dc00
# instanceKlass java/lang/invoke/LambdaForm$MH+0x000002b54c41d800
# instanceKlass java/lang/invoke/LambdaForm$MH+0x000002b54c41d400
# instanceKlass java/lang/invoke/LambdaForm$MH+0x000002b54c41d000
# instanceKlass java/lang/invoke/LambdaForm$MH+0x000002b54c41cc00
# instanceKlass java/lang/invoke/LambdaForm$MH+0x000002b54c41c800
# instanceKlass java/lang/invoke/LambdaForm$MH+0x000002b54c41c400
# instanceKlass java/lang/invoke/LambdaForm$MH+0x000002b54c41c000
# instanceKlass java/lang/invoke/LambdaForm$MH+0x000002b54c41bc00
# instanceKlass java/lang/invoke/LambdaForm$MH+0x000002b54c41b800
# instanceKlass java/lang/invoke/LambdaForm$MH+0x000002b54c41b400
# instanceKlass java/lang/invoke/LambdaForm$MH+0x000002b54c41b000
# instanceKlass java/lang/invoke/LambdaForm$MH+0x000002b54c41ac00
instanceKlass  @bci org/gradle/api/internal/artifacts/DependencyManagementBuildTreeScopeServices createModuleRepositoryCacheProvider (Lorg/gradle/util/internal/BuildCommencedTimeProvider;Lorg/gradle/api/internal/artifacts/ImmutableModuleIdentifierFactory;Lorg/gradle/api/internal/artifacts/ivyservice/ArtifactCachesProvider;Lorg/gradle/api/internal/artifacts/ivyservice/resolveengine/result/AttributeContainerSerializer;Lorg/gradle/api/internal/artifacts/capability/CapabilitySelectorSerializer;Lorg/gradle/api/internal/artifacts/repositories/metadata/MavenMutableModuleMetadataFactory;Lorg/gradle/api/internal/artifacts/repositories/metadata/IvyMutableModuleMetadataFactory;Lorg/gradle/util/internal/SimpleMapInterner;Lorg/gradle/api/internal/artifacts/ivyservice/modulecache/FileStoreAndIndexProvider;Lorg/gradle/api/internal/artifacts/ivyservice/modulecache/ModuleSourcesSerializer;Lorg/gradle/internal/hash/ChecksumService;)Lorg/gradle/api/internal/artifacts/ivyservice/modulecache/ModuleRepositoryCacheProvider; 71 <appendix> form v ; # java/lang/invoke/LambdaForm$DMH+0x000002b54c41a800
instanceKlass org/gradle/configuration/DefaultInitScriptProcessor
# instanceKlass java/lang/invoke/LambdaForm$MH+0x000002b54c41a400
# instanceKlass java/lang/invoke/LambdaForm$MH+0x000002b54c41a000
# instanceKlass java/lang/invoke/LambdaForm$MH+0x000002b54c419c00
# instanceKlass java/lang/invoke/LambdaForm$MH+0x000002b54c419800
instanceKlass org/gradle/initialization/SettingsFactory
instanceKlass org/gradle/initialization/ScriptEvaluatingSettingsProcessor
instanceKlass org/gradle/initialization/SettingsEvaluatedCallbackFiringSettingsProcessor
instanceKlass org/gradle/initialization/RootBuildCacheControllerSettingsProcessor
instanceKlass org/gradle/initialization/BuildOperationSettingsProcessor$1
instanceKlass org/gradle/initialization/EvaluateSettingsBuildOperationType$Result
instanceKlass org/gradle/initialization/BuildOperationSettingsProcessor
# instanceKlass java/lang/invoke/LambdaForm$MH+0x000002b54c419400
# instanceKlass java/lang/invoke/LambdaForm$MH+0x000002b54c419000
# instanceKlass java/lang/invoke/LambdaForm$MH+0x000002b54c418c00
# instanceKlass java/lang/invoke/LambdaForm$MH+0x000002b54c418800
# instanceKlass java/lang/invoke/LambdaForm$MH+0x000002b54c418400
# instanceKlass java/lang/invoke/LambdaForm$MH+0x000002b54c418000
# instanceKlass java/lang/invoke/LambdaForm$MH+0x000002b54c413c00
# instanceKlass java/lang/invoke/LambdaForm$MH+0x000002b54c413800
# instanceKlass java/lang/invoke/LambdaForm$MH+0x000002b54c413400
instanceKlass org/gradle/internal/resource/TextResource
instanceKlass org/gradle/internal/resource/DefaultTextFileResourceLoader
instanceKlass org/gradle/api/internal/properties/DefaultGradlePropertiesController$BuildPropertyScope
instanceKlass org/gradle/api/internal/properties/GradlePropertyScope$Build
instanceKlass  @bci org/gradle/api/internal/properties/DefaultGradlePropertiesController getOrCreateGradleProperties (Lorg/gradle/api/artifacts/component/BuildIdentifier;)Lorg/gradle/api/internal/properties/DefaultGradlePropertiesController$BuildScopedGradleProperties; 6 <appendix> member <vmtarget> ; # org/gradle/api/internal/properties/DefaultGradlePropertiesController$$Lambda+0x000002b54c40bbf0
instanceKlass org/gradle/api/internal/properties/DefaultGradlePropertiesController$ScopedGradleProperties
instanceKlass org/gradle/api/internal/artifacts/DefaultBuildIdentifier
instanceKlass org/gradle/api/internal/initialization/DefaultBuildLogicBuilder
instanceKlass org/gradle/groovy/scripts/internal/ScriptSourceListener
instanceKlass org/gradle/configuration/DefaultScriptPluginFactory
instanceKlass org/gradle/configuration/ScriptPluginFactorySelector$1
instanceKlass org/gradle/configuration/ScriptPluginFactorySelector$ProviderInstantiator
instanceKlass org/gradle/configuration/ScriptPlugin
instanceKlass org/gradle/api/Plugin
instanceKlass org/gradle/configuration/ScriptPluginFactorySelector
# instanceKlass java/lang/invoke/LambdaForm$MH+0x000002b54c413000
# instanceKlass java/lang/invoke/LambdaForm$MH+0x000002b54c412c00
# instanceKlass java/lang/invoke/LambdaForm$MH+0x000002b54c412800
# instanceKlass java/lang/invoke/LambdaForm$MH+0x000002b54c412400
# instanceKlass java/lang/invoke/LambdaForm$MH+0x000002b54c412000
# instanceKlass java/lang/invoke/LambdaForm$MH+0x000002b54c411c00
# instanceKlass java/lang/invoke/LambdaForm$MH+0x000002b54c411800
# instanceKlass java/lang/invoke/LambdaForm$MH+0x000002b54c411400
# instanceKlass java/lang/invoke/LambdaForm$MH+0x000002b54c411000
# instanceKlass java/lang/invoke/LambdaForm$MH+0x000002b54c410c00
# instanceKlass java/lang/invoke/LambdaForm$MH+0x000002b54c410800
instanceKlass org/gradle/groovy/scripts/Transformer
instanceKlass org/gradle/groovy/scripts/internal/StatementTransformer
instanceKlass org/gradle/configuration/project/DefaultCompileOperationFactory
# instanceKlass java/lang/invoke/LambdaForm$MH+0x000002b54c410400
# instanceKlass java/lang/invoke/LambdaForm$MH+0x000002b54c410000
# instanceKlass java/lang/invoke/LambdaForm$MH+0x000002b54c40fc00
# instanceKlass java/lang/invoke/LambdaForm$MH+0x000002b54c40f800
# instanceKlass java/lang/invoke/LambdaForm$MH+0x000002b54c40f400
# instanceKlass java/lang/invoke/LambdaForm$MH+0x000002b54c40f000
# instanceKlass java/lang/invoke/LambdaForm$MH+0x000002b54c40ec00
# instanceKlass java/lang/invoke/LambdaForm$DMH+0x000002b54c40e800
instanceKlass  @bci org/gradle/plugin/management/internal/DefaultPluginResolutionStrategy_Decorated $gradleInit ()V 1 <appendix> member <vmtarget> ; # org/gradle/plugin/management/internal/DefaultPluginResolutionStrategy_Decorated$$Lambda+0x000002b54c3c62f8
instanceKlass org/gradle/plugin/use/PluginId
instanceKlass  @bci org/gradle/cache/internal/DefaultCrossBuildInMemoryCacheFactory$DefaultClassMap getCacheScope (Ljava/lang/Class;)Ljava/util/Map; 17 <appendix> argL0 ; # org/gradle/cache/internal/DefaultCrossBuildInMemoryCacheFactory$DefaultClassMap$$Lambda+0x000002b54c4092e8
instanceKlass org/gradle/plugin/management/internal/DefaultPluginResolutionStrategy
instanceKlass  @bci org/gradle/plugin/internal/PluginUseServices$BuildScopeServices createPluginDependencyResolutionServices (Lorg/gradle/api/internal/artifacts/DependencyManagementServices;)Lorg/gradle/plugin/use/internal/PluginDependencyResolutionServices; 5 <appendix> member <vmtarget> ; # org/gradle/plugin/internal/PluginUseServices$BuildScopeServices$$Lambda+0x000002b54c3c5810
instanceKlass org/gradle/api/artifacts/dsl/RepositoryHandler
instanceKlass org/gradle/api/artifacts/ArtifactRepositoryContainer
instanceKlass org/gradle/api/NamedDomainObjectList
instanceKlass org/gradle/plugin/use/resolve/internal/PluginArtifactRepositories
# instanceKlass java/lang/invoke/LambdaForm$MH+0x000002b54c40e400
instanceKlass  @bci org/gradle/plugin/use/resolve/service/internal/ClientInjectedClasspathPluginResolver <clinit> ()V 0 <appendix> argL0 ; # org/gradle/plugin/use/resolve/service/internal/ClientInjectedClasspathPluginResolver$$Lambda+0x000002b54c3c53f0
instanceKlass  @cpi org/gradle/api/services/internal/BuildServiceProvider$Listener 36 form vmentry <vmtarget> ; # java/lang/invoke/LambdaForm$DMH+0x000002b54c40e000
# instanceKlass java/lang/invoke/LambdaForm$MH+0x000002b54c40dc00
# instanceKlass java/lang/invoke/LambdaForm$MH+0x000002b54c40d800
# instanceKlass java/lang/invoke/LambdaForm$MH+0x000002b54c40d400
# instanceKlass java/lang/invoke/LambdaForm$MH+0x000002b54c40d000
# instanceKlass java/lang/invoke/LambdaForm$MH+0x000002b54c40cc00
# instanceKlass java/lang/invoke/LambdaForm$MH+0x000002b54c40c800
# instanceKlass java/lang/invoke/LambdaForm$MH+0x000002b54c40c400
# instanceKlass java/lang/invoke/LambdaForm$MH+0x000002b54c40c000
instanceKlass org/gradle/api/internal/artifacts/DefaultDependencyManagementServices
instanceKlass  @bci org/gradle/internal/service/scopes/GradleUserHomeScopeServices createCorePluginRegistryProvider (Lorg/gradle/initialization/ClassLoaderScopeRegistry;Lorg/gradle/api/internal/plugins/PluginInspector;)Lorg/gradle/api/internal/plugins/CorePluginRegistryProvider; 16 <appendix> member <vmtarget> ; # org/gradle/internal/service/scopes/GradleUserHomeScopeServices$$Lambda+0x000002b54c408ac0
instanceKlass org/gradle/api/internal/plugins/PluginImplementation
instanceKlass org/gradle/api/internal/plugins/PotentialPlugin
instanceKlass org/gradle/model/internal/inspect/ModelRuleSourceDetector$1
instanceKlass com/google/common/collect/MapMakerInternalMap$AbstractStrongKeyEntry
instanceKlass com/google/common/collect/MapMakerInternalMap$WeakValueEntry
instanceKlass com/google/common/collect/MapMakerInternalMap$StrongKeyWeakValueEntry$Helper
instanceKlass org/gradle/api/internal/initialization/ClassLoaderScopeIdentifier
instanceKlass org/gradle/api/internal/initialization/AbstractClassLoaderScope
instanceKlass org/gradle/api/internal/initialization/loadercache/ClassLoaderId
instanceKlass org/gradle/initialization/ClassLoaderScopeOrigin
instanceKlass org/gradle/initialization/ClassLoaderScopeId
instanceKlass org/gradle/initialization/DefaultClassLoaderScopeRegistry
# instanceKlass java/lang/invoke/LambdaForm$MH+0x000002b54c403c00
# instanceKlass java/lang/invoke/LambdaForm$MH+0x000002b54c403800
instanceKlass org/gradle/api/internal/initialization/loadercache/DefaultClassLoaderCache$ClassLoaderSpec
instanceKlass org/gradle/api/internal/initialization/loadercache/DefaultClassLoaderCache
# instanceKlass java/lang/invoke/LambdaForm$MH+0x000002b54c403400
# instanceKlass java/lang/invoke/LambdaForm$MH+0x000002b54c403000
instanceKlass org/gradle/plugin/management/internal/autoapply/CompositeAutoAppliedPluginRegistry
instanceKlass org/gradle/plugin/management/internal/DefaultPluginHandler
instanceKlass org/gradle/groovy/scripts/internal/BuildScopeInMemoryCachingScriptClassCompiler
instanceKlass org/gradle/groovy/scripts/ScriptCompiler
instanceKlass org/gradle/groovy/scripts/DefaultScriptCompilerFactory
# instanceKlass java/lang/invoke/LambdaForm$MH+0x000002b54c402c00
# instanceKlass java/lang/invoke/LambdaForm$MH+0x000002b54c402800
instanceKlass org/gradle/groovy/scripts/ScriptRunner
instanceKlass org/gradle/groovy/scripts/internal/DefaultScriptRunnerFactory
instanceKlass org/gradle/internal/scripts/ScriptExecutionListener
instanceKlass org/gradle/groovy/scripts/internal/BuildOperationBackedScriptCompilationHandler$1
instanceKlass org/gradle/internal/scripts/CompileScriptBuildOperationType$Result
instanceKlass org/gradle/groovy/scripts/internal/BuildOperationBackedScriptCompilationHandler
instanceKlass org/gradle/internal/classpath/transforms/ClassTransform
# instanceKlass java/lang/invoke/LambdaForm$MH+0x000002b54c402400
# instanceKlass java/lang/invoke/LambdaForm$MH+0x000002b54c402000
# instanceKlass java/lang/invoke/LambdaForm$MH+0x000002b54c401c00
# instanceKlass java/lang/invoke/LambdaForm$MH+0x000002b54c401800
# instanceKlass java/lang/invoke/LambdaForm$MH+0x000002b54c401400
# instanceKlass java/lang/invoke/LambdaForm$MH+0x000002b54c401000
# instanceKlass java/lang/invoke/LambdaForm$MH+0x000002b54c400c00
# instanceKlass java/lang/invoke/LambdaForm$MH+0x000002b54c400800
# instanceKlass java/lang/invoke/LambdaForm$MH+0x000002b54c400400
# instanceKlass java/lang/invoke/LambdaForm$MH+0x000002b54c400000
# instanceKlass java/lang/invoke/LambdaForm$MH+0x000002b54c3fdc00
# instanceKlass java/lang/invoke/LambdaForm$MH+0x000002b54c3fd800
# instanceKlass java/lang/invoke/LambdaForm$BMH+0x000002b54c3fd400
# instanceKlass java/lang/invoke/LambdaForm$DMH+0x000002b54c3fd000
# instanceKlass java/lang/invoke/LambdaForm$DMH+0x000002b54c3fcc00
instanceKlass  @bci org/gradle/internal/classpath/types/GradleCoreInstrumentationTypeRegistry <init> (Lorg/gradle/internal/hash/StreamHasher;)V 50 <appendix> member <vmtarget> ; # org/gradle/internal/classpath/types/GradleCoreInstrumentationTypeRegistry$$Lambda+0x000002b54c3feaf8
instanceKlass  @bci org/gradle/internal/classpath/types/GradleCoreInstrumentationTypeRegistry <init> (Lorg/gradle/internal/hash/StreamHasher;)V 32 <appendix> member <vmtarget> ; # org/gradle/internal/classpath/types/GradleCoreInstrumentationTypeRegistry$$Lambda+0x000002b54c3fe8d0
instanceKlass  @bci org/gradle/internal/classpath/types/GradleCoreInstrumentationTypeRegistry <init> (Lorg/gradle/internal/hash/StreamHasher;)V 14 <appendix> member <vmtarget> ; # org/gradle/internal/classpath/types/GradleCoreInstrumentationTypeRegistry$$Lambda+0x000002b54c3fe6a8
instanceKlass org/gradle/cache/internal/DefaultCacheCoordinator$TransparentFileAccess
instanceKlass  @bci org/gradle/cache/internal/DefaultCacheCoordinator <init> (Ljava/lang/String;Ljava/io/File;Lorg/gradle/cache/LockOptions;Ljava/io/File;Lorg/gradle/cache/FileLockManager;Lorg/gradle/cache/internal/CacheInitializationAction;Lorg/gradle/cache/internal/CacheCleanupExecutor;Lorg/gradle/internal/concurrent/ExecutorFactory;)V 318 <appendix> member <vmtarget> ; # org/gradle/cache/internal/DefaultCacheCoordinator$$Lambda+0x000002b54c3fe228
instanceKlass  @bci org/gradle/internal/execution/workspace/impl/CacheBasedImmutableWorkspaceProvider <init> (Lorg/gradle/cache/CacheBuilder;Lorg/gradle/internal/file/FileAccessTimeJournal;ILorg/gradle/api/internal/cache/CacheConfigurationsInternal;Lorg/gradle/cache/CacheCleanupStrategyFactory;Lorg/gradle/cache/UnscopedCacheBuilderFactory;)V 37 <appendix> member <vmtarget> ; # org/gradle/internal/execution/workspace/impl/CacheBasedImmutableWorkspaceProvider$$Lambda+0x000002b54c3fe000
instanceKlass org/gradle/internal/execution/workspace/ImmutableWorkspaceProvider$AtomicMoveImmutableWorkspace
instanceKlass org/gradle/internal/execution/workspace/ImmutableWorkspaceProvider$LockingImmutableWorkspace
instanceKlass org/gradle/internal/execution/workspace/impl/CacheBasedImmutableWorkspaceProvider
# instanceKlass java/lang/invoke/LambdaForm$MH+0x000002b54c3fc800
# instanceKlass java/lang/invoke/LambdaForm$MH+0x000002b54c3fc400
# instanceKlass java/lang/invoke/LambdaForm$MH+0x000002b54c3fc000
instanceKlass org/gradle/internal/execution/impl/DefaultInputFingerprinter
instanceKlass  @bci org/gradle/internal/execution/impl/DefaultFileCollectionFingerprinterRegistry entriesFrom (Ljava/util/Collection;)Ljava/util/List; 6 <appendix> argL0 ; # org/gradle/internal/execution/impl/DefaultFileCollectionFingerprinterRegistry$$Lambda+0x000002b54c3fb3a8
instanceKlass org/gradle/internal/execution/impl/DefaultFileCollectionFingerprinterRegistry
instanceKlass org/gradle/api/internal/changedetection/state/CachingFileSystemLocationSnapshotHasher
instanceKlass org/gradle/api/internal/changedetection/state/LineEndingNormalizingInputStreamHasher
instanceKlass java/util/Collections$2
instanceKlass org/gradle/internal/execution/impl/DefaultFileNormalizationSpec
instanceKlass org/gradle/internal/execution/FileNormalizationSpec
instanceKlass  @bci org/gradle/internal/fingerprint/impl/FileCollectionFingerprinterRegistrations registrationsFor (Lorg/gradle/internal/fingerprint/LineEndingSensitivity;Lorg/gradle/internal/fingerprint/DirectorySensitivity;Ljava/util/stream/Stream;)Ljava/util/stream/Stream; 13 <appendix> member <vmtarget> ; # org/gradle/internal/fingerprint/impl/FileCollectionFingerprinterRegistrations$$Lambda+0x000002b54c3fa018
instanceKlass org/gradle/internal/execution/impl/FingerprinterRegistration
instanceKlass  @bci org/gradle/internal/fingerprint/impl/FileCollectionFingerprinterRegistrations registrationsFor (Lorg/gradle/internal/fingerprint/LineEndingSensitivity;Lorg/gradle/internal/fingerprint/DirectorySensitivity;Ljava/util/stream/Stream;)Ljava/util/stream/Stream; 1 <appendix> argL0 ; # org/gradle/internal/fingerprint/impl/FileCollectionFingerprinterRegistrations$$Lambda+0x000002b54c3f9bb8
instanceKlass org/gradle/internal/fingerprint/FileSystemLocationFingerprint
instanceKlass  @bci org/gradle/internal/fingerprint/impl/AbstractDirectorySensitiveFingerprintingStrategy <init> (Ljava/lang/String;Lorg/gradle/internal/fingerprint/DirectorySensitivity;Lorg/gradle/internal/fingerprint/hashing/ConfigurableNormalizer;)V 4 <appendix> member <vmtarget> ; # org/gradle/internal/fingerprint/impl/AbstractDirectorySensitiveFingerprintingStrategy$$Lambda+0x000002b54c3f8de8
instanceKlass  @bci org/gradle/internal/fingerprint/DirectorySensitivity <clinit> ()V 25 <appendix> argL0 ; # org/gradle/internal/fingerprint/DirectorySensitivity$$Lambda+0x000002b54c3f8250
instanceKlass  @bci org/gradle/internal/fingerprint/DirectorySensitivity <clinit> ()V 7 <appendix> argL0 ; # org/gradle/internal/fingerprint/DirectorySensitivity$$Lambda+0x000002b54c3f8000
instanceKlass  @bci org/gradle/internal/fingerprint/impl/FileCollectionFingerprinterRegistrations lambda$new$1 (Lorg/gradle/api/internal/changedetection/state/ResourceSnapshotterCacheService;Lorg/gradle/api/internal/changedetection/state/ResourceFilter;Lorg/gradle/api/internal/changedetection/state/ResourceEntryFilter;Ljava/util/Map;Lorg/gradle/api/internal/cache/StringInterner;Ljava/util/List;Lorg/gradle/internal/fingerprint/LineEndingSensitivity;)Ljava/util/stream/Stream; 33 <appendix> member <vmtarget> ; # org/gradle/internal/fingerprint/impl/FileCollectionFingerprinterRegistrations$$Lambda+0x000002b54c3f0c00
instanceKlass org/gradle/internal/fingerprint/impl/FileCollectionFingerprinterRegistrations$1
instanceKlass org/gradle/api/internal/changedetection/state/LineEndingNormalizingFileSystemLocationSnapshotHasher$1
instanceKlass org/gradle/api/internal/changedetection/state/LineEndingNormalizingFileSystemLocationSnapshotHasher
instanceKlass org/gradle/internal/fingerprint/hashing/FileSystemLocationSnapshotHasher$1
instanceKlass  @bci org/gradle/internal/fingerprint/impl/FileCollectionFingerprinterRegistrations <init> (Lorg/gradle/api/internal/cache/StringInterner;Lorg/gradle/api/internal/changedetection/state/ResourceSnapshotterCacheService;Lorg/gradle/api/internal/changedetection/state/ResourceFilter;Lorg/gradle/api/internal/changedetection/state/ResourceEntryFilter;Ljava/util/Map;)V 21 <appendix> member <vmtarget> ; # org/gradle/internal/fingerprint/impl/FileCollectionFingerprinterRegistrations$$Lambda+0x000002b54c3f3d78
instanceKlass  @bci org/gradle/internal/tools/api/ApiClassExtractor$Builder <init> (Lorg/gradle/internal/tools/api/ApiMemberWriterFactory;)V 5 <appendix> argL0 ; # org/gradle/internal/tools/api/ApiClassExtractor$Builder$$Lambda+0x000002b54c3f3228
instanceKlass  @bci org/gradle/internal/tools/api/ApiClassExtractor withWriter (Lorg/gradle/internal/tools/api/ApiMemberWriterAdapter;)Lorg/gradle/internal/tools/api/ApiClassExtractor$Builder; 5 <appendix> member <vmtarget> ; # org/gradle/internal/tools/api/ApiClassExtractor$$Lambda+0x000002b54c3f3000
instanceKlass org/gradle/internal/tools/api/ApiMemberWriterFactory
instanceKlass org/gradle/internal/tools/api/ApiClassExtractor$Builder
instanceKlass org/gradle/internal/tools/api/ApiClassExtractor
instanceKlass  @bci org/gradle/internal/tools/api/impl/JavaApiMemberWriter adapter ()Lorg/gradle/internal/tools/api/ApiMemberWriterAdapter; 0 <appendix> argL0 ; # org/gradle/internal/tools/api/impl/JavaApiMemberWriter$$Lambda+0x000002b54c3f2000
instanceKlass org/gradle/internal/tools/api/ApiMemberWriterAdapter
instanceKlass org/gradle/internal/tools/api/impl/JavaApiMemberWriter
instanceKlass org/gradle/internal/tools/api/ApiMemberWriter
instanceKlass org/gradle/api/internal/changedetection/state/AbiExtractingClasspathResourceHasher
instanceKlass org/gradle/internal/fingerprint/classpath/CompileClasspathFingerprinter
instanceKlass org/gradle/internal/fingerprint/hashing/FileSystemLocationSnapshotHasher
instanceKlass org/gradle/api/internal/changedetection/state/SplitResourceSnapshotterCacheService
# instanceKlass java/lang/invoke/LambdaForm$MH+0x000002b54c3f0800
# instanceKlass java/lang/invoke/LambdaForm$MH+0x000002b54c3f0400
instanceKlass org/gradle/internal/execution/steps/ChoosePipelineStep
instanceKlass org/gradle/internal/execution/steps/IdentityCacheStep
instanceKlass org/gradle/internal/execution/ExecutionEngine$Request
instanceKlass org/gradle/internal/execution/impl/DefaultExecutionEngine
instanceKlass org/gradle/internal/execution/steps/OverlappingOutputsFilter
instanceKlass org/gradle/internal/execution/steps/CachingContext
instanceKlass org/gradle/internal/execution/history/AfterExecutionState
instanceKlass org/gradle/internal/execution/steps/StoreExecutionStateStep
instanceKlass org/gradle/internal/execution/steps/SkipUpToDateStep
instanceKlass org/gradle/internal/execution/history/changes/IncrementalInputProperties
instanceKlass org/gradle/internal/execution/steps/AbstractSkipEmptyWorkStep
instanceKlass org/gradle/internal/execution/steps/LoadPreviousExecutionStateStep
instanceKlass org/gradle/internal/execution/UnitOfWork
instanceKlass org/gradle/internal/execution/steps/MutableStep
instanceKlass org/gradle/internal/execution/steps/AssignMutableWorkspaceStep
instanceKlass org/gradle/internal/execution/steps/BroadcastChangingOutputsStep
instanceKlass  @bci org/gradle/internal/execution/steps/AfterExecutionOutputFilter <clinit> ()V 0 <appendix> argL0 ; # org/gradle/internal/execution/steps/AfterExecutionOutputFilter$$Lambda+0x000002b54c3edb50
instanceKlass  @cpi org/gradle/internal/execution/steps/AfterExecutionOutputFilter 42 form vmentry <vmtarget> ; # java/lang/invoke/LambdaForm$DMH+0x000002b54c3f0000
instanceKlass org/gradle/internal/execution/steps/NoInputChangesStep
instanceKlass org/gradle/caching/internal/CacheableEntity
instanceKlass org/gradle/internal/execution/steps/BuildCacheStep
instanceKlass org/gradle/internal/execution/steps/NeverUpToDateStep
instanceKlass org/gradle/internal/execution/steps/legacy/MarkSnapshottingInputsFinishedStep
instanceKlass org/gradle/internal/Either
instanceKlass org/gradle/internal/execution/caching/CachingState$Disabled
instanceKlass org/gradle/internal/execution/caching/CachingState
instanceKlass org/gradle/internal/execution/caching/CachingDisabledReason
instanceKlass org/gradle/internal/execution/caching/CachingStateFactory
instanceKlass org/gradle/internal/execution/steps/AbstractResolveCachingStateStep
instanceKlass org/gradle/internal/execution/steps/ValidateStep
instanceKlass org/gradle/internal/execution/history/BeforeExecutionState
instanceKlass org/gradle/internal/execution/history/ExecutionInputState
instanceKlass org/gradle/internal/execution/ImplementationVisitor
instanceKlass org/gradle/internal/execution/steps/ExecutionRequestContext
instanceKlass org/gradle/internal/execution/InputVisitor
instanceKlass org/gradle/internal/execution/steps/BuildOperationStep
instanceKlass org/gradle/internal/execution/steps/legacy/MarkSnapshottingInputsStartedStep
instanceKlass org/gradle/internal/execution/history/ExecutionOutputState
instanceKlass org/gradle/internal/snapshot/FileSystemSnapshotHierarchyVisitor
instanceKlass org/gradle/internal/execution/ExecutionEngine$Result
instanceKlass org/gradle/internal/execution/steps/Result
instanceKlass org/gradle/internal/execution/workspace/ImmutableWorkspaceProvider$ImmutableWorkspace
instanceKlass org/gradle/internal/execution/steps/AssignImmutableWorkspaceStep
instanceKlass org/gradle/internal/execution/Execution
instanceKlass org/gradle/internal/execution/ExecutionContext
instanceKlass org/gradle/internal/execution/steps/ExecuteStep
instanceKlass org/gradle/internal/execution/steps/CancelExecutionStep
instanceKlass org/gradle/internal/execution/steps/TimeoutStep
instanceKlass org/gradle/internal/execution/steps/Context
instanceKlass org/gradle/internal/execution/steps/PreCreateOutputParentsStep
instanceKlass  @bci org/gradle/internal/service/scopes/ExecutionBuildServices createExecutionEngine (Lorg/gradle/caching/internal/controller/BuildCacheController;Lorg/gradle/initialization/BuildCancellationToken;Lorg/gradle/internal/scopeids/id/BuildInvocationScopeId;Lorg/gradle/internal/operations/BuildOperationRunner;Lorg/gradle/internal/operations/BuildOperationProgressEventEmitter;Lorg/gradle/internal/execution/BuildOutputCleanupRegistry;Lorg/gradle/internal/hash/ClassLoaderHierarchyHasher;Lorg/gradle/internal/operations/CurrentBuildOperationRef;Lorg/gradle/internal/file/Deleter;Lorg/gradle/internal/execution/ExecutionProblemHandler;Lorg/gradle/internal/execution/history/changes/ExecutionStateChangeDetector;Lorg/gradle/internal/vfs/FileSystemAccess;Lorg/gradle/internal/execution/history/ImmutableWorkspaceMetadataStore;Lorg/gradle/internal/execution/OutputChangeListener;Lorg/gradle/internal/execution/WorkInputListeners;Lorg/gradle/internal/execution/history/OutputFilesRepository;Lorg/gradle/internal/execution/OutputSna ; # org/gradle/internal/service/scopes/ExecutionBuildServices$$Lambda+0x000002b54c3dda00
# instanceKlass java/lang/invoke/LambdaForm$MH+0x000002b54c3e6c00
# instanceKlass java/lang/invoke/LambdaForm$MH+0x000002b54c3e6800
# instanceKlass java/lang/invoke/LambdaForm$MH+0x000002b54c3e6400
# instanceKlass java/lang/invoke/LambdaForm$MH+0x000002b54c3e6000
# instanceKlass java/lang/invoke/LambdaForm$MH+0x000002b54c3e5c00
# instanceKlass java/lang/invoke/LambdaForm$MH+0x000002b54c3e5800
# instanceKlass java/lang/invoke/LambdaForm$MH+0x000002b54c3e5400
# instanceKlass java/lang/invoke/LambdaForm$MH+0x000002b54c3e5000
# instanceKlass java/lang/invoke/LambdaForm$MH+0x000002b54c3e4c00
# instanceKlass java/lang/invoke/LambdaForm$MH+0x000002b54c3e4800
# instanceKlass java/lang/invoke/LambdaForm$MH+0x000002b54c3e4400
# instanceKlass java/lang/invoke/LambdaForm$MH+0x000002b54c3e4000
# instanceKlass java/lang/invoke/LambdaForm$MH+0x000002b54c3e3c00
# instanceKlass java/lang/invoke/LambdaForm$MH+0x000002b54c3e3800
# instanceKlass java/lang/invoke/LambdaForm$MH+0x000002b54c3e3400
# instanceKlass java/lang/invoke/LambdaForm$MH+0x000002b54c3e3000
# instanceKlass java/lang/invoke/LambdaForm$MH+0x000002b54c3e2c00
# instanceKlass java/lang/invoke/LambdaForm$MH+0x000002b54c3e2800
# instanceKlass java/lang/invoke/LambdaForm$MH+0x000002b54c3e2400
# instanceKlass java/lang/invoke/LambdaForm$MH+0x000002b54c3e2000
# instanceKlass java/lang/invoke/LambdaForm$MH+0x000002b54c3e1c00
# instanceKlass java/lang/invoke/LambdaForm$MH+0x000002b54c3e1800
# instanceKlass java/lang/invoke/LambdaForm$MH+0x000002b54c3e1400
# instanceKlass java/lang/invoke/LambdaForm$MH+0x000002b54c3e1000
# instanceKlass java/lang/invoke/LambdaForm$DMH+0x000002b54c3e0c00
# instanceKlass java/lang/invoke/LambdaForm$MH+0x000002b54c3e0800
# instanceKlass java/lang/invoke/LambdaForm$BMH+0x000002b54c3e0400
# instanceKlass java/lang/invoke/LambdaForm$DMH+0x000002b54c3e0000
instanceKlass org/gradle/internal/execution/timeout/Timeout
instanceKlass org/gradle/internal/execution/timeout/impl/DefaultTimeoutHandler
instanceKlass org/gradle/internal/execution/history/impl/DefaultOverlappingOutputDetector
instanceKlass org/gradle/internal/execution/OutputVisitor
instanceKlass org/gradle/internal/execution/impl/DefaultOutputSnapshotter
instanceKlass org/gradle/internal/snapshot/FileSystemLocationSnapshot$FileSystemLocationSnapshotVisitor
instanceKlass org/gradle/internal/execution/history/impl/DefaultOutputFilesRepository
instanceKlass org/gradle/cache/internal/DefaultPersistentDirectoryCache$Initializer
instanceKlass  @bci org/gradle/cache/internal/DefaultCacheFactory doOpen (Ljava/io/File;Ljava/lang/String;Ljava/util/Map;Lorg/gradle/cache/LockOptions;Ljava/util/function/Consumer;Lorg/gradle/cache/CacheCleanupStrategy;)Lorg/gradle/cache/PersistentCache; 44 <appendix> argL0 ; # org/gradle/cache/internal/DefaultCacheFactory$$Lambda+0x000002b54c3de700
instanceKlass org/gradle/internal/execution/history/impl/DefaultImmutableWorkspaceMetadataStore
instanceKlass  @bci org/gradle/internal/service/scopes/VirtualFileSystemServices$BuildSessionServices createFileSystemAccess (Lorg/gradle/internal/hash/FileHasher;Lorg/gradle/internal/event/ListenerManager;Lorg/gradle/internal/file/FileMetadataAccessor;Lorg/gradle/api/internal/cache/StringInterner;Lorg/gradle/internal/vfs/VirtualFileSystem;Lorg/gradle/internal/vfs/FileSystemAccess$WriteListener;Lorg/gradle/internal/snapshot/impl/DirectorySnapshotterStatistics$Collector;)Lorg/gradle/internal/vfs/FileSystemAccess; 38 <appendix> member <vmtarget> ; # org/gradle/internal/service/scopes/VirtualFileSystemServices$BuildSessionServices$$Lambda+0x000002b54c3d7a58
# instanceKlass java/lang/invoke/LambdaForm$MH+0x000002b54c3dd400
# instanceKlass java/lang/invoke/LambdaForm$MH+0x000002b54c3dd000
# instanceKlass java/lang/invoke/LambdaForm$MH+0x000002b54c3dcc00
# instanceKlass java/lang/invoke/LambdaForm$MH+0x000002b54c3dc800
# instanceKlass java/lang/invoke/LambdaForm$MH+0x000002b54c3dc400
# instanceKlass java/lang/invoke/LambdaForm$MH+0x000002b54c3dc000
# instanceKlass java/lang/invoke/LambdaForm$MH+0x000002b54c3dbc00
# instanceKlass java/lang/invoke/LambdaForm$MH+0x000002b54c3db800
# instanceKlass java/lang/invoke/LambdaForm$MH+0x000002b54c3db400
instanceKlass org/gradle/api/internal/changedetection/state/SplitFileHasher
# instanceKlass java/lang/invoke/LambdaForm$MH+0x000002b54c3db000
# instanceKlass java/lang/invoke/LambdaForm$MH+0x000002b54c3dac00
# instanceKlass java/lang/invoke/LambdaForm$MH+0x000002b54c3da800
# instanceKlass java/lang/invoke/LambdaForm$MH+0x000002b54c3da400
# instanceKlass java/lang/invoke/LambdaForm$MH+0x000002b54c3da000
# instanceKlass java/lang/invoke/LambdaForm$MH+0x000002b54c3d9c00
# instanceKlass java/lang/invoke/LambdaForm$MH+0x000002b54c3d9800
# instanceKlass java/lang/invoke/LambdaForm$MH+0x000002b54c3d9400
# instanceKlass java/lang/invoke/LambdaForm$MH+0x000002b54c3d9000
instanceKlass org/gradle/internal/execution/history/changes/ChangeVisitor
instanceKlass org/gradle/internal/execution/history/changes/InputFileChanges
instanceKlass org/gradle/internal/execution/history/changes/ChangeContainer
instanceKlass org/gradle/internal/execution/history/changes/DefaultExecutionStateChangeDetector
instanceKlass org/gradle/internal/execution/impl/DefaultExecutionProblemHandler
instanceKlass org/gradle/api/internal/file/AbstractFileResolver$2
instanceKlass org/apache/commons/io/FilenameUtils
instanceKlass org/gradle/internal/typeconversion/NotationConverterToNotationParserAdapter$ResultImpl
instanceKlass org/gradle/util/internal/DeferredUtil
# instanceKlass java/lang/invoke/LambdaForm$MH+0x000002b54c3d8c00
# instanceKlass java/lang/invoke/LambdaForm$MH+0x000002b54c3d8800
# instanceKlass java/lang/invoke/LambdaForm$MH+0x000002b54c3d8400
# instanceKlass java/lang/invoke/LambdaForm$MH+0x000002b54c3d8000
# instanceKlass java/lang/invoke/LambdaForm$MH+0x000002b54c3d3c00
# instanceKlass java/lang/invoke/LambdaForm$MH+0x000002b54c3d3800
instanceKlass org/gradle/caching/BuildCacheServiceFactory$Describer
instanceKlass org/gradle/caching/internal/services/AbstractBuildCacheControllerFactory
# instanceKlass java/lang/invoke/LambdaForm$MH+0x000002b54c3d3400
# instanceKlass java/lang/invoke/LambdaForm$MH+0x000002b54c3d3000
# instanceKlass java/lang/invoke/LambdaForm$MH+0x000002b54c3d2c00
# instanceKlass java/lang/invoke/LambdaForm$MH+0x000002b54c3d2800
# instanceKlass java/lang/invoke/LambdaForm$MH+0x000002b54c3d2400
# instanceKlass java/lang/invoke/LambdaForm$MH+0x000002b54c3d2000
# instanceKlass java/lang/invoke/LambdaForm$MH+0x000002b54c3d1c00
# instanceKlass java/lang/invoke/LambdaForm$MH+0x000002b54c3d1800
instanceKlass  @bci org/gradle/caching/internal/BuildCacheServices$2 createOriginMetadataFactory (Lorg/gradle/internal/scopeids/id/BuildInvocationScopeId;)Lorg/gradle/caching/internal/origin/OriginMetadataFactory; 11 <appendix> argL0 ; # org/gradle/caching/internal/BuildCacheServices$2$$Lambda+0x000002b54c3d4a10
instanceKlass org/gradle/caching/internal/origin/OriginMetadataFactory$PropertiesConfigurator
instanceKlass org/gradle/caching/internal/BuildCacheServices$FilePermissionsAccessAdapter
instanceKlass  @bci java/util/regex/Pattern negate (Ljava/util/regex/Pattern$CharPredicate;)Ljava/util/regex/Pattern$CharPredicate; 1 <appendix> member <vmtarget> ; # java/util/regex/Pattern$$Lambda+0x800000030
instanceKlass org/gradle/caching/internal/packaging/impl/TarBuildCacheEntryPacker
instanceKlass org/gradle/caching/internal/packaging/impl/GZipBuildCacheEntryPacker
# instanceKlass java/lang/invoke/LambdaForm$MH+0x000002b54c3d1400
# instanceKlass java/lang/invoke/LambdaForm$MH+0x000002b54c3d1000
# instanceKlass java/lang/invoke/LambdaForm$MH+0x000002b54c3d0c00
# instanceKlass java/lang/invoke/LambdaForm$MH+0x000002b54c3d0800
# instanceKlass java/lang/invoke/LambdaForm$MH+0x000002b54c3d0400
# instanceKlass java/lang/invoke/LambdaForm$MH+0x000002b54c3d0000
instanceKlass org/gradle/internal/file/ThreadLocalBufferProvider
instanceKlass org/gradle/caching/internal/packaging/impl/DefaultTarPackerFileSystemSupport
instanceKlass org/gradle/caching/internal/controller/NoOpBuildCacheController
instanceKlass org/gradle/caching/internal/controller/impl/LifecycleAwareBuildCacheControllerFactory$DelegatingBuildCacheController
instanceKlass  @bci org/gradle/groovy/scripts/internal/DefaultScriptCompilationHandler_Decorated $gradleInit ()V 1 <appendix> member <vmtarget> ; # org/gradle/groovy/scripts/internal/DefaultScriptCompilationHandler_Decorated$$Lambda+0x000002b54c3ce1d8
instanceKlass org/gradle/groovy/scripts/internal/DefaultScriptCompilationHandler$NoOpGroovyResourceLoader
instanceKlass org/codehaus/groovy/control/CompilerConfiguration
instanceKlass org/gradle/groovy/scripts/internal/CompileOperation
instanceKlass org/gradle/groovy/scripts/ScriptSource
instanceKlass groovy/lang/GroovyResourceLoader
instanceKlass org/gradle/groovy/scripts/internal/CompiledScript
instanceKlass com/google/common/base/NullnessCasts
instanceKlass com/google/common/base/AbstractIterator
instanceKlass  @bci com/google/common/base/Splitter on (Lcom/google/common/base/CharMatcher;)Lcom/google/common/base/Splitter; 10 <appendix> member <vmtarget> ; # com/google/common/base/Splitter$$Lambda+0x000002b54c3ca820
instanceKlass com/google/common/base/Splitter$Strategy
instanceKlass com/google/common/base/CharMatcher
instanceKlass com/google/common/base/CommonPattern
instanceKlass com/google/common/base/Splitter
instanceKlass org/gradle/configuration/DefaultImportsReader$2
instanceKlass com/google/common/io/Java8Compatibility
instanceKlass com/google/common/io/LineBuffer
instanceKlass com/google/common/io/LineReader
instanceKlass com/google/common/io/CharStreams
instanceKlass org/gradle/configuration/DefaultImportsReader$1
instanceKlass com/google/common/io/Resources
instanceKlass org/gradle/configuration/DefaultImportsReader
instanceKlass org/gradle/plugin/use/resolve/internal/PluginResolution
instanceKlass org/gradle/composite/internal/plugins/CompositeBuildPluginResolverContributor$PluginResult
instanceKlass org/gradle/composite/internal/plugins/CompositeBuildPluginResolverContributor$CompositeBuildPluginResolver
# instanceKlass java/lang/invoke/LambdaForm$MH+0x000002b54c3c3000
# instanceKlass java/lang/invoke/LambdaForm$MH+0x000002b54c3c2c00
# instanceKlass java/lang/invoke/LambdaForm$MH+0x000002b54c3c2800
# instanceKlass java/lang/invoke/LambdaForm$MH+0x000002b54c3c2400
# instanceKlass java/lang/invoke/LambdaForm$MH+0x000002b54c3c2000
# instanceKlass java/lang/invoke/LambdaForm$MH+0x000002b54c3c1c00
# instanceKlass java/lang/invoke/LambdaForm$MH+0x000002b54c3c1800
# instanceKlass java/lang/invoke/LambdaForm$MH+0x000002b54c3c1400
# instanceKlass java/lang/invoke/LambdaForm$MH+0x000002b54c3c1000
# instanceKlass java/lang/invoke/LambdaForm$MH+0x000002b54c3c0c00
instanceKlass org/gradle/composite/internal/CompositeBuildServices$CompositeBuildTreeScopeServices$NoOpBuildIncludeListener
instanceKlass org/gradle/plugin/management/internal/autoapply/InjectedAutoAppliedPluginRegistry
instanceKlass org/gradle/configuration/DefaultProjectsPreparer
instanceKlass org/gradle/configuration/BuildTreePreparingProjectsPreparer
instanceKlass org/gradle/configuration/BuildOperationFiringProjectsPreparer$1
instanceKlass org/gradle/initialization/ConfigureBuildBuildOperationType$Result
instanceKlass org/gradle/configuration/BuildOperationFiringProjectsPreparer
# instanceKlass java/lang/invoke/LambdaForm$MH+0x000002b54c3c0800
# instanceKlass java/lang/invoke/LambdaForm$MH+0x000002b54c3c0400
# instanceKlass java/lang/invoke/LambdaForm$MH+0x000002b54c3c0000
# instanceKlass java/lang/invoke/LambdaForm$MH+0x000002b54c3bbc00
# instanceKlass java/lang/invoke/LambdaForm$MH+0x000002b54c3bb800
# instanceKlass java/lang/invoke/LambdaForm$MH+0x000002b54c3bb400
# instanceKlass java/lang/invoke/LambdaForm$MH+0x000002b54c3bb000
# instanceKlass java/lang/invoke/LambdaForm$MH+0x000002b54c3bac00
instanceKlass org/gradle/initialization/InstantiatingBuildLoader
instanceKlass org/gradle/initialization/ProjectPropertySettingBuildLoader
instanceKlass org/gradle/initialization/NotifyingBuildLoader$1
instanceKlass org/gradle/initialization/NotifyProjectsLoadedBuildOperationType$Result
instanceKlass org/gradle/initialization/NotifyingBuildLoader
instanceKlass org/gradle/api/internal/properties/GradlePropertyScope
instanceKlass org/gradle/api/internal/properties/GradlePropertiesListener
instanceKlass org/gradle/initialization/properties/DefaultGradlePropertiesLoader
instanceKlass org/gradle/api/internal/properties/DefaultGradlePropertiesController
instanceKlass org/gradle/initialization/properties/DefaultSystemPropertiesInstaller
instanceKlass org/gradle/api/internal/artifacts/ivyservice/dependencysubstitution/DependencySubstitutionsInternal
instanceKlass org/gradle/api/artifacts/DependencySubstitutions
instanceKlass org/gradle/composite/internal/IncludedBuildDependencySubstitutionsBuilder
instanceKlass org/gradle/api/internal/artifacts/dsl/CapabilityNotationParserFactory$1
instanceKlass org/gradle/api/internal/artifacts/dsl/CapabilityNotationParserFactory
# instanceKlass java/lang/invoke/LambdaForm$MH+0x000002b54c3ba800
# instanceKlass java/lang/invoke/LambdaForm$MH+0x000002b54c3ba400
# instanceKlass java/lang/invoke/LambdaForm$MH+0x000002b54c3ba000
# instanceKlass java/lang/invoke/LambdaForm$MH+0x000002b54c3b9c00
# instanceKlass java/lang/invoke/LambdaForm$MH+0x000002b54c3b9800
# instanceKlass java/lang/invoke/LambdaForm$MH+0x000002b54c3b9400
instanceKlass org/gradle/api/internal/artifacts/DependencyManagementBuildSessionScopeServices$1
instanceKlass org/gradle/internal/typeconversion/NotationParserBuilder$LazyDisplayName
instanceKlass org/gradle/internal/typeconversion/JustReturningParser
instanceKlass org/gradle/internal/model/InMemoryCacheFactory$DefaultLoadingCache
instanceKlass  @bci org/gradle/internal/typeconversion/CachingNotationConverter <init> (Lorg/gradle/internal/typeconversion/NotationConverter;Lorg/gradle/internal/model/InMemoryCacheFactory;)V 27 <appendix> member <vmtarget> ; # org/gradle/internal/typeconversion/CachingNotationConverter$$Lambda+0x000002b54c3b6988
instanceKlass org/gradle/internal/typeconversion/TypedNotationConverter
instanceKlass org/gradle/internal/typeconversion/CachingNotationConverter
instanceKlass  @bci org/gradle/internal/model/CalculatedValueContainerFactory <init> (Lorg/gradle/internal/resources/ProjectLeaseRegistry;Lorg/gradle/internal/service/ServiceRegistry;)V 16 <appendix> member <vmtarget> ; # org/gradle/internal/model/CalculatedValueContainerFactory$$Lambda+0x000002b54c3b62c8
instanceKlass org/gradle/api/internal/tasks/NodeExecutionContext
instanceKlass org/gradle/composite/internal/DefaultBuildableCompositeBuildContext
instanceKlass kotlin/reflect/jvm/internal/KProperty0Impl$$Lambda$1
instanceKlass kotlin/reflect/jvm/internal/KProperty0Impl$$Lambda$0
instanceKlass org/gradle/api/artifacts/ConfigurationContainer
instanceKlass org/gradle/kotlin/dsl/tooling/builders/BuildSrcClassPathModeConfigurationAction
instanceKlass org/gradle/initialization/buildsrc/GradlePluginApiVersionAttributeConfigurationAction
instanceKlass org/gradle/initialization/buildsrc/GroovyBuildSrcProjectConfigurationAction
instanceKlass org/gradle/configuration/project/PluginsProjectConfigureActions
instanceKlass org/gradle/api/internal/InternalAction
instanceKlass org/gradle/configuration/project/ProjectConfigureAction
instanceKlass org/gradle/initialization/buildsrc/BuildSrcProjectConfigurationAction
instanceKlass org/gradle/initialization/buildsrc/BuildSrcBuildListenerFactory
instanceKlass org/gradle/initialization/buildsrc/BuildSourceBuilder$1
instanceKlass org/gradle/initialization/buildsrc/BuildBuildSrcBuildOperationType$Result
# instanceKlass java/lang/invoke/LambdaForm$MH+0x000002b54c3b9000
# instanceKlass java/lang/invoke/LambdaForm$MH+0x000002b54c3b8c00
# instanceKlass java/lang/invoke/LambdaForm$MH+0x000002b54c3b8800
# instanceKlass java/lang/invoke/LambdaForm$MH+0x000002b54c3b8400
# instanceKlass java/lang/invoke/LambdaForm$MH+0x000002b54c3b8000
# instanceKlass java/lang/invoke/LambdaForm$MH+0x000002b54c3b3c00
# instanceKlass java/lang/invoke/LambdaForm$MH+0x000002b54c3b3800
instanceKlass org/gradle/internal/work/DefaultSynchronizer
# instanceKlass java/lang/invoke/LambdaForm$MH+0x000002b54c3b3400
# instanceKlass java/lang/invoke/LambdaForm$MH+0x000002b54c3b3000
# instanceKlass java/lang/invoke/LambdaForm$MH+0x000002b54c3b2c00
# instanceKlass java/lang/invoke/LambdaForm$MH+0x000002b54c3b2800
# instanceKlass java/lang/invoke/LambdaForm$MH+0x000002b54c3b2400
instanceKlass org/gradle/cache/internal/BuildScopeCacheDir
# instanceKlass java/lang/invoke/LambdaForm$MH+0x000002b54c3b2000
# instanceKlass java/lang/invoke/LambdaForm$MH+0x000002b54c3b1c00
# instanceKlass java/lang/invoke/LambdaForm$MH+0x000002b54c3b1800
# instanceKlass java/lang/invoke/LambdaForm$MH+0x000002b54c3b1400
# instanceKlass java/lang/invoke/LambdaForm$MH+0x000002b54c3b1000
# instanceKlass java/lang/invoke/LambdaForm$MH+0x000002b54c3b0c00
# instanceKlass java/lang/invoke/LambdaForm$MH+0x000002b54c3b0800
# instanceKlass java/lang/invoke/LambdaForm$MH+0x000002b54c3b0400
# instanceKlass java/lang/invoke/LambdaForm$MH+0x000002b54c3b0000
# instanceKlass java/lang/invoke/LambdaForm$MH+0x000002b54c3abc00
instanceKlass org/gradle/internal/buildtree/DefaultBuildTreeWorkGraphPreparer
instanceKlass org/gradle/execution/selection/DefaultBuildTaskSelector
# instanceKlass java/lang/invoke/LambdaForm$MH+0x000002b54c3ab800
# instanceKlass java/lang/invoke/LambdaForm$MH+0x000002b54c3ab400
# instanceKlass java/lang/invoke/LambdaForm$MH+0x000002b54c3ab000
# instanceKlass java/lang/invoke/LambdaForm$MH+0x000002b54c3aac00
# instanceKlass java/lang/invoke/LambdaForm$MH+0x000002b54c3aa800
instanceKlass  @bci org/gradle/execution/DefaultTaskSelector_Decorated $gradleInit ()V 1 <appendix> member <vmtarget> ; # org/gradle/execution/DefaultTaskSelector_Decorated$$Lambda+0x000002b54c3af5f0
instanceKlass org/gradle/util/internal/NameMatcher
instanceKlass org/gradle/execution/TaskSelection
instanceKlass org/gradle/execution/TaskSelector$SelectionContext
instanceKlass org/gradle/api/tasks/TaskContainer
instanceKlass org/gradle/api/PolymorphicDomainObjectContainer
instanceKlass org/gradle/api/NamedDomainObjectContainer
instanceKlass org/gradle/api/tasks/TaskCollection
instanceKlass org/gradle/execution/TaskSelectionResult
instanceKlass org/gradle/execution/TaskNameResolver
instanceKlass org/gradle/execution/DefaultTaskSelector
instanceKlass org/gradle/execution/plan/DefaultPlanExecutor$MergedQueues
instanceKlass org/gradle/execution/plan/DefaultPlanExecutor$WorkerStats
instanceKlass org/gradle/execution/plan/DefaultPlanExecutor$WorkerState
instanceKlass org/gradle/execution/plan/DefaultPlanExecutor$ExecutorState
# instanceKlass java/lang/invoke/LambdaForm$MH+0x000002b54c3aa400
# instanceKlass java/lang/invoke/LambdaForm$MH+0x000002b54c3aa000
# instanceKlass java/lang/invoke/LambdaForm$MH+0x000002b54c3a9c00
# instanceKlass java/lang/invoke/LambdaForm$MH+0x000002b54c3a9800
# instanceKlass java/lang/invoke/LambdaForm$MH+0x000002b54c3a9400
# instanceKlass java/lang/invoke/LambdaForm$MH+0x000002b54c3a9000
# instanceKlass java/lang/invoke/LambdaForm$MH+0x000002b54c3a8c00
instanceKlass org/gradle/internal/id/LongIdGenerator
instanceKlass  @bci org/gradle/api/internal/initialization/DefaultScriptClassPathResolver <init> (Lorg/gradle/api/internal/model/NamedObjectInstantiator;Lorg/gradle/internal/instrumentation/agent/AgentStatus;Lorg/gradle/api/invocation/Gradle;Lorg/gradle/internal/instrumentation/reporting/PropertyUpgradeReportConfig;)V 26 <appendix> member <vmtarget> ; # org/gradle/api/internal/initialization/DefaultScriptClassPathResolver$$Lambda+0x000002b54c3acb18
instanceKlass org/gradle/api/internal/initialization/transform/registration/InstrumentationTransformRegisterer
# instanceKlass java/lang/invoke/LambdaForm$MH+0x000002b54c3a8800
instanceKlass org/gradle/api/attributes/Attribute
instanceKlass org/gradle/internal/instrumentation/reporting/ErrorReportingMethodInterceptionReportCollector
instanceKlass org/gradle/util/internal/GUtil$1
instanceKlass org/gradle/internal/build/DefaultPublicBuildPath
# instanceKlass java/lang/invoke/LambdaForm$MH+0x000002b54c3a8400
instanceKlass org/gradle/internal/operations/BuildOperationQueue
instanceKlass org/gradle/internal/operations/DefaultBuildOperationQueueFactory
instanceKlass org/gradle/internal/operations/DefaultBuildOperationExecutor
# instanceKlass java/lang/invoke/LambdaForm$MH+0x000002b54c3a8000
# instanceKlass java/lang/invoke/LambdaForm$MH+0x000002b54c3a5c00
# instanceKlass java/lang/invoke/LambdaForm$MH+0x000002b54c3a5800
# instanceKlass java/lang/invoke/LambdaForm$MH+0x000002b54c3a5400
# instanceKlass java/lang/invoke/LambdaForm$MH+0x000002b54c3a5000
# instanceKlass java/lang/invoke/LambdaForm$MH+0x000002b54c3a4c00
# instanceKlass java/lang/invoke/LambdaForm$MH+0x000002b54c3a4800
instanceKlass  @bci org/gradle/invocation/DefaultGradle_Decorated $gradleInit ()V 1 <appendix> member <vmtarget> ; # org/gradle/invocation/DefaultGradle_Decorated$$Lambda+0x000002b54c3a7018
instanceKlass org/gradle/api/internal/lambdas/SerializableLambdas
instanceKlass  @bci org/gradle/api/internal/DefaultMutationGuard <init> ()V 5 <appendix> argL0 ; # org/gradle/api/internal/DefaultMutationGuard$$Lambda+0x000002b54c3a6940
instanceKlass org/gradle/api/internal/lambdas/SerializableLambdas$SerializableSupplier
instanceKlass org/gradle/api/internal/DefaultMutationGuard
instanceKlass org/gradle/api/internal/project/BuildOperationCrossProjectConfigurator
instanceKlass org/gradle/internal/ImmutableActionSet
instanceKlass  @bci org/gradle/internal/instantiation/generator/AsmBackedClassGenerator$ClassBuilderImpl applyServiceInjectionToGetter (Lorg/gradle/internal/instantiation/generator/AbstractClassGenerator$PropertyMetadata;Ljava/lang/Class;Lorg/gradle/internal/instantiation/generator/AbstractClassGenerator$MethodMetadata;)V 64 <appendix> member <vmtarget> ; # org/gradle/internal/instantiation/generator/AsmBackedClassGenerator$ClassBuilderImpl$$Lambda+0x000002b54c3a2178
instanceKlass  @bci org/gradle/internal/fingerprint/impl/FileCollectionFingerprinterRegistrations <init> (Lorg/gradle/api/internal/cache/StringInterner;Lorg/gradle/api/internal/changedetection/state/ResourceSnapshotterCacheService;Lorg/gradle/api/internal/changedetection/state/ResourceFilter;Lorg/gradle/api/internal/changedetection/state/ResourceEntryFilter;Ljava/util/Map;)V 21 <appendix> form vmentry <vmtarget> ; # java/lang/invoke/LambdaForm$DMH+0x000002b54c3a4400
instanceKlass  @bci org/gradle/internal/instantiation/generator/AsmBackedClassGenerator$ClassBuilderImpl addConventionSetter (Ljava/lang/reflect/Method;Lorg/gradle/internal/instantiation/generator/AbstractClassGenerator$PropertyMetadata;)V 49 <appendix> member <vmtarget> ; # org/gradle/internal/instantiation/generator/AsmBackedClassGenerator$ClassBuilderImpl$$Lambda+0x000002b54c3a1a80
instanceKlass  @cpi org/gradle/internal/instantiation/generator/AsmBackedClassGenerator$ClassBuilderImpl 1739 form vmentry <vmtarget> ; # java/lang/invoke/LambdaForm$DMH+0x000002b54c3a4000
instanceKlass  @bci org/gradle/internal/instantiation/generator/AbstractClassGenerator isManagedProperty (Lorg/gradle/internal/instantiation/generator/AbstractClassGenerator$PropertyMetadata;)Z 26 <appendix> member <vmtarget> ; # org/gradle/internal/instantiation/generator/AbstractClassGenerator$$Lambda+0x000002b54c3a1828
instanceKlass org/gradle/api/model/ManagedType
instanceKlass org/gradle/api/plugins/PluginContainer
instanceKlass org/gradle/api/plugins/PluginCollection
instanceKlass org/gradle/initialization/SettingsState
instanceKlass org/gradle/invocation/DefaultGradle$DefaultGradleLifecycle
instanceKlass org/gradle/api/internal/plugins/DefaultObjectConfigurationAction
instanceKlass org/gradle/api/plugins/ObjectConfigurationAction
instanceKlass org/gradle/api/internal/initialization/ClassLoaderScope
instanceKlass org/gradle/util/Path
instanceKlass org/gradle/api/ProjectEvaluationListener
instanceKlass org/gradle/api/internal/SettingsInternal
instanceKlass org/gradle/api/initialization/Settings
instanceKlass org/gradle/internal/MutableActionSet
instanceKlass org/gradle/api/invocation/GradleLifecycle
instanceKlass org/gradle/api/internal/project/AbstractPluginAware
instanceKlass  @bci org/gradle/internal/build/AbstractBuildState <init> (Lorg/gradle/internal/buildtree/BuildTreeState;Lorg/gradle/api/internal/BuildDefinition;Lorg/gradle/internal/build/BuildState;)V 89 <appendix> member <vmtarget> ; # org/gradle/internal/build/AbstractBuildState$$Lambda+0x000002b54c39d000
instanceKlass  @bci org/gradle/internal/build/AbstractBuildState <init> (Lorg/gradle/internal/buildtree/BuildTreeState;Lorg/gradle/api/internal/BuildDefinition;Lorg/gradle/internal/build/BuildState;)V 71 <appendix> member <vmtarget> ; # org/gradle/internal/build/AbstractBuildState$$Lambda+0x000002b54c39bd60
instanceKlass  @bci org/gradle/internal/build/AbstractBuildState <init> (Lorg/gradle/internal/buildtree/BuildTreeState;Lorg/gradle/api/internal/BuildDefinition;Lorg/gradle/internal/build/BuildState;)V 53 <appendix> member <vmtarget> ; # org/gradle/internal/build/AbstractBuildState$$Lambda+0x000002b54c39bb38
instanceKlass org/gradle/vcs/internal/services/VersionControlServices$VcsResolverFactory
instanceKlass org/gradle/api/internal/artifacts/ivyservice/ivyresolve/ResolverProviderFactory
instanceKlass org/gradle/vcs/internal/resolver/VcsVersionWorkingDirResolver
instanceKlass org/gradle/vcs/internal/services/VersionControlServices$VersionControlBuildServices
instanceKlass org/gradle/profile/BuildProfileServices$2
instanceKlass org/gradle/plugins/ide/internal/configurer/UniqueProjectNameProvider
instanceKlass org/gradle/plugins/ide/internal/tooling/ToolingModelServices$BuildScopeToolingServices
instanceKlass org/gradle/plugin/software/internal/LegacyProjectTypeDiscovery
instanceKlass org/gradle/api/internal/plugins/ProjectTypeBindingBuilderInternal
instanceKlass org/gradle/api/internal/plugins/ProjectTypeBindingBuilder
instanceKlass org/gradle/api/internal/plugins/ProjectFeatureBindingBuilderInternal
instanceKlass org/gradle/api/internal/plugins/ProjectFeatureBindingBuilder
instanceKlass org/gradle/plugin/software/internal/CompatibleProjectFeatureDeclarations
instanceKlass org/gradle/plugin/software/internal/SoftwareTypeRegistry
# instanceKlass java/lang/invoke/LambdaForm$MH+0x000002b54c39c400
# instanceKlass java/lang/invoke/LambdaForm$MH+0x000002b54c39c000
# instanceKlass java/lang/invoke/LambdaForm$MH+0x000002b54c391c00
# instanceKlass java/lang/invoke/LambdaForm$MH+0x000002b54c391800
# instanceKlass java/lang/invoke/LambdaForm$MH+0x000002b54c391400
instanceKlass  @bci com/google/common/collect/CollectCollectors toImmutableMap (Ljava/util/function/Function;Ljava/util/function/Function;)Ljava/util/stream/Collector; 27 <appendix> argL0 ; # com/google/common/collect/CollectCollectors$$Lambda+0x000002b54c39aef8
instanceKlass  @bci com/google/common/collect/CollectCollectors toImmutableMap (Ljava/util/function/Function;Ljava/util/function/Function;)Ljava/util/stream/Collector; 22 <appendix> argL0 ; # com/google/common/collect/CollectCollectors$$Lambda+0x000002b54c39acb0
instanceKlass  @bci com/google/common/collect/CollectCollectors toImmutableMap (Ljava/util/function/Function;Ljava/util/function/Function;)Ljava/util/stream/Collector; 17 <appendix> member <vmtarget> ; # com/google/common/collect/CollectCollectors$$Lambda+0x000002b54c39aa78
instanceKlass  @bci com/google/common/collect/CollectCollectors toImmutableMap (Ljava/util/function/Function;Ljava/util/function/Function;)Ljava/util/stream/Collector; 10 <appendix> argL0 ; # com/google/common/collect/CollectCollectors$$Lambda+0x000002b54c39a858
instanceKlass  @bci com/google/common/collect/CollectCollectors <clinit> ()V 75 <appendix> argL0 ; # com/google/common/collect/CollectCollectors$$Lambda+0x000002b54c39a618
instanceKlass  @bci com/google/common/collect/CollectCollectors <clinit> ()V 70 <appendix> argL0 ; # com/google/common/collect/CollectCollectors$$Lambda+0x000002b54c39a3d0
instanceKlass  @bci com/google/common/collect/CollectCollectors <clinit> ()V 65 <appendix> argL0 ; # com/google/common/collect/CollectCollectors$$Lambda+0x000002b54c39a1a0
instanceKlass com/google/common/collect/RangeGwtSerializationDependencies
instanceKlass  @bci com/google/common/collect/CollectCollectors <clinit> ()V 60 <appendix> argL0 ; # com/google/common/collect/CollectCollectors$$Lambda+0x000002b54c399af8
instanceKlass com/google/common/collect/ImmutableRangeSet$Builder
instanceKlass com/google/common/collect/SortedIterable
instanceKlass com/google/common/collect/AbstractRangeSet
instanceKlass com/google/common/collect/RangeSet
instanceKlass  @bci com/google/common/collect/CollectCollectors <clinit> ()V 45 <appendix> argL0 ; # com/google/common/collect/CollectCollectors$$Lambda+0x000002b54c392248
instanceKlass  @bci com/google/common/collect/CollectCollectors <clinit> ()V 40 <appendix> argL0 ; # com/google/common/collect/CollectCollectors$$Lambda+0x000002b54c392000
instanceKlass  @bci com/google/common/collect/CollectCollectors <clinit> ()V 35 <appendix> argL0 ; # com/google/common/collect/CollectCollectors$$Lambda+0x000002b54c397c68
instanceKlass  @bci com/google/common/collect/CollectCollectors <clinit> ()V 30 <appendix> argL0 ; # com/google/common/collect/CollectCollectors$$Lambda+0x000002b54c397a48
instanceKlass  @bci com/google/common/collect/CollectCollectors <clinit> ()V 15 <appendix> argL0 ; # com/google/common/collect/CollectCollectors$$Lambda+0x000002b54c397808
instanceKlass  @bci com/google/common/collect/CollectCollectors <clinit> ()V 10 <appendix> argL0 ; # com/google/common/collect/CollectCollectors$$Lambda+0x000002b54c3975c0
instanceKlass  @bci com/google/common/collect/CollectCollectors <clinit> ()V 5 <appendix> argL0 ; # com/google/common/collect/CollectCollectors$$Lambda+0x000002b54c397390
instanceKlass  @bci com/google/common/collect/CollectCollectors <clinit> ()V 0 <appendix> argL0 ; # com/google/common/collect/CollectCollectors$$Lambda+0x000002b54c397170
instanceKlass com/google/common/collect/CollectCollectors
instanceKlass  @bci org/gradle/internal/properties/bean/DefaultPropertyWalker <init> (Lorg/gradle/internal/properties/annotations/TypeMetadataStore;Lorg/gradle/internal/properties/bean/ImplementationResolver;Ljava/util/Collection;)V 26 <appendix> argL0 ; # org/gradle/internal/properties/bean/DefaultPropertyWalker$$Lambda+0x000002b54c396d28
instanceKlass  @bci org/gradle/internal/properties/annotations/AbstractTypeMetadataWalker$InstanceTypeMetadataWalker <init> (Lorg/gradle/internal/properties/annotations/TypeMetadataStore;Ljava/lang/Class;)V 3 <appendix> argL0 ; # org/gradle/internal/properties/annotations/AbstractTypeMetadataWalker$InstanceTypeMetadataWalker$$Lambda+0x000002b54c396b08
instanceKlass org/gradle/internal/properties/annotations/AbstractTypeMetadataWalker
instanceKlass org/gradle/internal/properties/annotations/TypeMetadataWalker$StaticMetadataWalker
instanceKlass org/gradle/internal/properties/annotations/TypeMetadataWalker$InstanceMetadataWalker
instanceKlass org/gradle/internal/properties/annotations/TypeMetadataWalker
instanceKlass org/gradle/api/internal/tasks/properties/ScriptSourceAwareImplementationResolver
instanceKlass org/gradle/internal/properties/annotations/TypeMetadataWalker$TypeMetadataVisitor
instanceKlass org/gradle/internal/properties/bean/DefaultPropertyWalker
instanceKlass  @bci java/util/function/Predicate isEqual (Ljava/lang/Object;)Ljava/util/function/Predicate; 14 <appendix> member <vmtarget> ; # java/util/function/Predicate$$Lambda+0x000002b54c2c3eb8
instanceKlass  @bci org/gradle/internal/properties/annotations/DefaultTypeMetadataStore calculateDisplayName (Ljava/util/Collection;)Ljava/lang/String; 6 <appendix> argL0 ; # org/gradle/internal/properties/annotations/DefaultTypeMetadataStore$$Lambda+0x000002b54c395758
instanceKlass  @bci org/gradle/internal/properties/annotations/DefaultTypeMetadataStore <init> (Ljava/util/Collection;Ljava/util/Collection;Ljava/util/Collection;Ljava/util/Collection;Ljava/util/Collection;Lorg/gradle/internal/reflect/annotations/TypeAnnotationMetadataStore;Lorg/gradle/internal/properties/annotations/PropertyTypeResolver;Lorg/gradle/cache/internal/ClassCacheFactory;Lorg/gradle/internal/properties/annotations/MissingPropertyAnnotationHandler;)V 36 <appendix> argL0 ; # org/gradle/internal/properties/annotations/DefaultTypeMetadataStore$$Lambda+0x000002b54c3954f8
instanceKlass  @bci org/gradle/internal/properties/annotations/DefaultTypeMetadataStore <init> (Ljava/util/Collection;Ljava/util/Collection;Ljava/util/Collection;Ljava/util/Collection;Ljava/util/Collection;Lorg/gradle/internal/reflect/annotations/TypeAnnotationMetadataStore;Lorg/gradle/internal/properties/annotations/PropertyTypeResolver;Lorg/gradle/cache/internal/ClassCacheFactory;Lorg/gradle/internal/properties/annotations/MissingPropertyAnnotationHandler;)V 14 <appendix> argL0 ; # org/gradle/internal/properties/annotations/DefaultTypeMetadataStore$$Lambda+0x000002b54c395298
instanceKlass org/gradle/internal/properties/annotations/FunctionMetadata
instanceKlass org/gradle/internal/properties/annotations/PropertyMetadata
instanceKlass org/gradle/internal/properties/annotations/TypeMetadata
instanceKlass org/gradle/internal/properties/annotations/DefaultTypeMetadataStore
instanceKlass org/gradle/api/internal/tasks/properties/DefaultPropertyTypeResolver
instanceKlass org/gradle/internal/properties/annotations/TypeMetadataStore
instanceKlass org/gradle/internal/properties/bean/ImplementationResolver
instanceKlass org/gradle/internal/properties/annotations/PropertyTypeResolver
instanceKlass org/gradle/api/internal/tasks/properties/InspectionSchemeFactory$InspectionSchemeImpl
instanceKlass  @bci org/gradle/internal/properties/annotations/MissingPropertyAnnotationHandler <clinit> ()V 8 <appendix> argL0 ; # org/gradle/internal/properties/annotations/MissingPropertyAnnotationHandler$$Lambda+0x000002b54c38fc38
instanceKlass  @bci org/gradle/internal/properties/annotations/MissingPropertyAnnotationHandler <clinit> ()V 0 <appendix> argL0 ; # org/gradle/internal/properties/annotations/MissingPropertyAnnotationHandler$$Lambda+0x000002b54c38fa18
instanceKlass org/gradle/internal/reflect/annotations/PropertyAnnotationMetadata
instanceKlass org/gradle/internal/properties/annotations/MissingPropertyAnnotationHandler
instanceKlass org/gradle/api/internal/tasks/properties/InspectionScheme
# instanceKlass java/lang/invoke/LambdaForm$MH+0x000002b54c391000
# instanceKlass java/lang/invoke/LambdaForm$MH+0x000002b54c390c00
# instanceKlass java/lang/invoke/LambdaForm$MH+0x000002b54c390800
# instanceKlass java/lang/invoke/LambdaForm$MH+0x000002b54c390400
# instanceKlass java/lang/invoke/LambdaForm$MH+0x000002b54c390000
instanceKlass org/apache/commons/lang3/ObjectUtils$Null
instanceKlass org/apache/commons/lang3/ObjectUtils
instanceKlass  @bci org/apache/commons/lang3/builder/HashCodeBuilder <clinit> ()V 0 <appendix> argL0 ; # org/apache/commons/lang3/builder/HashCodeBuilder$$Lambda+0x000002b54c38eb88
instanceKlass org/apache/commons/lang3/builder/HashCodeBuilder
instanceKlass org/apache/commons/lang3/builder/Builder
instanceKlass com/google/common/base/Equivalence$Wrapper
instanceKlass org/gradle/internal/reflect/Methods
instanceKlass org/gradle/internal/lazy/FixedLazy
instanceKlass  @bci org/gradle/internal/reflect/annotations/impl/DefaultTypeAnnotationMetadataStore collectIgnoredPackagePrefixes (Ljava/util/Collection;)Lcom/google/common/collect/ImmutableSet; 6 <appendix> argL0 ; # org/gradle/internal/reflect/annotations/impl/DefaultTypeAnnotationMetadataStore$$Lambda+0x000002b54c38d048
instanceKlass  @bci org/gradle/internal/service/scopes/ExecutionGlobalServices createAnnotationMetadataStore (Lorg/gradle/cache/internal/CrossBuildInMemoryCacheFactory;Lorg/gradle/internal/service/scopes/ExecutionGlobalServices$AnnotationHandlerRegistar;)Lorg/gradle/internal/reflect/annotations/TypeAnnotationMetadataStore; 126 <appendix> argL0 ; # org/gradle/internal/service/scopes/ExecutionGlobalServices$$Lambda+0x000002b54c38cdf8
instanceKlass org/gradle/internal/scripts/ScriptOrigin
instanceKlass org/gradle/api/internal/DomainObjectCollectionInternal
instanceKlass org/gradle/internal/metaobject/PropertyMixIn
instanceKlass org/gradle/internal/metaobject/MethodMixIn
instanceKlass org/gradle/api/NamedDomainObjectSet
instanceKlass org/gradle/api/DomainObjectSet
instanceKlass org/gradle/api/NamedDomainObjectCollection
instanceKlass org/gradle/api/DomainObjectCollection
instanceKlass org/gradle/util/internal/ConfigureUtil$WrappedConfigureAction
instanceKlass  @bci java/util/stream/Collectors uniqKeysMapMerger ()Ljava/util/function/BinaryOperator; 0 <appendix> argL0 ; # java/util/stream/Collectors$$Lambda+0x000002b54c2c3c70
instanceKlass  @bci java/util/stream/Collectors uniqKeysMapAccumulator (Ljava/util/function/Function;Ljava/util/function/Function;)Ljava/util/function/BiConsumer; 2 <appendix> member <vmtarget> ; # java/util/stream/Collectors$$Lambda+0x000002b54c1552d8
instanceKlass  @bci java/util/stream/Collectors toMap (Ljava/util/function/Function;Ljava/util/function/Function;)Ljava/util/stream/Collector; 4 <appendix> argL0 ; # java/util/stream/Collectors$$Lambda+0x000002b54c1733c8
instanceKlass  @bci org/gradle/internal/service/scopes/ExecutionGlobalServices createAnnotationMetadataStore (Lorg/gradle/cache/internal/CrossBuildInMemoryCacheFactory;Lorg/gradle/internal/service/scopes/ExecutionGlobalServices$AnnotationHandlerRegistar;)Lorg/gradle/internal/reflect/annotations/TypeAnnotationMetadataStore; 70 <appendix> argL0 ; # org/gradle/internal/service/scopes/ExecutionGlobalServices$$Lambda+0x000002b54c389b80
instanceKlass  @bci org/gradle/internal/service/scopes/ExecutionGlobalServices createAnnotationMetadataStore (Lorg/gradle/cache/internal/CrossBuildInMemoryCacheFactory;Lorg/gradle/internal/service/scopes/ExecutionGlobalServices$AnnotationHandlerRegistar;)Lorg/gradle/internal/reflect/annotations/TypeAnnotationMetadataStore; 65 <appendix> argL0 ; # org/gradle/internal/service/scopes/ExecutionGlobalServices$$Lambda+0x000002b54c389940
instanceKlass org/gradle/internal/reflect/annotations/AnnotationCategory$1
instanceKlass org/gradle/api/internal/plugins/BindsProjectFeature
instanceKlass org/gradle/api/internal/plugins/BindsProjectType
instanceKlass org/gradle/api/internal/plugins/software/RegistersProjectFeatures
instanceKlass org/gradle/api/internal/plugins/software/RegistersSoftwareTypes
instanceKlass org/gradle/internal/reflect/annotations/impl/DefaultTypeAnnotationMetadataStore$1
instanceKlass org/gradle/internal/reflect/annotations/HasAnnotationMetadata
instanceKlass org/gradle/internal/reflect/validation/TypeValidationContext
instanceKlass org/gradle/internal/reflect/annotations/TypeAnnotationMetadata
instanceKlass org/gradle/internal/reflect/annotations/impl/DefaultTypeAnnotationMetadataStore
instanceKlass  @bci org/gradle/internal/service/scopes/ExecutionGlobalServices lambda$createAnnotationRegistry$1 (Ljava/util/List;Lcom/google/common/collect/ImmutableSet$Builder;)V 2 <appendix> member <vmtarget> ; # org/gradle/internal/service/scopes/ExecutionGlobalServices$$Lambda+0x000002b54c388228
instanceKlass  @bci org/gradle/internal/service/scopes/ExecutionGlobalServices createAnnotationRegistry (Ljava/util/List;)Lorg/gradle/internal/service/scopes/ExecutionGlobalServices$AnnotationHandlerRegistar; 1 <appendix> member <vmtarget> ; # org/gradle/internal/service/scopes/ExecutionGlobalServices$$Lambda+0x000002b54c388000
instanceKlass org/gradle/work/DisableCachingByDefault
instanceKlass org/gradle/api/tasks/CacheableTask
instanceKlass org/gradle/api/tasks/UntrackedTask
instanceKlass org/gradle/api/artifacts/transform/CacheableTransform
instanceKlass org/gradle/internal/properties/annotations/AbstractTypeAnnotationHandler
instanceKlass org/gradle/plugin/use/tracker/internal/PluginVersionTracker
instanceKlass org/gradle/plugin/use/resolve/internal/PluginResolutionVisitor
instanceKlass org/gradle/api/internal/plugins/PluginDescriptorLocator
instanceKlass org/gradle/plugin/use/internal/DefaultPluginRequestApplicator
instanceKlass org/gradle/plugin/use/resolve/internal/PluginResolver
instanceKlass org/gradle/plugin/use/internal/PluginResolverFactory
instanceKlass org/gradle/api/internal/artifacts/DependencyResolutionServices
instanceKlass org/gradle/plugin/use/internal/PluginDependencyResolutionServices
instanceKlass org/gradle/plugin/use/resolve/internal/PluginArtifactRepositoriesProvider
instanceKlass org/gradle/plugin/use/internal/PluginRepositoryHandlerProvider
instanceKlass org/gradle/plugin/management/internal/PluginResolutionStrategyInternal
instanceKlass org/gradle/plugin/management/PluginResolutionStrategy
instanceKlass org/gradle/plugin/use/resolve/service/internal/ClientInjectedClasspathPluginResolver
instanceKlass org/gradle/plugin/internal/PluginUseServices$BuildScopeServices
instanceKlass org/gradle/platform/base/internal/registry/ComponentModelBaseServices$BuildScopeServices
instanceKlass org/gradle/nativeplatform/toolchain/internal/metadata/CompilerMetaDataProvider
instanceKlass org/gradle/nativeplatform/toolchain/internal/metadata/CompilerMetaDataProviderFactory
instanceKlass org/gradle/api/internal/resolve/ProjectModelResolver
instanceKlass org/gradle/nativeplatform/internal/resolve/NativeDependencyResolver
instanceKlass org/gradle/nativeplatform/internal/resolve/LibraryBinaryLocator
instanceKlass org/gradle/nativeplatform/internal/resolve/NativeDependencyResolverServices
instanceKlass org/gradle/cache/internal/FileContentCacheFactory$Calculator
instanceKlass org/gradle/language/nativeplatform/internal/incremental/sourceparser/CachingCSourceParser
instanceKlass org/gradle/language/nativeplatform/internal/incremental/sourceparser/CSourceParser
instanceKlass org/gradle/language/nativeplatform/internal/incremental/DefaultCompilationStateCacheFactory
instanceKlass org/gradle/language/nativeplatform/internal/incremental/CompilationStateCacheFactory
instanceKlass org/gradle/language/cpp/internal/NativeDependencyCache
instanceKlass org/gradle/language/base/artifact/SourcesArtifact
instanceKlass org/gradle/language/jvm/internal/JvmLanguageServices$ComponentRegistrationAction
instanceKlass org/gradle/language/java/artifact/JavadocArtifact
instanceKlass org/gradle/jvm/JvmLibrary
instanceKlass org/gradle/platform/base/Library
instanceKlass org/gradle/language/java/internal/JavaLanguageServices$JavaBuildScopeServices
instanceKlass org/gradle/tooling/provider/model/ToolingModelBuilder
instanceKlass org/gradle/language/cpp/internal/tooling/ToolingNativeServices$ToolingModelRegistration
instanceKlass org/gradle/kotlin/dsl/tooling/builders/internal/KotlinScriptingModelBuildersServices$BuildScopeToolingServices
# instanceKlass java/lang/invoke/LambdaForm$DMH+0x000002b54c384000
instanceKlass org/gradle/kotlin/dsl/provider/KotlinScriptEvaluator
instanceKlass org/gradle/kotlin/dsl/provider/ClassPathModeExceptionCollector
instanceKlass org/gradle/kotlin/dsl/provider/KotlinScriptClassPathProvider
instanceKlass org/gradle/api/internal/classpath/GradleApiClasspathProvider
instanceKlass org/gradle/kotlin/dsl/provider/PluginRequestsHandler
instanceKlass org/gradle/kotlin/dsl/provider/BuildServices
instanceKlass org/gradle/kotlin/dsl/concurrent/BuildServices
instanceKlass org/gradle/kotlin/dsl/accessors/Stage1BlocksAccessorClassPathGenerator
instanceKlass org/gradle/kotlin/dsl/accessors/ProjectAccessorsClassPathGenerator
instanceKlass org/gradle/kotlin/dsl/concurrent/AsyncIOScopeFactory
instanceKlass org/gradle/kotlin/dsl/accessors/BuildScopeServices
instanceKlass org/gradle/jvm/toolchain/internal/JavaToolchainSpecInternal$Key
instanceKlass org/gradle/jvm/toolchain/internal/JavaToolchainQueryService
instanceKlass org/gradle/jvm/toolchain/JavaToolchainRequest
instanceKlass org/gradle/jvm/toolchain/internal/install/DefaultJavaToolchainProvisioningService
instanceKlass org/gradle/jvm/toolchain/internal/install/JavaToolchainProvisioningService
instanceKlass org/gradle/jvm/toolchain/internal/install/SecureFileDownloader
instanceKlass org/gradle/jvm/toolchain/internal/DefaultToolchainExternalResourceFactory
instanceKlass org/gradle/internal/resource/ExternalResourceFactory
instanceKlass org/gradle/internal/jvm/inspection/DefaultJavaInstallationRegistry
instanceKlass org/gradle/internal/jvm/inspection/JavaInstallationRegistry
instanceKlass org/gradle/jvm/toolchain/internal/WindowsInstallationSupplier
instanceKlass org/gradle/jvm/toolchain/internal/OsXInstallationSupplier
instanceKlass org/gradle/jvm/toolchain/internal/LinuxInstallationSupplier
instanceKlass org/xml/sax/ErrorHandler
instanceKlass org/gradle/jvm/toolchain/internal/MavenToolchainsInstallationSupplier
instanceKlass org/gradle/jvm/toolchain/internal/SdkmanInstallationSupplier
instanceKlass org/gradle/jvm/toolchain/internal/JabbaInstallationSupplier
instanceKlass org/gradle/jvm/toolchain/internal/IntellijInstallationSupplier
instanceKlass org/gradle/jvm/toolchain/internal/AsdfInstallationSupplier
instanceKlass org/gradle/jvm/toolchain/internal/InstallationSupplier
instanceKlass org/gradle/jvm/toolchain/internal/DefaultOsXJavaHomeCommand
instanceKlass org/gradle/jvm/toolchain/internal/OsXJavaHomeCommand
instanceKlass org/gradle/jvm/internal/services/ProviderBackedToolchainConfiguration
instanceKlass org/gradle/jvm/toolchain/internal/ToolchainConfiguration
instanceKlass org/gradle/jvm/toolchain/JvmToolchainManagement
instanceKlass org/gradle/jvm/toolchain/internal/JavaToolchainResolverRegistryInternal
instanceKlass org/gradle/jvm/toolchain/JavaToolchainResolverRegistry
instanceKlass org/gradle/jvm/toolchain/internal/JdkCacheDirectory
instanceKlass org/gradle/jvm/internal/services/ToolchainsJvmServices$BuildServices
instanceKlass org/gradle/internal/jvm/inspection/InvalidJvmInstallationCacheInvalidator
instanceKlass  @bci org/gradle/jvm/internal/services/PlatformJvmServices$1 configure (Lorg/gradle/internal/service/ServiceRegistration;Lorg/gradle/internal/jvm/inspection/JvmMetadataDetector;)V 8 <appendix> member <vmtarget> ; # org/gradle/jvm/internal/services/PlatformJvmServices$1$$Lambda+0x000002b54c373800
# instanceKlass java/lang/invoke/LambdaForm$MH+0x000002b54c373000
# instanceKlass java/lang/invoke/LambdaForm$MH+0x000002b54c372c00
# instanceKlass java/lang/invoke/LambdaForm$MH+0x000002b54c372800
instanceKlass  @bci org/gradle/internal/jvm/inspection/JvmInstallationMetadata$DefaultJvmInstallationMetadata <init> (Ljava/io/File;Ljava/lang/String;Ljava/lang/String;Ljava/lang/String;Ljava/lang/String;Ljava/lang/String;Ljava/lang/String;Ljava/lang/String;Ljava/lang/String;)V 6 <appendix> member <vmtarget> ; # org/gradle/internal/jvm/inspection/JvmInstallationMetadata$DefaultJvmInstallationMetadata$$Lambda+0x000002b54c377d20
instanceKlass org/gradle/internal/jvm/inspection/JvmInstallationMetadata$DefaultJvmInstallationMetadata
instanceKlass  @bci org/gradle/internal/jvm/inspection/CachingJvmMetadataDetector getMetadata (Lorg/gradle/jvm/toolchain/internal/InstallationLocation;)Lorg/gradle/internal/jvm/inspection/JvmInstallationMetadata; 16 <appendix> member <vmtarget> ; # org/gradle/internal/jvm/inspection/CachingJvmMetadataDetector$$Lambda+0x000002b54c3775c0
instanceKlass org/gradle/jvm/toolchain/internal/InstallationLocation
instanceKlass org/gradle/internal/jvm/inspection/InvalidInstallationWarningReporter
instanceKlass org/gradle/internal/jvm/inspection/JvmInstallationMetadata
instanceKlass org/gradle/internal/jvm/inspection/DefaultJvmMetadataDetector
instanceKlass org/gradle/internal/jvm/inspection/ReportingJvmMetadataDetector
instanceKlass org/gradle/internal/jvm/inspection/CachingJvmMetadataDetector
instanceKlass org/gradle/internal/jvm/inspection/ConditionalInvalidation
instanceKlass org/gradle/process/internal/ClientExecHandleBuilder
instanceKlass org/gradle/process/internal/BaseExecHandleBuilder
instanceKlass org/gradle/process/internal/DefaultClientExecHandleBuilderFactory
instanceKlass org/gradle/jvm/internal/services/PlatformJvmServices$1
# instanceKlass java/lang/invoke/LambdaForm$DMH+0x000002b54c372400
instanceKlass org/gradle/internal/execution/history/OutputsCleaner
instanceKlass org/gradle/internal/execution/OutputChangeListener
instanceKlass org/gradle/internal/execution/history/ExecutionHistoryStore
instanceKlass org/gradle/internal/execution/history/OutputFilesRepository
instanceKlass org/gradle/internal/execution/ExecutionProblemHandler
instanceKlass org/gradle/internal/execution/steps/DeferredExecutionAwareStep
instanceKlass org/gradle/internal/execution/steps/AfterExecutionOutputFilter
instanceKlass org/gradle/internal/execution/steps/Step
instanceKlass org/gradle/internal/execution/history/ExecutionHistoryCacheAccess
instanceKlass org/gradle/internal/service/scopes/ExecutionBuildServices
instanceKlass org/gradle/authentication/http/HttpHeaderAuthentication
instanceKlass org/gradle/authentication/http/DigestAuthentication
instanceKlass org/gradle/authentication/http/BasicAuthentication
instanceKlass org/gradle/internal/resource/transport/http/HttpResourcesServices$AuthenticationSchemeAction
instanceKlass org/gradle/internal/authentication/AbstractAuthentication
instanceKlass org/gradle/internal/authentication/AuthenticationInternal
instanceKlass org/gradle/authentication/aws/AwsImAuthentication
instanceKlass org/gradle/authentication/Authentication
# instanceKlass java/lang/invoke/LambdaForm$MH+0x000002b54c372000
# instanceKlass java/lang/invoke/LambdaForm$MH+0x000002b54c371c00
# instanceKlass java/lang/invoke/LambdaForm$MH+0x000002b54c371800
# instanceKlass java/lang/invoke/LambdaForm$MH+0x000002b54c371400
instanceKlass org/gradle/internal/authentication/DefaultAuthenticationSchemeRegistry
instanceKlass org/gradle/internal/resource/transport/aws/s3/S3ResourcesServices$AuthenticationSchemeAction
instanceKlass org/gradle/internal/isolate/actions/services/DefaultIsolatedProjectEvaluationListenerProvider
instanceKlass org/gradle/invocation/IsolatedProjectEvaluationListenerProvider
instanceKlass org/gradle/api/flow/FlowScope
instanceKlass org/gradle/internal/flow/services/FlowServices$FlowServicesProvider
instanceKlass org/gradle/internal/flow/services/FlowParametersInstantiator
instanceKlass org/gradle/internal/flow/services/FlowScheduler
instanceKlass org/gradle/internal/flow/services/DefaultFlowProviders
instanceKlass org/gradle/api/flow/FlowProviders
instanceKlass org/gradle/internal/scan/config/BuildScanConfig
instanceKlass org/gradle/internal/enterprise/impl/legacy/LegacyGradleEnterprisePluginCheckInService
instanceKlass org/gradle/internal/scan/eob/BuildScanEndOfBuildNotifier
instanceKlass org/gradle/internal/scan/config/BuildScanConfigProvider
instanceKlass org/gradle/internal/enterprise/impl/legacy/DefaultBuildScanScopeIds
instanceKlass org/gradle/internal/scan/scopeids/BuildScanScopeIds
instanceKlass org/gradle/internal/enterprise/impl/DefaultGradleEnterprisePluginRequiredServices
instanceKlass org/gradle/internal/enterprise/impl/DefaultDevelocityBuildLifecycleService
instanceKlass org/gradle/internal/enterprise/DevelocityBuildLifecycleService
instanceKlass org/gradle/internal/enterprise/core/GradleEnterprisePluginAdapter
instanceKlass org/gradle/internal/enterprise/GradleEnterprisePluginCheckInResult
instanceKlass org/gradle/internal/enterprise/impl/DefaultGradleEnterprisePluginCheckInService
instanceKlass org/gradle/internal/enterprise/GradleEnterprisePluginCheckInService
instanceKlass org/gradle/internal/enterprise/GradleEnterprisePluginRequiredServices
instanceKlass org/gradle/internal/enterprise/impl/DefaultGradleEnterprisePluginAdapterFactory
instanceKlass org/gradle/internal/enterprise/impl/GradleEnterprisePluginAutoApplicationListener
instanceKlass org/gradle/plugin/use/internal/PluginRequestApplicator$PluginApplicationListener
# instanceKlass java/lang/invoke/LambdaForm$MH+0x000002b54c371000
# instanceKlass java/lang/invoke/LambdaForm$MH+0x000002b54c370c00
# instanceKlass java/lang/invoke/LambdaForm$MH+0x000002b54c370800
# instanceKlass java/lang/invoke/LambdaForm$MH+0x000002b54c370400
# instanceKlass java/lang/invoke/LambdaForm$MH+0x000002b54c370000
instanceKlass org/gradle/api/HasImplicitReceiver
instanceKlass org/gradle/plugin/software/internal/ModelDefaultsHandler
instanceKlass org/gradle/internal/declarativedsl/interpreter/DeclarativeKotlinScriptEvaluator
instanceKlass org/gradle/internal/declarativedsl/evaluationSchema/InterpretationSchemaBuilder
instanceKlass org/gradle/internal/declarativedsl/provider/BuildServices
instanceKlass org/gradle/internal/cc/impl/fingerprint/ClassLoaderScopesFingerprintController
instanceKlass org/gradle/internal/cc/impl/ConfigurationCacheClassLoaderScopeRegistryListener
instanceKlass org/gradle/internal/cc/impl/serialize/ScopeLookup
instanceKlass org/gradle/internal/cc/base/problems/AbstractProblemsListener
instanceKlass org/gradle/internal/cc/impl/DefaultConfigurationCacheIO
instanceKlass org/gradle/internal/cc/impl/ConfigurationCacheIncludedBuildIO
instanceKlass org/gradle/internal/cc/impl/ConfigurationCacheBuildTreeIO
instanceKlass org/gradle/internal/cc/impl/ConfigurationCacheOperationIO
instanceKlass org/gradle/internal/cc/impl/serialize/DefaultConfigurationCacheCodecs
instanceKlass org/gradle/internal/cc/impl/serialize/ConfigurationCacheCodecs
instanceKlass org/gradle/internal/cc/impl/DefaultConfigurationCacheHost
instanceKlass org/gradle/internal/cc/impl/ConfigurationCacheHost
instanceKlass org/gradle/internal/cc/base/serialize/HostServiceProvider
instanceKlass org/gradle/api/internal/tasks/TaskExecutionAccessChecker
instanceKlass org/gradle/internal/cc/impl/WorkGraphLoadingState
instanceKlass org/gradle/internal/cc/impl/ConfigurationCacheServices$TaskExecutionAccessCheckerProvider
instanceKlass org/gradle/internal/cc/impl/RelevantProjectsRegistry
instanceKlass org/gradle/api/internal/artifacts/configurations/ProjectComponentObservationListener
instanceKlass org/gradle/ide/xcode/internal/xcodeproj/GidGenerator
instanceKlass org/gradle/ide/xcode/internal/services/XcodeServices$1
instanceKlass org/gradle/declarative/dsl/tooling/builders/internal/BuildScopeToolingServices
instanceKlass org/gradle/composite/internal/plugins/CompositeBuildPluginResolverContributor
instanceKlass org/gradle/plugin/use/resolve/internal/PluginResolverContributor
instanceKlass org/gradle/caching/configuration/internal/BuildCacheConfigurationInternal
instanceKlass org/gradle/caching/configuration/BuildCacheConfiguration
instanceKlass org/gradle/caching/internal/controller/impl/LifecycleAwareBuildCacheController
instanceKlass org/gradle/caching/internal/controller/BuildCacheController
instanceKlass org/gradle/caching/internal/services/BuildCacheControllerFactory
instanceKlass org/gradle/caching/internal/packaging/impl/TarPackerFileSystemSupport
instanceKlass org/gradle/caching/internal/packaging/BuildCacheEntryPacker
instanceKlass org/gradle/caching/internal/packaging/impl/FilePermissionAccess
instanceKlass org/gradle/caching/internal/BuildCacheServices$3
instanceKlass  @bci org/gradle/caching/http/internal/HttpBuildCacheServiceServices registerBuildServices (Lorg/gradle/internal/service/ServiceRegistration;)V 22 <appendix> argL0 ; # org/gradle/caching/http/internal/HttpBuildCacheServiceServices$$Lambda+0x000002b54c3654c8
instanceKlass org/apache/http/HttpRequest
instanceKlass org/apache/http/HttpMessage
instanceKlass org/gradle/caching/http/internal/HttpBuildCacheRequestCustomizer
instanceKlass org/gradle/caching/http/internal/DefaultHttpBuildCacheServiceFactory
instanceKlass org/gradle/caching/BuildCacheServiceFactory
instanceKlass org/gradle/caching/configuration/AbstractBuildCache
instanceKlass org/gradle/caching/configuration/BuildCache
instanceKlass org/gradle/caching/configuration/internal/DefaultBuildCacheServiceRegistration
instanceKlass org/gradle/caching/configuration/internal/BuildCacheServiceRegistration
instanceKlass org/gradle/maven/MavenPomArtifact
instanceKlass org/gradle/maven/MavenModule
instanceKlass org/gradle/api/publish/maven/internal/publisher/MavenPublishers
instanceKlass org/gradle/api/publish/maven/internal/dependencies/VersionRangeMapper
instanceKlass org/gradle/api/publish/maven/internal/MavenPublishServices$ComponentRegistrationAction
instanceKlass org/gradle/ivy/IvyDescriptorArtifact
instanceKlass org/gradle/api/component/Artifact
instanceKlass org/gradle/api/internal/component/DefaultComponentTypeRegistry$DefaultComponentTypeRegistration
instanceKlass org/gradle/ivy/IvyModule
instanceKlass org/gradle/api/component/Component
instanceKlass org/gradle/api/internal/component/ComponentTypeRegistration
instanceKlass org/gradle/api/internal/component/DefaultComponentTypeRegistry
instanceKlass org/gradle/api/publish/ivy/internal/publisher/IvyPublisher
instanceKlass org/gradle/api/publish/ivy/internal/IvyServices$BuildServices
instanceKlass org/gradle/api/publish/internal/mapping/VariantDependencyResolver
instanceKlass org/gradle/api/publish/internal/mapping/ComponentDependencyResolver
instanceKlass org/gradle/api/publish/internal/mapping/DefaultDependencyCoordinateResolverFactory
instanceKlass org/gradle/api/publish/internal/mapping/DependencyCoordinateResolverFactory
instanceKlass org/gradle/api/publish/internal/validation/DuplicatePublicationTracker
instanceKlass org/gradle/api/internal/artifacts/ivyservice/projectmodule/DefaultProjectDependencyPublicationResolver$VariantCoordinateResolver
instanceKlass org/gradle/api/component/SoftwareComponent
instanceKlass org/gradle/api/internal/artifacts/ivyservice/projectmodule/DefaultProjectDependencyPublicationResolver
instanceKlass org/gradle/api/internal/artifacts/ivyservice/projectmodule/ProjectDependencyPublicationResolver
instanceKlass org/gradle/api/internal/tasks/testing/TestReportGenerator
instanceKlass org/gradle/api/internal/tasks/testing/DefaultTestEventReporter
instanceKlass org/gradle/api/internal/tasks/testing/TestEventReporterInternal
instanceKlass org/gradle/api/internal/tasks/testing/GroupTestEventReporterInternal
instanceKlass org/gradle/api/tasks/testing/GroupTestEventReporter
instanceKlass org/gradle/api/tasks/testing/TestEventReporter
instanceKlass org/gradle/api/internal/tasks/testing/TestDescriptorInternal
instanceKlass org/gradle/api/internal/tasks/testing/DefaultTestEventReporterFactory
instanceKlass org/gradle/api/internal/tasks/testing/TestEventReporterFactoryInternal
instanceKlass org/gradle/api/tasks/testing/TestEventReporterFactory
instanceKlass org/gradle/api/internal/tasks/testing/TestingBasePluginServices$TestingBuildScopeServices
instanceKlass org/gradle/initialization/DefaultJdkToolsInitializer
instanceKlass org/gradle/api/internal/tasks/compile/incremental/IncrementalCompilerFactory
instanceKlass org/gradle/api/internal/tasks/compile/incremental/classpath/ClassSetAnalyzer
instanceKlass org/gradle/api/internal/tasks/compile/incremental/analyzer/ClassDependenciesAnalyzer
instanceKlass org/gradle/api/internal/tasks/CompileServices$BuildScopeCompileServices
instanceKlass org/gradle/api/internal/artifacts/DependencyManagementManagedTypesFactory
instanceKlass org/gradle/api/artifacts/ProjectDependency
instanceKlass org/gradle/api/artifacts/ModuleDependency
instanceKlass org/gradle/api/artifacts/Dependency
instanceKlass org/gradle/api/internal/artifacts/ivyservice/ivyresolve/ResolverProviderFactories
instanceKlass org/gradle/api/internal/artifacts/MetadataResolutionContext
instanceKlass org/gradle/api/internal/artifacts/ivyservice/ivyresolve/ComponentResolvers
instanceKlass org/gradle/api/internal/artifacts/ivyservice/ivyresolve/ModuleComponentRepository
instanceKlass org/gradle/api/artifacts/result/ResolvedArtifactResult
instanceKlass org/gradle/api/artifacts/result/ArtifactResult
instanceKlass org/gradle/api/internal/artifacts/ivyservice/ivyresolve/ExternalModuleComponentResolverFactory
instanceKlass org/gradle/api/internal/artifacts/ivyservice/resolveengine/artifact/ResolvedArtifactSetResolver
instanceKlass org/gradle/internal/resource/local/LocallyAvailableExternalResource
instanceKlass org/gradle/internal/resource/ExternalResource
instanceKlass org/gradle/internal/resource/local/FileResourceConnector
instanceKlass org/gradle/api/internal/artifacts/transform/TransformStepNodeDependencyResolver
instanceKlass org/gradle/internal/component/external/model/ModuleComponentArtifactMetadata
instanceKlass org/gradle/internal/resource/TextUriResourceLoader$Factory
instanceKlass org/gradle/api/internal/artifacts/ivyservice/resolveengine/excludes/ModuleExclusions
instanceKlass org/gradle/api/internal/runtimeshaded/RuntimeShadedJarFactory
instanceKlass org/gradle/internal/verifier/HttpRedirectVerifier
instanceKlass org/gradle/internal/resolve/caching/CrossBuildCachingRuleExecutor
instanceKlass org/gradle/internal/resolve/caching/CachingRuleExecutor
instanceKlass org/gradle/api/internal/artifacts/ivyservice/ivyresolve/verification/DependencyVerificationOverride
instanceKlass org/gradle/internal/management/DependencyResolutionManagementInternal
instanceKlass org/gradle/api/initialization/resolve/DependencyResolutionManagement
instanceKlass org/gradle/initialization/DependenciesAccessors
instanceKlass org/gradle/api/internal/artifacts/dsl/CapabilityNotationParser
instanceKlass org/gradle/api/internal/artifacts/DefaultProjectDependencyFactory
instanceKlass org/gradle/api/internal/artifacts/repositories/transport/RepositoryTransportFactory
instanceKlass org/gradle/internal/resource/local/FileResourceRepository
instanceKlass org/gradle/internal/resource/ExternalResourceRepository
instanceKlass org/gradle/api/internal/artifacts/transform/TransformExecutionListener
instanceKlass org/gradle/internal/resource/local/LocallyAvailableResourceFinder
instanceKlass org/gradle/api/internal/artifacts/mvnsettings/LocalMavenRepositoryLocator
instanceKlass org/gradle/api/internal/artifacts/mvnsettings/MavenSettingsProvider
instanceKlass org/gradle/api/internal/artifacts/mvnsettings/MavenFileLocations
instanceKlass org/gradle/api/internal/artifacts/dsl/dependencies/DependencyConstraintFactoryInternal
instanceKlass org/gradle/api/artifacts/dsl/DependencyConstraintFactory
instanceKlass org/gradle/api/internal/artifacts/ivyservice/ivyresolve/strategy/VersionComparator
instanceKlass org/gradle/api/internal/artifacts/dsl/dependencies/DependencyFactoryInternal
instanceKlass org/gradle/api/artifacts/dsl/DependencyFactory
instanceKlass org/gradle/internal/resource/TextUriResourceLoader
instanceKlass org/gradle/api/internal/artifacts/repositories/resolver/ExternalResourceAccessor
instanceKlass org/gradle/api/internal/artifacts/verification/signatures/SignatureVerificationServiceFactory
instanceKlass org/gradle/api/internal/artifacts/ivyservice/ivyresolve/strategy/VersionSelectorScheme
instanceKlass org/gradle/api/internal/artifacts/DependencyManagementBuildScopeServices
instanceKlass org/gradle/configuration/project/ProjectEvaluator
instanceKlass org/gradle/internal/cc/impl/DefaultBuildModelControllerServices$VintageModelProvider
instanceKlass org/gradle/api/internal/project/CrossProjectModelAccess
instanceKlass org/gradle/invocation/GradleLifecycleActionExecutor
instanceKlass org/gradle/api/internal/project/DynamicLookupRoutine
instanceKlass org/gradle/internal/cc/impl/DefaultBuildModelControllerServices$VintageIsolatedProjectsProvider
instanceKlass org/gradle/internal/build/BuildModelController
instanceKlass org/gradle/internal/cc/impl/DefaultBuildModelControllerServices$VintageBuildControllerProvider
instanceKlass org/gradle/tooling/provider/model/internal/IntermediateToolingModelProvider
instanceKlass org/gradle/internal/cc/impl/DefaultBuildModelControllerServices$ServicesProvider
instanceKlass org/gradle/internal/cleanup/DefaultBuildOutputCleanupRegistry
instanceKlass org/gradle/internal/execution/BuildOutputCleanupRegistry
instanceKlass org/gradle/api/internal/artifacts/DependencyManagementServices
instanceKlass org/gradle/api/internal/initialization/ScriptHandlerInternal
instanceKlass org/gradle/api/initialization/dsl/ScriptHandler
instanceKlass org/gradle/api/internal/initialization/DefaultScriptHandlerFactory
instanceKlass org/gradle/api/internal/initialization/DefaultScriptClassPathResolver
instanceKlass org/gradle/internal/composite/DefaultBuildIncluder
instanceKlass org/gradle/internal/build/ExportedTaskNode
instanceKlass org/gradle/internal/build/BuildWorkGraph
instanceKlass org/gradle/internal/build/DefaultBuildWorkGraphController
instanceKlass org/gradle/internal/build/BuildWorkGraphController
instanceKlass org/gradle/execution/plan/WorkNodeDependencyResolver
instanceKlass org/gradle/execution/plan/TaskNodeDependencyResolver
instanceKlass org/gradle/execution/plan/DependencyResolver
instanceKlass org/gradle/api/internal/tasks/WorkDependencyResolver
instanceKlass org/gradle/execution/plan/SelfExecutingNode
instanceKlass org/gradle/execution/plan/Node
instanceKlass org/gradle/internal/execution/WorkValidationContext
instanceKlass org/gradle/internal/execution/WorkValidationContext$TypeOriginInspector
instanceKlass org/gradle/execution/plan/DefaultNodeValidator
instanceKlass org/gradle/execution/plan/NodeValidator
instanceKlass org/gradle/initialization/layout/ResolvedBuildLayout
instanceKlass org/gradle/internal/build/BuildIncluder
instanceKlass org/gradle/initialization/SettingsLoader
instanceKlass org/gradle/initialization/DefaultSettingsLoaderFactory
instanceKlass org/gradle/api/internal/project/ProjectInternal
instanceKlass org/gradle/model/internal/registry/ModelRegistryScope
instanceKlass org/gradle/api/internal/DomainObjectContext
instanceKlass org/gradle/api/internal/file/HasScriptServices
instanceKlass org/gradle/api/internal/project/ProjectIdentifier
instanceKlass org/gradle/api/internal/project/ProjectFactory
instanceKlass org/gradle/api/internal/project/IProjectFactory
instanceKlass org/gradle/api/internal/file/DefaultArchiveOperations
instanceKlass org/gradle/api/file/ArchiveOperations
instanceKlass org/gradle/api/internal/file/DefaultFileSystemOperations
instanceKlass org/gradle/api/file/FileSystemOperations
instanceKlass org/gradle/api/resources/internal/ReadableResourceInternal
instanceKlass org/gradle/api/resources/ReadableResource
instanceKlass org/gradle/api/resources/Resource
instanceKlass org/gradle/internal/resource/LocalBinaryResource
instanceKlass org/gradle/internal/resource/ReadableContent
instanceKlass org/gradle/internal/resource/Resource
instanceKlass org/gradle/api/internal/file/delete/DeleteSpecInternal
instanceKlass org/gradle/api/file/DeleteSpec
instanceKlass org/gradle/api/internal/file/DefaultFileOperations
instanceKlass org/gradle/api/internal/file/FileOperations
instanceKlass org/gradle/process/internal/DefaultExecOperations
# instanceKlass java/lang/invoke/LambdaForm$MH+0x000002b54c34d800
# instanceKlass java/lang/invoke/LambdaForm$MH+0x000002b54c34d400
# instanceKlass java/lang/invoke/LambdaForm$MH+0x000002b54c34d000
# instanceKlass java/lang/invoke/LambdaForm$MH+0x000002b54c34cc00
# instanceKlass java/lang/invoke/LambdaForm$MH+0x000002b54c34c800
instanceKlass  @cpi org/gradle/internal/reflect/annotations/impl/DefaultTypeAnnotationMetadataStore 1217 form vmentry <vmtarget> ; # java/lang/invoke/LambdaForm$DMH+0x000002b54c34c400
# instanceKlass java/lang/invoke/LambdaForm$DMH+0x000002b54c34c000
instanceKlass org/gradle/tooling/provider/model/internal/BuildScopeToolingModelBuilderRegistryAction
instanceKlass org/gradle/initialization/SettingsLoaderFactory
instanceKlass org/gradle/api/internal/plugins/PluginManagerInternal
instanceKlass org/gradle/api/plugins/PluginManager
instanceKlass org/gradle/initialization/InitScriptHandler
instanceKlass org/gradle/api/initialization/SharedModelDefaults
instanceKlass org/gradle/plugin/software/internal/ProjectFeatureDeclarations
instanceKlass org/gradle/internal/management/ToolchainManagementInternal
instanceKlass org/gradle/internal/FinalizableValue
instanceKlass org/gradle/api/toolchain/management/ToolchainManagement
instanceKlass org/gradle/api/internal/initialization/ScriptHandlerFactory
instanceKlass org/gradle/plugin/use/internal/PluginRequestApplicator
instanceKlass org/gradle/plugin/management/internal/PluginHandler
instanceKlass org/gradle/plugin/management/internal/argumentloaded/ArgumentSourcedPluginHandler
instanceKlass org/gradle/plugin/management/internal/autoapply/AutoAppliedPluginHandler
instanceKlass org/gradle/api/internal/tasks/TaskStatistics
instanceKlass org/gradle/initialization/buildsrc/BuildSourceBuilder
instanceKlass org/gradle/api/internal/initialization/ScriptClassPathResolver
instanceKlass org/gradle/api/provider/ProviderFactory
instanceKlass org/gradle/api/internal/project/DefaultProjectRegistry
instanceKlass org/gradle/api/internal/project/ProjectRegistry
instanceKlass org/gradle/execution/plan/TaskDependencyResolver
instanceKlass org/gradle/execution/plan/OrdinalGroupFactory
instanceKlass org/gradle/execution/plan/TaskNodeFactory
instanceKlass org/gradle/execution/plan/ExecutionPlanFactory
instanceKlass org/gradle/buildinit/specs/internal/BuildInitSpecRegistry
instanceKlass org/gradle/execution/commandline/CommandLineTaskParser
instanceKlass org/gradle/api/internal/tasks/options/OptionReader
instanceKlass org/gradle/api/services/internal/DefaultBuildServicesRegistry
instanceKlass org/gradle/api/services/internal/BuildServiceRegistryInternal
instanceKlass org/gradle/api/services/BuildServiceRegistry
instanceKlass org/gradle/api/internal/provider/sources/process/ProcessOutputProviderFactory
instanceKlass org/gradle/api/internal/properties/GradleProperties
instanceKlass org/gradle/api/internal/resources/DefaultResourceHandler$Factory
instanceKlass org/gradle/api/internal/resources/ApiTextResourceAdapter$Factory
instanceKlass org/gradle/configuration/ConfigurationTargetIdentifier
instanceKlass org/gradle/groovy/scripts/internal/GroovyScriptClassCompiler
instanceKlass org/gradle/internal/execution/ExecutionEngine
instanceKlass org/gradle/groovy/scripts/internal/DefaultScriptCompilationHandler
instanceKlass org/gradle/tooling/provider/model/internal/DefaultToolingModelBuilderRegistry
instanceKlass org/gradle/tooling/provider/model/internal/ToolingModelBuilderLookup
instanceKlass org/gradle/tooling/provider/model/ToolingModelBuilderRegistry
instanceKlass org/gradle/execution/plan/ExecutionNodeAccessHierarchies
instanceKlass org/gradle/execution/selection/BuildTaskSelector$BuildSpecificSelector
instanceKlass org/gradle/api/internal/GradleInternal
instanceKlass org/gradle/initialization/SettingsPreparer
instanceKlass org/gradle/api/internal/plugins/PluginAwareInternal
instanceKlass org/gradle/execution/taskgraph/TaskExecutionGraphInternal
instanceKlass org/gradle/api/execution/TaskExecutionGraph
instanceKlass org/gradle/execution/plan/NodeExecutor
instanceKlass org/gradle/configuration/InitScriptProcessor
instanceKlass org/gradle/configuration/ProjectsPreparer
instanceKlass org/gradle/initialization/SettingsProcessor
instanceKlass org/gradle/api/internal/project/ProjectTaskLister
instanceKlass org/gradle/groovy/scripts/internal/ScriptRunnerFactory
instanceKlass org/gradle/api/internal/initialization/BuildLogicBuilder
instanceKlass org/gradle/execution/BuildTaskScheduler
instanceKlass org/gradle/configuration/ScriptPluginFactory
instanceKlass org/gradle/internal/build/PublicBuildPath
instanceKlass org/gradle/groovy/scripts/ScriptCompilerFactory
instanceKlass org/gradle/groovy/scripts/internal/ScriptClassCompiler
instanceKlass org/gradle/api/internal/provider/sources/process/ExecSpecFactory
instanceKlass org/gradle/api/internal/project/IsolatedAntBuilder
instanceKlass org/gradle/internal/actor/ActorFactory
instanceKlass org/gradle/api/internal/project/taskfactory/ITaskFactory
instanceKlass org/gradle/initialization/BuildLoader
instanceKlass org/gradle/internal/build/BuildWorkPreparer
instanceKlass org/gradle/initialization/TaskExecutionPreparer
instanceKlass org/gradle/api/internal/provider/ValueSourceProviderFactory
instanceKlass org/gradle/process/ExecOperations
instanceKlass org/gradle/api/invocation/BuildInvocationDetails
instanceKlass org/gradle/api/internal/component/ComponentTypeRegistry
instanceKlass org/gradle/configuration/CompileOperationFactory
instanceKlass org/gradle/internal/authentication/AuthenticationSchemeRegistry
instanceKlass org/gradle/internal/operations/logging/BuildOperationLoggerFactory
instanceKlass org/gradle/internal/resource/TextFileResourceLoader
instanceKlass org/gradle/cache/scopes/BuildScopedCacheBuilderFactory
instanceKlass org/gradle/groovy/scripts/internal/ScriptCompilationHandler
instanceKlass org/gradle/execution/BuildWorkExecutor
instanceKlass org/gradle/api/internal/tasks/TaskResolver
instanceKlass org/gradle/internal/service/scopes/BuildScopeServices
instanceKlass org/gradle/internal/cc/impl/DefaultBuildModelControllerServices$servicesForBuild$1
instanceKlass org/gradle/internal/build/BuildModelControllerServices$Supplier
instanceKlass org/gradle/internal/composite/IncludedBuildInternal
instanceKlass org/gradle/api/initialization/IncludedBuild
instanceKlass org/gradle/internal/buildtree/BuildTreeFinishExecutor
instanceKlass org/gradle/internal/buildtree/BuildTreeWorkExecutor
instanceKlass org/gradle/internal/build/AbstractBuildState
instanceKlass org/gradle/internal/Actions$NullAction
instanceKlass org/gradle/internal/Actions
instanceKlass org/gradle/plugin/management/internal/PluginRequests$EmptyPluginRequests
instanceKlass org/gradle/plugin/management/internal/PluginRequests
instanceKlass org/gradle/api/internal/BuildDefinition
instanceKlass org/gradle/api/problems/internal/ProblemsProgressEventEmitterHolder
instanceKlass org/gradle/initialization/BuildOptionBuildOperationProgressEventsEmitter$2
instanceKlass org/gradle/operations/configuration/IsolatedProjectsSettingsFinalizedProgressDetails
instanceKlass org/gradle/internal/operations/notify/BuildOperationNotificationBridge$Progress
instanceKlass org/gradle/internal/operations/OperationProgressEvent
instanceKlass org/gradle/initialization/BuildOptionBuildOperationProgressEventsEmitter$1
instanceKlass org/gradle/internal/configurationcache/options/ConfigurationCacheSettingsFinalizedProgressDetails
# instanceKlass java/lang/invoke/LambdaForm$MH+0x000002b54c341000
# instanceKlass java/lang/invoke/LambdaForm$MH+0x000002b54c340c00
# instanceKlass java/lang/invoke/LambdaForm$MH+0x000002b54c340800
# instanceKlass java/lang/invoke/LambdaForm$MH+0x000002b54c340400
# instanceKlass java/lang/invoke/LambdaForm$MH+0x000002b54c340000
instanceKlass org/gradle/internal/extensions/stdlib/ThreadLocalDelegate$Companion
instanceKlass org/gradle/internal/extensions/stdlib/ThreadLocalDelegate
instanceKlass org/gradle/internal/extensions/stdlib/ThreadLocalDelegateKt
instanceKlass org/gradle/internal/cc/impl/InputTrackingState$inputTrackingDisabledCounterForThread$2
instanceKlass kotlin/reflect/jvm/internal/KMutableProperty1Impl$$Lambda$0
instanceKlass kotlin/reflect/jvm/internal/KProperty1Impl$$Lambda$1
instanceKlass kotlin/reflect/jvm/internal/KProperty1Impl$$Lambda$0
instanceKlass kotlin/reflect/jvm/internal/KPropertyImpl$$Lambda$1
instanceKlass kotlin/reflect/jvm/internal/KPropertyImpl$$Lambda$0
instanceKlass kotlin/reflect/jvm/internal/KCallableImpl$$Lambda$6
instanceKlass kotlin/reflect/jvm/internal/KCallableImpl$$Lambda$5
instanceKlass kotlin/reflect/jvm/internal/KCallableImpl$$Lambda$4
instanceKlass kotlin/reflect/jvm/internal/KCallableImpl$$Lambda$3
instanceKlass kotlin/reflect/jvm/internal/KCallableImpl$$Lambda$2
instanceKlass kotlin/reflect/jvm/internal/KCallableImpl$$Lambda$1
instanceKlass kotlin/reflect/jvm/internal/ReflectProperties$Val$1
instanceKlass kotlin/reflect/jvm/internal/ReflectProperties$Val
instanceKlass kotlin/reflect/jvm/internal/ReflectProperties
instanceKlass kotlin/reflect/jvm/internal/KCallableImpl$$Lambda$0
instanceKlass kotlin/UNINITIALIZED_VALUE
instanceKlass sun/reflect/misc/ReflectUtil
instanceKlass java/util/concurrent/atomic/AtomicReferenceFieldUpdater$AtomicReferenceFieldUpdaterImpl$1
instanceKlass java/util/concurrent/atomic/AtomicReferenceFieldUpdater
instanceKlass kotlin/SafePublicationLazyImpl$Companion
instanceKlass kotlin/SafePublicationLazyImpl
instanceKlass kotlin/Lazy
instanceKlass kotlin/LazyKt__LazyJVMKt$WhenMappings
instanceKlass kotlin/LazyKt__LazyJVMKt
instanceKlass kotlin/reflect/jvm/internal/KClassImpl$$Lambda$0
instanceKlass kotlin/_Assertions
instanceKlass kotlin/reflect/jvm/internal/impl/name/ClassId$Companion
instanceKlass kotlin/reflect/jvm/internal/impl/name/ClassId
instanceKlass java/lang/Override
instanceKlass kotlin/reflect/jvm/internal/impl/resolve/jvm/JvmClassName
instanceKlass kotlin/reflect/jvm/internal/impl/name/Name
instanceKlass kotlin/reflect/jvm/internal/impl/name/FqNameUnsafe$Companion
instanceKlass kotlin/reflect/jvm/internal/impl/name/FqNameUnsafe
instanceKlass kotlin/reflect/jvm/internal/impl/name/FqName$Companion
instanceKlass kotlin/reflect/jvm/internal/impl/load/java/JvmAnnotationNames
instanceKlass kotlin/reflect/jvm/internal/impl/name/FqName
instanceKlass kotlin/reflect/jvm/internal/impl/SpecialJvmAnnotations
instanceKlass kotlin/reflect/jvm/internal/KClassImpl$Companion
instanceKlass kotlin/text/Regex$Companion
instanceKlass kotlin/text/Regex
instanceKlass kotlin/jvm/internal/DefaultConstructorMarker
instanceKlass kotlin/reflect/jvm/internal/KDeclarationContainerImpl$Companion
instanceKlass kotlin/reflect/jvm/internal/KClassifierImpl
instanceKlass kotlin/reflect/jvm/internal/CachesKt$$Lambda$4
instanceKlass kotlin/reflect/jvm/internal/CachesKt$$Lambda$3
instanceKlass kotlin/reflect/jvm/internal/CachesKt$$Lambda$2
instanceKlass kotlin/reflect/jvm/internal/CachesKt$$Lambda$1
instanceKlass kotlin/reflect/jvm/internal/CacheByClass
instanceKlass kotlin/Result$Failure
instanceKlass kotlin/Result$Companion
instanceKlass kotlin/Result
instanceKlass kotlin/reflect/jvm/internal/CacheByClassKt
instanceKlass kotlin/reflect/jvm/internal/CachesKt$$Lambda$0
instanceKlass kotlin/reflect/jvm/internal/CachesKt
instanceKlass kotlin/reflect/jvm/internal/KPropertyImpl$Companion
instanceKlass kotlin/reflect/jvm/internal/KCallableImpl
instanceKlass kotlin/reflect/jvm/internal/KTypeParameterOwnerImpl
instanceKlass kotlin/reflect/jvm/internal/KDeclarationContainerImpl
instanceKlass kotlin/jvm/internal/ClassBasedDeclarationContainer
instanceKlass kotlin/jvm/internal/FunctionBase
instanceKlass kotlin/reflect/KMutableProperty0
instanceKlass kotlin/reflect/KProperty0
instanceKlass kotlin/jvm/functions/Function0
instanceKlass kotlin/reflect/KMutableProperty2
instanceKlass kotlin/reflect/KProperty2
instanceKlass kotlin/jvm/functions/Function2
instanceKlass kotlin/reflect/KTypeParameter
instanceKlass kotlin/reflect/KType
instanceKlass kotlin/jvm/internal/ReflectionFactory
instanceKlass kotlin/jvm/internal/Reflection
instanceKlass kotlin/jvm/internal/CallableReference$NoReceiver
instanceKlass kotlin/reflect/KMutableProperty$Setter
instanceKlass kotlin/reflect/KProperty$Getter
instanceKlass kotlin/reflect/KFunction
instanceKlass kotlin/reflect/KProperty$Accessor
instanceKlass kotlin/jvm/internal/CallableReference
instanceKlass kotlin/reflect/KMutableProperty1
instanceKlass kotlin/reflect/KMutableProperty
instanceKlass kotlin/reflect/KProperty1
instanceKlass kotlin/reflect/KProperty
instanceKlass kotlin/reflect/KCallable
instanceKlass org/gradle/internal/buildoption/FeatureFlag
instanceKlass org/gradle/internal/buildoption/FeatureFlagListener
instanceKlass org/gradle/internal/buildoption/DefaultFeatureFlags
instanceKlass org/gradle/internal/resources/AbstractResourceLockRegistry$ResourceLockProducer
instanceKlass  @bci java/util/Comparator comparing (Ljava/util/function/Function;)Ljava/util/Comparator; 6 <appendix> member <vmtarget> ; # java/util/Comparator$$Lambda+0x000002b54c2c20a8
instanceKlass  @cpi org/gradle/internal/snapshot/AbstractListChildMap 208 form vmentry <vmtarget> ; # java/lang/invoke/LambdaForm$DMH+0x000002b54c32a800
instanceKlass  @bci org/gradle/internal/buildtree/ProblemReportingBuildActionRunner <init> (Lorg/gradle/internal/exception/ExceptionAnalyser;Lorg/gradle/internal/initialization/layout/BuildTreeLocations;Ljava/util/List;Lorg/gradle/internal/buildtree/BuildActionRunner;)V 21 <appendix> argL0 ; # org/gradle/internal/buildtree/ProblemReportingBuildActionRunner$$Lambda+0x000002b54c32c8c0
instanceKlass org/gradle/launcher/exec/ChainingBuildActionRunner
instanceKlass org/gradle/internal/buildtree/ProblemReportingBuildActionRunner
instanceKlass org/gradle/launcher/exec/BuildOutcomeReportingBuildActionRunner
instanceKlass org/gradle/tooling/internal/provider/FileSystemWatchingBuildActionRunner
instanceKlass org/gradle/launcher/exec/BuildCompletionNotifyingBuildActionRunner
# instanceKlass java/lang/invoke/LambdaForm$MH+0x000002b54c32a400
# instanceKlass java/lang/invoke/LambdaForm$MH+0x000002b54c32a000
# instanceKlass java/lang/invoke/LambdaForm$DMH+0x000002b54c329c00
# instanceKlass java/lang/invoke/LambdaForm$MH+0x000002b54c329800
# instanceKlass java/lang/invoke/LambdaForm$DMH+0x000002b54c329400
# instanceKlass java/lang/invoke/LambdaForm$MH+0x000002b54c329000
# instanceKlass java/lang/invoke/LambdaForm$DMH+0x000002b54c328c00
# instanceKlass java/lang/invoke/LambdaForm$MH+0x000002b54c328800
# instanceKlass java/lang/invoke/LambdaForm$MH+0x000002b54c328400
# instanceKlass java/lang/invoke/LambdaForm$MH+0x000002b54c328000
# instanceKlass java/lang/invoke/LambdaForm$MH+0x000002b54c327c00
# instanceKlass java/lang/invoke/LambdaForm$MH+0x000002b54c327800
# instanceKlass java/lang/invoke/LambdaForm$MH+0x000002b54c327400
# instanceKlass java/lang/invoke/LambdaForm$MH+0x000002b54c327000
# instanceKlass java/lang/invoke/LambdaForm$MH+0x000002b54c326c00
# instanceKlass java/lang/invoke/LambdaForm$MH+0x000002b54c326800
# instanceKlass java/lang/invoke/LambdaForm$MH+0x000002b54c326400
# instanceKlass java/lang/invoke/LambdaForm$MH+0x000002b54c326000
# instanceKlass java/lang/invoke/LambdaForm$MH+0x000002b54c325c00
# instanceKlass java/lang/invoke/LambdaForm$MH+0x000002b54c325800
# instanceKlass java/lang/invoke/LambdaForm$MH+0x000002b54c325400
# instanceKlass java/lang/invoke/LambdaForm$MH+0x000002b54c325000
# instanceKlass java/lang/invoke/LambdaForm$MH+0x000002b54c324c00
# instanceKlass java/lang/invoke/LambdaForm$MH+0x000002b54c324800
# instanceKlass java/lang/invoke/LambdaForm$MH+0x000002b54c324400
# instanceKlass java/lang/invoke/LambdaForm$MH+0x000002b54c324000
# instanceKlass java/lang/invoke/LambdaForm$MH+0x000002b54c323c00
# instanceKlass java/lang/invoke/LambdaForm$MH+0x000002b54c323800
# instanceKlass java/lang/invoke/LambdaForm$MH+0x000002b54c323400
# instanceKlass java/lang/invoke/LambdaForm$BMH+0x000002b54c323000
# instanceKlass java/lang/invoke/LambdaForm$DMH+0x000002b54c322c00
# instanceKlass java/lang/invoke/LambdaForm$DMH+0x000002b54c322800
instanceKlass org/gradle/api/problems/internal/DefaultProblemReporter
instanceKlass org/gradle/api/problems/internal/AdditionalDataBuilderFactory$4
instanceKlass org/gradle/api/problems/internal/PropertyTraceData
instanceKlass org/gradle/api/problems/internal/PropertyTraceDataSpec
instanceKlass org/gradle/api/problems/internal/AdditionalDataBuilderFactory$3
instanceKlass org/gradle/api/problems/internal/TypeValidationData
instanceKlass org/gradle/api/problems/internal/TypeValidationDataSpec
instanceKlass org/gradle/api/problems/internal/AdditionalDataBuilderFactory$2
instanceKlass org/gradle/api/problems/internal/DeprecationData
instanceKlass org/gradle/api/problems/internal/DeprecationDataSpec
instanceKlass org/gradle/api/problems/internal/AdditionalDataBuilderFactory$1
instanceKlass org/gradle/api/problems/internal/GeneralData
instanceKlass org/gradle/api/problems/AdditionalData
instanceKlass org/gradle/api/problems/internal/AdditionalDataBuilderFactory$DataTypeAndProvider
instanceKlass org/gradle/api/problems/internal/GeneralDataSpec
instanceKlass org/gradle/api/problems/internal/AdditionalDataSpec
instanceKlass org/gradle/api/problems/internal/AdditionalDataBuilderFactory
instanceKlass org/gradle/api/problems/internal/ProblemsInfrastructure
instanceKlass org/gradle/api/problems/internal/InternalProblemBuilder
instanceKlass org/gradle/api/problems/internal/InternalProblemSpec
instanceKlass org/gradle/api/problems/internal/InternalProblemReporter
instanceKlass org/gradle/api/problems/ProblemReporter
instanceKlass org/gradle/api/problems/internal/DefaultProblems
# instanceKlass java/lang/invoke/LambdaForm$MH+0x000002b54c322400
# instanceKlass java/lang/invoke/LambdaForm$MH+0x000002b54c322000
# instanceKlass java/lang/invoke/LambdaForm$MH+0x000002b54c321c00
# instanceKlass java/lang/invoke/LambdaForm$MH+0x000002b54c321800
# instanceKlass java/lang/invoke/LambdaForm$MH+0x000002b54c321400
# instanceKlass java/lang/invoke/LambdaForm$MH+0x000002b54c321000
# instanceKlass java/lang/invoke/LambdaForm$MH+0x000002b54c320c00
# instanceKlass java/lang/invoke/LambdaForm$MH+0x000002b54c320800
# instanceKlass java/lang/invoke/LambdaForm$MH+0x000002b54c320400
# instanceKlass java/lang/invoke/LambdaForm$MH+0x000002b54c320000
instanceKlass org/gradle/internal/snapshot/impl/ArrayOfPrimitiveValueSnapshot
instanceKlass org/gradle/internal/snapshot/impl/AbstractSetSnapshot
instanceKlass org/gradle/internal/snapshot/impl/AbstractListSnapshot
instanceKlass org/gradle/internal/snapshot/impl/AbstractArraySnapshot
instanceKlass org/gradle/internal/snapshot/impl/EnumValueSnapshot
instanceKlass org/gradle/internal/snapshot/impl/JavaSerializedValueSnapshot
instanceKlass org/gradle/internal/snapshot/impl/NullValueSnapshot
instanceKlass org/gradle/internal/snapshot/impl/AbstractManagedValueSnapshot
instanceKlass org/gradle/internal/snapshot/impl/AbstractScalarValueSnapshot
instanceKlass org/gradle/internal/snapshot/impl/AbstractMapSnapshot
instanceKlass org/gradle/internal/snapshot/impl/IsolatableSerializerRegistry$IsolatableSerializer
instanceKlass com/google/common/collect/Synchronized$SynchronizedObject
instanceKlass com/google/common/collect/Table
instanceKlass com/google/common/collect/Synchronized
instanceKlass com/google/common/collect/SortedSetMultimap
instanceKlass com/google/common/collect/Multimaps
instanceKlass com/google/common/collect/MultimapBuilder$LinkedHashSetSupplier
instanceKlass com/google/common/collect/MultimapBuilder$MultimapBuilderWithKeys
instanceKlass com/google/common/collect/MultimapBuilder
instanceKlass org/gradle/api/problems/internal/ProblemLocator
instanceKlass org/gradle/internal/problems/DefaultProblemDiagnosticsFactory$DefaultProblemStream
# instanceKlass java/lang/invoke/LambdaForm$MH+0x000002b54c311400
# instanceKlass java/lang/invoke/LambdaForm$MH+0x000002b54c311000
# instanceKlass java/lang/invoke/LambdaForm$MH+0x000002b54c310c00
# instanceKlass java/lang/invoke/LambdaForm$MH+0x000002b54c310800
# instanceKlass java/lang/invoke/LambdaForm$MH+0x000002b54c310400
# instanceKlass java/lang/invoke/LambdaForm$MH+0x000002b54c310000
# instanceKlass java/lang/invoke/LambdaForm$MH+0x000002b54c30e400
instanceKlass org/gradle/initialization/exception/StackTraceSanitizingExceptionAnalyser
instanceKlass org/gradle/initialization/exception/MultipleBuildFailuresExceptionAnalyser
instanceKlass org/gradle/internal/problems/DefaultProblemDiagnosticsFactory$1
instanceKlass org/gradle/internal/problems/DefaultProblemDiagnosticsFactory$CopyStackTraceTransFormer
instanceKlass org/gradle/internal/code/DefaultUserCodeApplicationContext
instanceKlass  @bci org/gradle/internal/problems/DefaultProblemLocationAnalyzer <clinit> ()V 0 <appendix> argL0 ; # org/gradle/internal/problems/DefaultProblemLocationAnalyzer$$Lambda+0x000002b54c30f000
instanceKlass  @cpi org/gradle/internal/snapshot/PathUtil 193 form vmentry <vmtarget> ; # java/lang/invoke/LambdaForm$DMH+0x000002b54c30e000
instanceKlass org/gradle/internal/problems/failure/StackFramePredicate
instanceKlass org/gradle/composite/internal/DefaultIncludedBuildRegistry
# instanceKlass java/lang/invoke/LambdaForm$MH+0x000002b54c30dc00
# instanceKlass java/lang/invoke/LambdaForm$MH+0x000002b54c30d800
# instanceKlass java/lang/invoke/LambdaForm$MH+0x000002b54c30d400
# instanceKlass java/lang/invoke/LambdaForm$MH+0x000002b54c30d000
# instanceKlass java/lang/invoke/LambdaForm$MH+0x000002b54c30cc00
instanceKlass org/gradle/problems/internal/services/SummarizerStrategy
instanceKlass  @bci org/gradle/problems/internal/services/ProblemsBuildTreeServices createProblemSummarizer (Lorg/gradle/internal/operations/BuildOperationProgressEventEmitter;Lorg/gradle/internal/operations/CurrentBuildOperationRef;Ljava/util/Collection;Lorg/gradle/internal/buildoption/InternalOptions;Lorg/gradle/api/problems/internal/ProblemReportCreator;Lorg/gradle/internal/execution/WorkExecutionTracker;Lorg/gradle/api/internal/StartParameterInternal;)Lorg/gradle/api/problems/internal/ProblemSummarizer; 35 <appendix> member <vmtarget> ; # org/gradle/problems/internal/services/ProblemsBuildTreeServices$$Lambda+0x000002b54c303340
instanceKlass org/gradle/api/problems/internal/TaskIdentityProvider
instanceKlass org/gradle/problems/internal/emitters/ConsoleProblemEmitter
instanceKlass org/gradle/problems/internal/emitters/BuildOperationBasedProblemEmitter
instanceKlass org/gradle/problems/internal/services/DefaultProblemSummarizer
# instanceKlass java/lang/invoke/LambdaForm$MH+0x000002b54c30c800
# instanceKlass java/lang/invoke/LambdaForm$MH+0x000002b54c30c400
# instanceKlass java/lang/invoke/LambdaForm$MH+0x000002b54c30c000
# instanceKlass java/lang/invoke/LambdaForm$MH+0x000002b54c30bc00
# instanceKlass java/lang/invoke/LambdaForm$MH+0x000002b54c30b800
# instanceKlass java/lang/invoke/LambdaForm$MH+0x000002b54c30b400
# instanceKlass java/lang/invoke/LambdaForm$MH+0x000002b54c30b000
# instanceKlass java/lang/invoke/LambdaForm$MH+0x000002b54c30ac00
instanceKlass org/gradle/internal/execution/DefaultWorkExecutionTracker$OperationListener
instanceKlass org/gradle/internal/execution/DefaultWorkExecutionTracker
instanceKlass org/gradle/internal/configuration/problems/FailureDecorator
instanceKlass  @bci org/gradle/internal/configuration/problems/CommonReport <init> (Lorg/gradle/internal/concurrent/ExecutorFactory;Lorg/gradle/api/internal/file/temp/TemporaryFileProvider;Lorg/gradle/internal/buildoption/InternalOptions;Ljava/lang/String;Ljava/lang/String;Z)V 96 <appendix> member <vmtarget> ; # org/gradle/internal/configuration/problems/CommonReport$$Lambda+0x000002b54c302168
instanceKlass org/gradle/internal/cc/impl/problems/JsonSource
instanceKlass kotlin/jvm/functions/Function1
instanceKlass kotlin/Function
instanceKlass org/gradle/internal/configuration/problems/CommonReport$State
instanceKlass org/gradle/internal/configuration/problems/CommonReport$Companion
instanceKlass kotlin/coroutines/Continuation
instanceKlass org/gradle/problems/internal/impl/DefaultProblemsReportCreator
# instanceKlass java/lang/invoke/LambdaForm$MH+0x000002b54c30a800
# instanceKlass java/lang/invoke/LambdaForm$MH+0x000002b54c30a400
# instanceKlass java/lang/invoke/LambdaForm$MH+0x000002b54c30a000
# instanceKlass java/lang/invoke/LambdaForm$MH+0x000002b54c309c00
# instanceKlass java/lang/invoke/LambdaForm$MH+0x000002b54c309800
# instanceKlass java/lang/invoke/LambdaForm$MH+0x000002b54c309400
# instanceKlass java/lang/invoke/LambdaForm$MH+0x000002b54c309000
# instanceKlass java/lang/invoke/LambdaForm$MH+0x000002b54c308c00
# instanceKlass java/lang/invoke/LambdaForm$MH+0x000002b54c308800
# instanceKlass java/lang/invoke/LambdaForm$MH+0x000002b54c308400
# instanceKlass java/lang/invoke/LambdaForm$MH+0x000002b54c308000
# instanceKlass java/lang/invoke/LambdaForm$MH+0x000002b54c307c00
# instanceKlass java/lang/invoke/LambdaForm$MH+0x000002b54c307800
# instanceKlass java/lang/invoke/LambdaForm$MH+0x000002b54c307400
# instanceKlass java/lang/invoke/LambdaForm$MH+0x000002b54c307000
# instanceKlass java/lang/invoke/LambdaForm$MH+0x000002b54c306c00
# instanceKlass java/lang/invoke/LambdaForm$MH+0x000002b54c306800
# instanceKlass java/lang/invoke/LambdaForm$MH+0x000002b54c306400
# instanceKlass java/lang/invoke/LambdaForm$MH+0x000002b54c306000
# instanceKlass java/lang/invoke/LambdaForm$DMH+0x000002b54c305c00
# instanceKlass java/lang/invoke/LambdaForm$MH+0x000002b54c305800
# instanceKlass java/lang/invoke/LambdaForm$MH+0x000002b54c305400
# instanceKlass java/lang/invoke/LambdaForm$MH+0x000002b54c305000
# instanceKlass java/lang/invoke/LambdaForm$MH+0x000002b54c304c00
# instanceKlass java/lang/invoke/LambdaForm$MH+0x000002b54c304800
# instanceKlass java/lang/invoke/LambdaForm$MH+0x000002b54c304400
# instanceKlass java/lang/invoke/LambdaForm$MH+0x000002b54c304000
instanceKlass org/gradle/tooling/internal/provider/serialization/DefaultPayloadClassLoaderRegistry$DetailsToClassLoaderTransformer
instanceKlass org/gradle/tooling/internal/provider/serialization/DefaultPayloadClassLoaderRegistry$ClassLoaderToDetailsTransformer
instanceKlass org/gradle/tooling/internal/provider/serialization/ClassLoaderCache$Transformer
instanceKlass org/gradle/tooling/internal/provider/serialization/DefaultPayloadClassLoaderRegistry
instanceKlass org/gradle/tooling/internal/provider/serialization/ClassLoaderDetails
instanceKlass org/gradle/tooling/internal/provider/serialization/DeserializeMap
instanceKlass org/gradle/tooling/internal/provider/serialization/SerializeMap
instanceKlass org/gradle/tooling/internal/provider/serialization/WellKnownClassLoaderRegistry
instanceKlass java/io/ObjectOutput
instanceKlass java/io/ObjectStreamConstants
instanceKlass java/io/ObjectInput
instanceKlass org/gradle/internal/classloader/DelegatingClassLoader
instanceKlass org/gradle/api/internal/initialization/loadercache/ModelClassLoaderFactory
instanceKlass org/gradle/internal/daemon/serialization/DaemonSidePayloadClassLoaderFactory
instanceKlass org/gradle/internal/classpath/DefaultCachedClasspathTransformer$ParallelTransformExecutor
instanceKlass org/gradle/internal/file/impl/SingleDepthFileAccessTracker
instanceKlass org/gradle/cache/internal/DefaultCacheCleanupStrategy
instanceKlass  @bci org/gradle/internal/classpath/DefaultClasspathTransformerCacheFactory createCacheCleanupStrategy (Lorg/gradle/internal/file/FileAccessTimeJournal;)Lorg/gradle/cache/CacheCleanupStrategy; 23 <appendix> member <vmtarget> ; # org/gradle/internal/classpath/DefaultClasspathTransformerCacheFactory$$Lambda+0x000002b54c2ba0f8
instanceKlass  @bci org/gradle/api/internal/cache/DefaultCacheConfigurations getCleanupFrequency ()Lorg/gradle/api/provider/Provider; 5 <appendix> member <vmtarget> ; # org/gradle/api/internal/cache/DefaultCacheConfigurations$$Lambda+0x000002b54c2b9a20
instanceKlass  @bci org/gradle/api/internal/cache/DefaultCacheConfigurations$DefaultCacheResourceConfiguration getEntryRetentionTimestampSupplier ()Ljava/util/function/Supplier; 1 <appendix> member <vmtarget> ; # org/gradle/api/internal/cache/DefaultCacheConfigurations$DefaultCacheResourceConfiguration$$Lambda+0x000002b54c2b97f8
instanceKlass org/gradle/cache/internal/SingleDepthFilesFinder
instanceKlass  @bci org/gradle/internal/versionedcache/UnusedVersionsCacheCleanup <init> (Ljava/util/regex/Pattern;Lorg/gradle/internal/versionedcache/CacheVersionMapping;Lorg/gradle/internal/versionedcache/UsedGradleVersions;)V 2 <appendix> member <vmtarget> ; # org/gradle/internal/versionedcache/UnusedVersionsCacheCleanup$$Lambda+0x000002b54c2b8f18
instanceKlass org/gradle/cache/internal/AbstractCacheCleanup
instanceKlass org/gradle/cache/internal/CompositeCleanupAction$Builder
instanceKlass org/gradle/cache/internal/CompositeCleanupAction
# instanceKlass java/lang/invoke/LambdaForm$MH+0x000002b54c2be800
# instanceKlass java/lang/invoke/LambdaForm$MH+0x000002b54c2be400
# instanceKlass java/lang/invoke/LambdaForm$MH+0x000002b54c2be000
# instanceKlass java/lang/invoke/LambdaForm$MH+0x000002b54c2bdc00
# instanceKlass java/lang/invoke/LambdaForm$MH+0x000002b54c2bd800
# instanceKlass java/lang/invoke/LambdaForm$MH+0x000002b54c2bd400
# instanceKlass java/lang/invoke/LambdaForm$MH+0x000002b54c2bd000
# instanceKlass java/lang/invoke/LambdaForm$MH+0x000002b54c2bcc00
# instanceKlass java/lang/invoke/LambdaForm$MH+0x000002b54c2bc800
# instanceKlass java/lang/invoke/LambdaForm$MH+0x000002b54c2bc400
instanceKlass  @bci org/gradle/kotlin/dsl/execution/Interpreter compile (Lorg/gradle/kotlin/dsl/support/KotlinScriptHost;Lorg/gradle/kotlin/dsl/execution/ProgramId;Ljava/lang/String;Lorg/gradle/groovy/scripts/ScriptSource;Lorg/gradle/kotlin/dsl/execution/ProgramKind;Lorg/gradle/kotlin/dsl/execution/ProgramTarget;Lorg/gradle/internal/classpath/ClassPath;Lorg/gradle/internal/classpath/ClassPath;Lorg/gradle/api/internal/file/temp/TemporaryFileProvider;)Ljava/io/File; 33 <appendix> form vmentry <vmtarget> ; # java/lang/invoke/LambdaForm$DMH+0x000002b54c2bc000
instanceKlass org/gradle/internal/classpath/ClasspathBuilder$EntryBuilder
instanceKlass org/gradle/internal/classpath/InPlaceClasspathBuilder
instanceKlass org/gradle/internal/cc/impl/DefaultBuildTreeModelControllerServices$VintageModelProvider
instanceKlass org/gradle/internal/cc/impl/promo/PromoInputsListener
instanceKlass org/gradle/internal/buildtree/DefaultBuildTreeModelSideEffectExecutor
instanceKlass org/gradle/internal/cc/impl/DefaultBuildTreeModelControllerServices$VintageBuildTreeProvider
instanceKlass org/gradle/internal/scripts/ProjectScopedScriptResolution$1
instanceKlass org/gradle/internal/scripts/ProjectScopedScriptResolution
instanceKlass org/gradle/internal/cc/impl/ConfigurationCacheInputsListener
instanceKlass org/gradle/internal/configuration/inputs/InstrumentedInputsListener
instanceKlass org/gradle/internal/cc/impl/barrier/VintageConfigurationTimeActionRunner
instanceKlass org/gradle/internal/cc/impl/VintageBuildTreeLifecycleControllerFactory
instanceKlass org/gradle/internal/buildtree/BuildTreeLifecycleControllerFactory
instanceKlass org/gradle/internal/cc/impl/initialization/AbstractInjectedClasspathInstrumentationStrategy
instanceKlass org/gradle/plugin/use/resolve/service/internal/InjectedClasspathInstrumentationStrategy
instanceKlass org/gradle/internal/cc/impl/services/DefaultEnvironment
instanceKlass org/gradle/internal/cc/base/problems/IgnoringProblemsListener
instanceKlass org/gradle/internal/configuration/problems/ProblemsListener
instanceKlass org/gradle/internal/cc/impl/initialization/DefaultConfigurationCacheProblemsListener
instanceKlass org/gradle/internal/cc/impl/initialization/ConfigurationCacheProblemsListener
instanceKlass org/gradle/api/internal/ExternalProcessStartedListener
instanceKlass org/gradle/internal/configuration/problems/DefaultProblemFactory
instanceKlass org/gradle/internal/configuration/problems/ProblemFactory
instanceKlass org/gradle/tooling/provider/model/internal/ToolingModelParameterCarrier$Factory
instanceKlass org/gradle/internal/cc/impl/DefaultBuildTreeModelControllerServices$SharedBuildTreeScopedServices
instanceKlass org/gradle/api/internal/initialization/DefaultBuildLogicBuildQueue
instanceKlass org/gradle/api/internal/initialization/BuildLogicBuildQueue
instanceKlass org/gradle/api/internal/project/taskfactory/TaskIdentityFactory
instanceKlass org/gradle/initialization/exception/DefaultExceptionAnalyser
instanceKlass org/gradle/internal/problems/DefaultProblemDiagnosticsFactory
instanceKlass org/gradle/internal/operations/RunnableBuildOperation
instanceKlass org/gradle/execution/TaskPathProjectEvaluator
instanceKlass org/gradle/execution/ProjectConfigurer
instanceKlass org/gradle/internal/buildtree/DeprecationsReporter
instanceKlass org/gradle/api/internal/provider/DefaultConfigurationTimeBarrier
instanceKlass org/gradle/api/internal/project/ProjectState
instanceKlass org/gradle/api/internal/project/DefaultProjectStateRegistry
instanceKlass org/gradle/internal/buildtree/BuildInclusionCoordinator
instanceKlass org/gradle/initialization/BuildOptionBuildOperationProgressEventsEmitter
instanceKlass org/gradle/internal/buildtree/BuildTreeLifecycleListener
instanceKlass org/gradle/internal/build/BuildLifecycleController
instanceKlass org/gradle/internal/build/DefaultBuildLifecycleControllerFactory
instanceKlass org/gradle/internal/build/BuildLifecycleControllerFactory
instanceKlass org/gradle/vcs/internal/VcsResolver
instanceKlass org/gradle/vcs/internal/resolver/VcsVersionSelectionCache
instanceKlass org/gradle/vcs/internal/VcsMappingFactory
instanceKlass org/gradle/vcs/internal/VersionControlSpecFactory
instanceKlass org/gradle/vcs/internal/services/VersionControlServices$VersionControlBuildTreeServices
instanceKlass org/gradle/tooling/internal/provider/runner/AbstractClientProvidedBuildActionRunner$ClientAction
instanceKlass org/gradle/tooling/internal/provider/runner/AbstractClientProvidedBuildActionRunner
instanceKlass org/gradle/execution/EntryTaskSelector
instanceKlass org/gradle/tooling/internal/provider/runner/TestExecutionRequestActionRunner
instanceKlass org/gradle/internal/buildtree/BuildTreeModelAction
instanceKlass org/gradle/tooling/internal/provider/runner/BuildModelActionRunner
instanceKlass org/gradle/internal/buildtree/BuildTreeModelSideEffectExecutor
instanceKlass org/gradle/tooling/internal/provider/runner/BuildControllerFactory
instanceKlass org/gradle/launcher/exec/RootBuildLifecycleBuildActionExecutor
instanceKlass org/gradle/internal/enterprise/core/GradleEnterprisePluginManager
instanceKlass org/gradle/tooling/internal/provider/LauncherServices$ToolingBuildTreeScopeServices
instanceKlass org/gradle/profile/BuildProfileServices$1
instanceKlass org/gradle/api/problems/internal/ProblemEmitter
instanceKlass org/gradle/api/internal/TaskInternal
instanceKlass org/gradle/util/Configurable
instanceKlass org/gradle/api/problems/internal/TaskIdentity
instanceKlass org/gradle/api/problems/internal/ProblemSummarizer
instanceKlass org/gradle/api/problems/internal/ProblemReportCreator
instanceKlass org/gradle/problems/internal/services/ProblemsBuildTreeServices
instanceKlass org/gradle/plugins/ide/internal/IdeArtifactStore
instanceKlass org/gradle/api/internal/tasks/compile/processing/AnnotationProcessorDetector
instanceKlass org/gradle/language/java/internal/JavaLanguageServices$1
instanceKlass org/gradle/execution/plan/DefaultPlanExecutor$ExecutorStats
instanceKlass org/gradle/execution/plan/DefaultPlanExecutor
instanceKlass org/gradle/internal/serialize/beans/services/DefaultBeanStateReaderLookup
instanceKlass org/gradle/internal/serialize/graph/BeanStateReaderLookup
instanceKlass org/gradle/internal/serialize/beans/services/DefaultBeanStateWriterLookup
instanceKlass org/gradle/internal/serialize/graph/BeanStateWriterLookup
instanceKlass org/gradle/internal/serialize/codecs/core/jos/JavaSerializationEncodingLookup
instanceKlass org/gradle/internal/isolate/actions/services/IsolatedActionCodecsFactory
instanceKlass org/gradle/internal/isolate/graph/IsolationCodecsProvider
instanceKlass org/gradle/internal/enterprise/impl/legacy/DefaultBuildScanBuildStartedTime
instanceKlass org/gradle/internal/scan/time/BuildScanBuildStartedTime
instanceKlass org/gradle/internal/enterprise/impl/legacy/DefaultBuildScanClock
instanceKlass org/gradle/internal/scan/time/BuildScanClock
instanceKlass org/gradle/internal/enterprise/impl/DefaultDevelocityPluginUnsafeConfigurationService
instanceKlass org/gradle/internal/enterprise/DevelocityPluginUnsafeConfigurationService
instanceKlass org/gradle/internal/enterprise/impl/DefaultGradleEnterprisePluginBackgroundJobExecutors
instanceKlass org/gradle/internal/enterprise/impl/GradleEnterprisePluginBackgroundJobExecutorsInternal
instanceKlass org/gradle/internal/enterprise/GradleEnterprisePluginBackgroundJobExecutors
instanceKlass org/gradle/internal/enterprise/impl/DefaultGradleEnterprisePluginConfig
instanceKlass org/gradle/internal/enterprise/GradleEnterprisePluginConfig
instanceKlass org/gradle/internal/enterprise/impl/DefaultGradleEnterprisePluginBuildState
instanceKlass org/gradle/internal/enterprise/GradleEnterprisePluginBuildState
instanceKlass org/gradle/internal/enterprise/impl/DefaultGradleEnterprisePluginServiceRef
instanceKlass org/gradle/internal/enterprise/impl/GradleEnterprisePluginServiceRefInternal
instanceKlass org/gradle/internal/enterprise/GradleEnterprisePluginServiceRef
instanceKlass org/gradle/internal/enterprise/impl/GradleEnterprisePluginAutoAppliedStatus
instanceKlass org/gradle/plugin/management/internal/PluginRequestInternal
instanceKlass org/gradle/plugin/management/PluginRequest
instanceKlass org/gradle/internal/enterprise/impl/GradleEnterpriseAutoAppliedPluginRegistry
instanceKlass org/gradle/plugin/management/internal/autoapply/AutoAppliedPluginRegistry
instanceKlass org/gradle/internal/encryption/impl/DefaultEncryptionService
instanceKlass org/gradle/internal/encryption/EncryptionService
instanceKlass org/gradle/internal/configuration/problems/CommonReport
instanceKlass org/gradle/internal/cc/impl/ConfigurationCacheServices$ConfigurationCacheReportProvider
instanceKlass org/gradle/internal/cc/impl/ConfigurationCacheServices$ExecutionAccessCheckerProvider
instanceKlass org/gradle/internal/cc/impl/services/RemoteScriptUpToDateChecker
instanceKlass org/gradle/internal/resource/transfer/ExternalResourceConnector
instanceKlass org/gradle/internal/resource/transfer/ExternalResourceUploader
instanceKlass org/gradle/internal/resource/transfer/ExternalResourceLister
instanceKlass org/gradle/internal/resource/transfer/ExternalResourceAccessor
instanceKlass org/gradle/internal/cc/impl/ConfigurationCacheServices$RemoteScriptUpToDateCheckerProvider
instanceKlass org/gradle/internal/cc/impl/IgnoredConfigurationInputs
instanceKlass org/gradle/internal/cc/impl/ConfigurationCacheServices$IgnoredConfigurationInputsProvider
instanceKlass org/gradle/vcs/internal/VcsMappingsStore
instanceKlass org/gradle/api/internal/provider/ConfigurationTimeBarrier
instanceKlass org/gradle/internal/cc/impl/DefaultConfigurationCacheDegradationController
instanceKlass org/gradle/api/internal/ConfigurationCacheDegradationController
instanceKlass org/gradle/execution/ExecutionAccessChecker
instanceKlass org/gradle/internal/cc/impl/InstrumentedExecutionAccessListener
instanceKlass org/gradle/internal/classpath/InstrumentedExecutionAccess$Listener
instanceKlass org/gradle/internal/cc/impl/InputTrackingState
instanceKlass org/gradle/internal/cc/impl/DeprecatedFeaturesListener
instanceKlass org/gradle/execution/ExecutionAccessListener
instanceKlass org/gradle/api/internal/tasks/execution/TaskExecutionAccessListener
instanceKlass org/gradle/api/internal/BuildScopeListenerRegistrationListener
instanceKlass org/gradle/internal/cc/impl/DefaultBuildToolingModelControllerFactory
instanceKlass org/gradle/internal/build/BuildToolingModelControllerFactory
instanceKlass org/gradle/internal/cc/impl/DefaultBuildModelControllerServices
instanceKlass org/gradle/internal/build/BuildModelControllerServices
instanceKlass org/gradle/internal/encryption/EncryptionConfiguration
instanceKlass org/gradle/internal/cc/impl/initialization/ConfigurationCacheStartParameter
instanceKlass org/gradle/internal/cc/impl/ConfigurationCacheKey
instanceKlass org/gradle/api/internal/artifacts/ivyservice/projectmodule/LocalComponentCache
instanceKlass org/gradle/api/artifacts/component/BuildIdentifier
instanceKlass org/gradle/internal/model/ModelContainer
instanceKlass org/gradle/api/internal/artifacts/configurations/ConfigurationsProvider
instanceKlass org/gradle/composite/internal/DefaultBuildTreeLocalComponentProvider
instanceKlass org/gradle/api/internal/artifacts/ivyservice/projectmodule/BuildTreeLocalComponentProvider
instanceKlass org/gradle/internal/buildtree/BuildTreeWorkGraphPreparer
instanceKlass org/gradle/execution/plan/PlanExecutor
instanceKlass org/gradle/composite/internal/DefaultIncludedBuildTaskGraph
instanceKlass org/gradle/composite/internal/BuildTreeWorkGraphController
instanceKlass org/gradle/internal/build/IncludedBuildState
instanceKlass org/gradle/composite/internal/DefaultIncludedBuildFactory
instanceKlass org/gradle/internal/build/StandAloneNestedBuild
instanceKlass org/gradle/internal/build/NestedBuildState
instanceKlass org/gradle/internal/buildtree/NestedBuildTree
instanceKlass org/gradle/internal/build/RootBuildState
instanceKlass org/gradle/internal/build/BuildActionTarget
instanceKlass org/gradle/internal/build/CompositeBuildParticipantBuildState
instanceKlass org/gradle/composite/internal/BuildStateFactory
instanceKlass org/gradle/internal/build/IncludedBuildFactory
instanceKlass org/gradle/internal/composite/BuildIncludeListener
instanceKlass org/gradle/api/internal/composite/CompositeBuildContext
instanceKlass org/gradle/api/internal/artifacts/ivyservice/dependencysubstitution/DependencySubstitutionRules
instanceKlass org/gradle/internal/buildtree/GlobalDependencySubstitutionRegistry
instanceKlass org/gradle/composite/internal/CompositeBuildServices$CompositeBuildTreeScopeServices
instanceKlass org/gradle/caching/internal/origin/OriginMetadataFactory
instanceKlass org/gradle/caching/internal/controller/impl/LifecycleAwareBuildCacheControllerFactory
instanceKlass org/gradle/caching/internal/BuildCacheServices$2
instanceKlass org/gradle/api/internal/tasks/testing/results/AggregateTestEventReporter
instanceKlass org/gradle/api/internal/tasks/testing/results/TestExecutionResultsListener
instanceKlass org/gradle/problems/buildtree/ProblemReporter
instanceKlass org/gradle/api/internal/tasks/testing/TestingBasePluginServices$TestingBuildTreeScopeServices
instanceKlass org/gradle/api/internal/artifacts/ivyservice/resolveengine/artifact/ArtifactSet
instanceKlass org/gradle/api/internal/artifacts/ivyservice/resolveengine/excludes/specs/ExcludeSpec
instanceKlass org/gradle/api/internal/artifacts/ivyservice/resolveengine/artifact/VariantArtifactSetCache
instanceKlass org/gradle/internal/resolve/resolver/ResolvedVariantCache
instanceKlass org/gradle/internal/component/local/model/LocalVariantGraphResolveMetadata
instanceKlass org/gradle/internal/component/model/VariantGraphResolveMetadata
instanceKlass org/gradle/internal/component/model/VariantIdentifier
instanceKlass org/gradle/api/internal/artifacts/configurations/ConfigurationInternal$VariantVisitor
instanceKlass org/gradle/api/artifacts/Configuration
instanceKlass org/gradle/api/attributes/HasConfigurableAttributes
instanceKlass org/gradle/api/internal/artifacts/ivyservice/moduleconverter/dependencies/DefaultLocalVariantGraphResolveStateBuilder
instanceKlass org/gradle/api/internal/artifacts/ivyservice/projectmodule/DefaultProjectPublicationRegistry
instanceKlass org/gradle/api/internal/artifacts/ivyservice/projectmodule/ProjectPublicationRegistry
instanceKlass org/gradle/api/internal/artifacts/ivyservice/ivyresolve/ConnectionFailureRepositoryDisabler
instanceKlass org/gradle/api/internal/artifacts/ivyservice/ivyresolve/RepositoryDisabler
instanceKlass org/gradle/api/internal/artifacts/ivyservice/resolveengine/result/AdhocHandlingComponentResultSerializer
instanceKlass org/gradle/api/internal/artifacts/ivyservice/resolveengine/result/ThisBuildTreeOnlyComponentResultSerializer
instanceKlass org/gradle/api/internal/artifacts/ivyservice/resolveengine/result/CompleteComponentResultSerializer
instanceKlass org/gradle/api/internal/artifacts/ivyservice/resolveengine/result/ComponentResultSerializer
instanceKlass org/gradle/internal/component/external/model/ExternalModuleComponentGraphResolveMetadata
instanceKlass org/gradle/internal/component/model/ComponentGraphResolveMetadata
instanceKlass org/gradle/internal/component/external/model/ExternalComponentResolveMetadata
instanceKlass org/gradle/internal/component/external/model/ExternalModuleComponentGraphResolveState
instanceKlass org/gradle/internal/component/external/model/ModuleComponentGraphResolveStateFactory
instanceKlass org/gradle/api/internal/artifacts/ivyservice/moduleconverter/dependencies/LocalVariantGraphResolveStateBuilder
instanceKlass org/gradle/internal/component/local/model/LocalVariantGraphResolveState
instanceKlass org/gradle/internal/component/model/VariantGraphResolveState
instanceKlass org/gradle/api/internal/attributes/matching/AttributeMatchingCandidate
instanceKlass org/gradle/internal/component/local/model/LocalComponentGraphResolveState
instanceKlass org/gradle/internal/component/model/ComponentGraphResolveState
instanceKlass org/gradle/internal/component/local/model/LocalVariantGraphResolveStateFactory
instanceKlass org/gradle/internal/component/local/model/LocalComponentGraphResolveStateFactory
instanceKlass org/gradle/internal/component/model/ComponentIdGenerator
instanceKlass org/gradle/api/artifacts/component/ProjectComponentSelector
instanceKlass org/gradle/api/internal/attributes/AttributeDesugaring
instanceKlass org/gradle/internal/id/ConfigurationCacheableIdFactory
instanceKlass org/gradle/api/internal/artifacts/transform/TransformStepNodeFactory
instanceKlass org/gradle/api/internal/project/ProjectStateRegistry
instanceKlass org/gradle/api/internal/artifacts/ivyservice/resolveengine/artifact/ResolvableArtifact
instanceKlass org/gradle/api/internal/artifacts/ivyservice/projectmodule/ProjectArtifactResolver
instanceKlass org/gradle/api/internal/project/HoldsProjectState
instanceKlass org/gradle/internal/resolve/resolver/ArtifactResolver
instanceKlass org/gradle/api/internal/artifacts/ivyservice/modulecache/ModuleRepositoryCacheProvider
instanceKlass org/gradle/api/internal/artifacts/ivyservice/modulecache/FileStoreAndIndexProvider
instanceKlass org/gradle/api/internal/artifacts/ivyservice/ivyresolve/StartParameterResolutionOverride
instanceKlass org/gradle/internal/resource/cached/DefaultExternalResourceFileStore$Factory
instanceKlass org/gradle/internal/resource/local/GroupedAndNamedUniqueFileStore
instanceKlass org/gradle/api/internal/filestore/DefaultArtifactIdentifierFileStore$Factory
instanceKlass org/gradle/api/internal/artifacts/ivyservice/resolveengine/store/ResolutionResultsStoreFactory
instanceKlass org/gradle/api/internal/artifacts/ivyservice/modulecache/ModuleRepositoryCaches
instanceKlass org/gradle/api/internal/artifacts/ivyservice/modulecache/ModuleSourcesSerializer
instanceKlass org/gradle/internal/resource/cached/AbstractCachedIndex
instanceKlass org/gradle/util/internal/BuildCommencedTimeProvider
instanceKlass org/gradle/util/internal/SimpleMapInterner
instanceKlass org/gradle/internal/resource/cached/ExternalResourceFileStore
instanceKlass org/gradle/internal/resource/cached/CachedExternalResourceIndex
instanceKlass org/gradle/api/internal/filestore/ArtifactIdentifierFileStore
instanceKlass org/gradle/internal/resource/local/FileStoreSearcher
instanceKlass org/gradle/internal/resource/local/FileStore
instanceKlass org/gradle/api/internal/artifacts/ivyservice/modulecache/dynamicversions/AbstractModuleVersionsCache
instanceKlass org/gradle/api/internal/artifacts/ivyservice/modulecache/dynamicversions/ModuleVersionsCache
instanceKlass org/gradle/api/internal/artifacts/ivyservice/modulecache/AbstractModuleMetadataCache
instanceKlass org/gradle/api/internal/artifacts/ivyservice/modulecache/ModuleMetadataCache
instanceKlass org/gradle/api/internal/artifacts/ivyservice/modulecache/artifacts/AbstractArtifactsCache
instanceKlass org/gradle/api/internal/artifacts/ivyservice/modulecache/artifacts/ModuleArtifactsCache
instanceKlass org/gradle/api/internal/artifacts/ivyservice/modulecache/artifacts/ModuleArtifactCache
instanceKlass org/gradle/api/internal/artifacts/DependencyManagementBuildTreeScopeServices
instanceKlass org/gradle/api/internal/artifacts/ivyservice/resolveengine/artifact/ResolvedArtifactSet
instanceKlass org/gradle/api/internal/artifacts/ivyservice/resolveengine/artifact/SelectedArtifactSet
instanceKlass org/gradle/api/internal/artifacts/configurations/ResolutionHost
instanceKlass org/gradle/api/internal/artifacts/ivyservice/resolveengine/artifact/ArtifactSetToFileCollectionFactory
instanceKlass org/gradle/api/problems/internal/InternalProblems
instanceKlass org/gradle/api/problems/Problems
instanceKlass org/gradle/internal/build/BuildStateRegistry
instanceKlass org/gradle/internal/instrumentation/reporting/PropertyUpgradeReportConfig
instanceKlass org/gradle/initialization/Environment
instanceKlass org/gradle/execution/TaskSelector
instanceKlass org/gradle/execution/selection/BuildTaskSelector
instanceKlass org/gradle/initialization/properties/SystemPropertiesInstaller
instanceKlass org/gradle/api/internal/properties/GradlePropertiesController
instanceKlass org/gradle/initialization/properties/GradlePropertiesLoader
instanceKlass org/gradle/internal/instrumentation/reporting/MethodInterceptionReportCollector
instanceKlass org/gradle/internal/buildoption/FeatureFlags
instanceKlass org/gradle/internal/buildtree/BuildTreeScopeServices
instanceKlass org/gradle/internal/buildtree/BuildTreeState
instanceKlass org/gradle/internal/id/UniqueId$1
instanceKlass com/google/common/base/Ascii
instanceKlass com/google/common/io/BaseEncoding$Alphabet
instanceKlass com/google/common/io/BaseEncoding
instanceKlass org/gradle/internal/id/UniqueId
instanceKlass org/gradle/internal/cc/impl/DefaultBuildTreeModelControllerServices$servicesForBuildTree$1
instanceKlass org/gradle/internal/buildtree/BuildTreeModelControllerServices$Supplier
instanceKlass  @bci org/gradle/api/internal/configuration/DefaultBuildFeatures <init> (Lorg/gradle/api/internal/StartParameterInternal;Lorg/gradle/internal/buildtree/BuildModelParameters;)V 29 <appendix> member <vmtarget> ; # org/gradle/api/internal/configuration/DefaultBuildFeatures$$Lambda+0x000002b54c291108
instanceKlass  @bci org/gradle/api/internal/configuration/DefaultBuildFeatures <init> (Lorg/gradle/api/internal/StartParameterInternal;Lorg/gradle/internal/buildtree/BuildModelParameters;)V 10 <appendix> member <vmtarget> ; # org/gradle/api/internal/configuration/DefaultBuildFeatures$$Lambda+0x000002b54c290ee0
instanceKlass  @bci org/gradle/internal/lazy/Lazy atomic ()Lorg/gradle/internal/lazy/Lazy$Factory; 0 <appendix> argL0 ; # org/gradle/internal/lazy/Lazy$$Lambda+0x000002b54c290cc0
instanceKlass org/gradle/internal/lazy/AtomicLazy
instanceKlass org/gradle/api/configuration/BuildFeature
instanceKlass org/gradle/api/internal/configuration/DefaultBuildFeatures
instanceKlass org/gradle/api/configuration/BuildFeatures
instanceKlass org/gradle/internal/cc/impl/ConfigurationCacheLoggingParameters
instanceKlass org/gradle/internal/cc/buildtree/DefaultBuildModelParameters
instanceKlass org/gradle/internal/buildtree/BuildModelParameters
instanceKlass kotlin/collections/ArraysUtilJVM
instanceKlass kotlin/collections/ArraysKt__ArraysJVMKt
instanceKlass kotlin/collections/CollectionsKt__CollectionsJVMKt
instanceKlass kotlin/collections/MapsKt__MapWithDefaultKt
instanceKlass kotlin/TuplesKt
instanceKlass kotlin/Pair
instanceKlass org/gradle/internal/cc/buildtree/InvocationScenarioParameter$Companion
instanceKlass kotlin/collections/AbstractList$Companion
instanceKlass kotlin/collections/AbstractCollection
instanceKlass kotlin/enums/EnumEntries
instanceKlass kotlin/jvm/internal/markers/KMappedMarker
instanceKlass kotlin/enums/EnumEntriesKt
instanceKlass org/gradle/internal/cc/buildtree/BuildModelParametersProvider
instanceKlass  @bci org/gradle/launcher/exec/BuildTreeLifecycleBuildActionExecutor payloadHashProvider (Ljava/lang/Object;)Ljava/util/function/Supplier; 7 <appendix> member <vmtarget> ; # org/gradle/launcher/exec/BuildTreeLifecycleBuildActionExecutor$$Lambda+0x000002b54c286f08
instanceKlass org/gradle/launcher/exec/AbstractToolingModelRequirements
instanceKlass org/gradle/internal/logging/sink/ProgressLogEventGenerator$Operation
instanceKlass org/gradle/internal/logging/progress/DefaultProgressLoggerFactory$ProgressLoggerImpl
instanceKlass org/gradle/internal/operations/notify/BuildOperationNotificationBridge$Started
instanceKlass org/gradle/internal/operations/OperationStartEvent
instanceKlass org/gradle/internal/operations/DefaultBuildOperationRunner$DefaultBuildOperationContext
instanceKlass org/gradle/internal/operations/BuildOperationProgressEventListenerAdapter
instanceKlass org/gradle/internal/operations/DefaultBuildOperationRunner$BuildOperationTrackingListener
instanceKlass org/gradle/internal/operations/BuildOperationState
instanceKlass org/gradle/internal/operations/BuildOperationRef
instanceKlass org/gradle/internal/operations/OperationIdentifier
instanceKlass org/gradle/internal/operations/DefaultBuildOperationRunner$2
instanceKlass org/gradle/internal/operations/BuildOperationMetadata$1
instanceKlass org/gradle/internal/operations/BuildOperationDescriptor$Builder
instanceKlass org/gradle/internal/operations/BuildOperationDescriptor
instanceKlass org/gradle/internal/operations/DefaultBuildOperationRunner$CallableBuildOperationWorker
instanceKlass org/gradle/launcher/exec/RunAsBuildOperationBuildActionExecutor$2
instanceKlass org/gradle/internal/operations/notify/BuildOperationFinishedNotification
instanceKlass org/gradle/internal/operations/notify/BuildOperationStartedNotification
instanceKlass org/gradle/internal/operations/notify/BuildOperationProgressNotification
instanceKlass org/gradle/internal/operations/notify/BuildOperationNotificationBridge$Adapter
instanceKlass org/gradle/internal/operations/notify/BuildOperationNotificationBridge$RecordingListener
instanceKlass org/gradle/internal/operations/notify/BuildOperationNotificationBridge$ReplayAndAttachListener
instanceKlass org/gradle/internal/operations/notify/BuildOperationNotificationListener
instanceKlass org/gradle/internal/operations/notify/BuildOperationNotificationBridge$State
instanceKlass  @bci org/gradle/internal/work/DefaultWorkerLeaseService withLocksAcquired (Ljava/util/Collection;Lorg/gradle/internal/Factory;)Ljava/lang/Object; 16 <appendix> member <vmtarget> ; # org/gradle/internal/work/DefaultWorkerLeaseService$$Lambda+0x000002b54c282a00
instanceKlass org/gradle/internal/resources/DefaultResourceLockCoordinationService$AcquireLocks
instanceKlass org/gradle/internal/resources/DefaultResourceLockCoordinationService$1
instanceKlass org/gradle/internal/resources/DefaultResourceLockCoordinationService$DefaultResourceLockState
instanceKlass  @bci org/gradle/internal/resources/DefaultResourceLockCoordinationService withStateLock (Ljava/lang/Runnable;)V 2 <appendix> member <vmtarget> ; # org/gradle/internal/resources/DefaultResourceLockCoordinationService$$Lambda+0x000002b54c2820f8
instanceKlass org/gradle/internal/work/DefaultWorkerLeaseService$2
instanceKlass org/gradle/internal/resources/AbstractTrackedResourceLock
instanceKlass org/gradle/internal/resources/AbstractResourceLockRegistry$ThreadLockDetails
instanceKlass  @bci org/gradle/launcher/exec/RunAsWorkerThreadBuildActionExecutor execute (Lorg/gradle/internal/invocation/BuildAction;Lorg/gradle/internal/session/BuildSessionContext;)Lorg/gradle/internal/buildtree/BuildActionRunner$Result; 7 <appendix> member <vmtarget> ; # org/gradle/launcher/exec/RunAsWorkerThreadBuildActionExecutor$$Lambda+0x000002b54c281038
instanceKlass org/gradle/internal/buildtree/BuildActionRunner$Result
instanceKlass org/gradle/internal/buildtree/BuildActionModelRequirements
instanceKlass org/gradle/launcher/exec/BuildTreeLifecycleBuildActionExecutor
instanceKlass org/gradle/launcher/exec/RunAsBuildOperationBuildActionExecutor$1
instanceKlass org/gradle/launcher/exec/RunBuildBuildOperationType$Details
instanceKlass org/gradle/launcher/exec/RunAsBuildOperationBuildActionExecutor
instanceKlass org/gradle/launcher/exec/RunAsWorkerThreadBuildActionExecutor
instanceKlass org/gradle/execution/CancellableOperationManager
instanceKlass org/gradle/tooling/internal/provider/continuous/ContinuousBuildActionExecutor
instanceKlass org/gradle/tooling/internal/provider/SubscribableBuildActionExecutor
# instanceKlass java/lang/invoke/LambdaForm$MH+0x000002b54c27f400
# instanceKlass java/lang/invoke/LambdaForm$MH+0x000002b54c27f000
# instanceKlass java/lang/invoke/LambdaForm$DMH+0x000002b54c27ec00
# instanceKlass java/lang/invoke/LambdaForm$MH+0x000002b54c27e800
# instanceKlass java/lang/invoke/LambdaForm$DMH+0x000002b54c27e400
# instanceKlass java/lang/invoke/LambdaForm$MH+0x000002b54c27e000
# instanceKlass java/lang/invoke/LambdaForm$DMH+0x000002b54c27dc00
# instanceKlass java/lang/invoke/LambdaForm$MH+0x000002b54c27d800
# instanceKlass java/lang/invoke/LambdaForm$DMH+0x000002b54c27d400
# instanceKlass java/lang/invoke/LambdaForm$MH+0x000002b54c27d000
# instanceKlass java/lang/invoke/LambdaForm$DMH+0x000002b54c27cc00
# instanceKlass java/lang/invoke/LambdaForm$MH+0x000002b54c27c800
# instanceKlass java/lang/invoke/LambdaForm$DMH+0x000002b54c27c400
# instanceKlass java/lang/invoke/LambdaForm$MH+0x000002b54c27c000
# instanceKlass java/lang/invoke/LambdaForm$DMH+0x000002b54c27bc00
# instanceKlass java/lang/invoke/LambdaForm$MH+0x000002b54c27b800
# instanceKlass java/lang/invoke/LambdaForm$DMH+0x000002b54c27b400
# instanceKlass java/lang/invoke/LambdaForm$MH+0x000002b54c27b000
# instanceKlass java/lang/invoke/LambdaForm$DMH+0x000002b54c27ac00
# instanceKlass java/lang/invoke/LambdaForm$MH+0x000002b54c27a800
# instanceKlass java/lang/invoke/LambdaForm$DMH+0x000002b54c27a400
# instanceKlass java/lang/invoke/LambdaForm$MH+0x000002b54c27a000
# instanceKlass java/lang/invoke/LambdaForm$MH+0x000002b54c279c00
# instanceKlass java/lang/invoke/LambdaForm$MH+0x000002b54c279800
# instanceKlass java/lang/invoke/LambdaForm$MH+0x000002b54c279400
# instanceKlass java/lang/invoke/LambdaForm$MH+0x000002b54c279000
# instanceKlass java/lang/invoke/LambdaForm$MH+0x000002b54c278c00
# instanceKlass java/lang/invoke/LambdaForm$MH+0x000002b54c278800
# instanceKlass java/lang/invoke/LambdaForm$MH+0x000002b54c278400
# instanceKlass java/lang/invoke/LambdaForm$MH+0x000002b54c278000
# instanceKlass java/lang/invoke/LambdaForm$MH+0x000002b54c273c00
# instanceKlass java/lang/invoke/LambdaForm$MH+0x000002b54c273800
# instanceKlass java/lang/invoke/LambdaForm$MH+0x000002b54c273400
# instanceKlass java/lang/invoke/LambdaForm$BMH+0x000002b54c273000
# instanceKlass java/lang/invoke/LambdaForm$DMH+0x000002b54c272c00
# instanceKlass java/lang/invoke/LambdaForm$DMH+0x000002b54c272800
instanceKlass org/gradle/internal/snapshot/ValueSnapshot
instanceKlass org/gradle/internal/snapshot/impl/DefaultValueSnapshotter$ValueSnapshotVisitor
# instanceKlass java/lang/invoke/LambdaForm$MH+0x000002b54c272400
# instanceKlass java/lang/invoke/LambdaForm$MH+0x000002b54c272000
# instanceKlass java/lang/invoke/LambdaForm$MH+0x000002b54c271c00
# instanceKlass java/lang/invoke/LambdaForm$MH+0x000002b54c271800
instanceKlass org/gradle/internal/resources/LeaseHolder
instanceKlass org/gradle/internal/resources/LockCache
instanceKlass org/gradle/internal/resources/AbstractResourceLockRegistry
instanceKlass org/gradle/internal/resources/ResourceLockContainer
instanceKlass org/gradle/internal/resources/ResourceLockRegistry
instanceKlass org/gradle/internal/work/DefaultWorkerLeaseService$Registries
instanceKlass org/gradle/internal/work/ResourceLockStatistics$1
instanceKlass org/gradle/internal/work/DefaultWorkerLimits
instanceKlass org/gradle/internal/InternalBuildListener
instanceKlass org/gradle/internal/InternalListener
instanceKlass org/gradle/internal/operations/notify/BuildOperationNotificationBridge$1
instanceKlass org/gradle/internal/operations/DefaultBuildOperationProgressEventEmitter
# instanceKlass java/lang/invoke/LambdaForm$MH+0x000002b54c271400
# instanceKlass java/lang/invoke/LambdaForm$MH+0x000002b54c271000
# instanceKlass java/lang/invoke/LambdaForm$MH+0x000002b54c270c00
# instanceKlass java/lang/invoke/LambdaForm$MH+0x000002b54c270800
instanceKlass org/gradle/deployment/internal/DefaultDeploymentRegistry$PendingChanges
instanceKlass org/gradle/deployment/internal/ContinuousExecutionGate$GateKeeper
instanceKlass org/gradle/deployment/internal/DefaultContinuousExecutionGate
instanceKlass org/gradle/deployment/internal/ContinuousExecutionGate
# instanceKlass java/lang/invoke/LambdaForm$MH+0x000002b54c270400
# instanceKlass java/lang/invoke/LambdaForm$MH+0x000002b54c270000
# instanceKlass java/lang/invoke/LambdaForm$MH+0x000002b54c269400
instanceKlass org/gradle/internal/execution/WorkInputListener
instanceKlass org/gradle/internal/service/scopes/DefaultWorkInputListeners
instanceKlass org/gradle/internal/operations/DefaultBuildOperationListenerManager$ProgressShieldingBuildOperationListener
instanceKlass  @bci org/gradle/internal/operations/DefaultBuildOperationListenerManager addListener (Lorg/gradle/internal/operations/BuildOperationListener;)V 5 <appendix> member <vmtarget> ; # org/gradle/internal/operations/DefaultBuildOperationListenerManager$$Lambda+0x000002b54c26b508
instanceKlass java/util/function/UnaryOperator
instanceKlass org/gradle/internal/operations/DefaultBuildOperationAncestryTracker
instanceKlass  @bci org/gradle/api/internal/artifacts/DependencyManagementValueSnapshotterSerializerRegistry <init> (Lorg/gradle/api/internal/artifacts/ImmutableModuleIdentifierFactory;Lorg/gradle/api/internal/attributes/AttributesFactory;Lorg/gradle/api/internal/model/NamedObjectInstantiator;Lorg/gradle/api/internal/artifacts/ivyservice/resolveengine/result/ComponentSelectionDescriptorFactory;)V 251 <appendix> member <vmtarget> ; # org/gradle/api/internal/artifacts/DependencyManagementValueSnapshotterSerializerRegistry$$Lambda+0x000002b54c269a50
instanceKlass org/gradle/api/internal/artifacts/ivyservice/resolveengine/result/ComponentSelectionReasonSerializer
instanceKlass org/gradle/api/internal/artifacts/ivyservice/resolveengine/result/ComponentSelectionDescriptorSerializer
instanceKlass  @bci org/gradle/api/internal/artifacts/DependencyManagementValueSnapshotterSerializerRegistry <init> (Lorg/gradle/api/internal/artifacts/ImmutableModuleIdentifierFactory;Lorg/gradle/api/internal/attributes/AttributesFactory;Lorg/gradle/api/internal/model/NamedObjectInstantiator;Lorg/gradle/api/internal/artifacts/ivyservice/resolveengine/result/ComponentSelectionDescriptorFactory;)V 188 <appendix> member <vmtarget> ; # org/gradle/api/internal/artifacts/DependencyManagementValueSnapshotterSerializerRegistry$$Lambda+0x000002b54c26f970
instanceKlass org/gradle/internal/component/external/model/DefaultModuleComponentIdentifier
instanceKlass org/gradle/api/artifacts/component/ModuleComponentIdentifier
instanceKlass org/gradle/api/internal/artifacts/metadata/TransformedComponentFileArtifactIdentifierSerializer
instanceKlass org/gradle/internal/component/local/model/TransformedComponentFileArtifactIdentifier
instanceKlass org/gradle/api/internal/artifacts/metadata/ComponentFileArtifactIdentifierSerializer
instanceKlass org/gradle/api/internal/artifacts/metadata/ModuleComponentFileArtifactIdentifierSerializer
instanceKlass org/gradle/api/internal/artifacts/metadata/ComponentArtifactIdentifierSerializer
instanceKlass org/gradle/api/internal/artifacts/DependencyManagementValueSnapshotterSerializerRegistry$OpaqueComponentArtifactIdentifierSerializer
instanceKlass org/gradle/api/artifacts/PublishArtifact
instanceKlass org/gradle/api/internal/artifacts/metadata/PublishArtifactLocalArtifactMetadataSerializer
instanceKlass org/gradle/api/internal/artifacts/ivyservice/resolveengine/result/CapabilitySerializer
instanceKlass org/gradle/api/artifacts/VersionConstraint
instanceKlass org/gradle/api/internal/artifacts/ModuleComponentSelectorSerializer
instanceKlass org/gradle/api/internal/artifacts/ModuleVersionIdentifierSerializer
instanceKlass org/gradle/internal/resolve/caching/DesugaringAttributeContainerSerializer
instanceKlass org/gradle/api/artifacts/capability/CapabilitySelector
instanceKlass org/gradle/api/internal/capabilities/ImmutableCapability
instanceKlass org/gradle/api/internal/capabilities/CapabilityInternal
instanceKlass org/gradle/api/internal/artifacts/capability/CapabilitySelectorSerializer
instanceKlass org/gradle/api/artifacts/result/ResolvedComponentResult
instanceKlass org/gradle/api/artifacts/result/ComponentResult
instanceKlass org/gradle/api/artifacts/component/ComponentSelector
instanceKlass org/gradle/api/artifacts/result/ComponentSelectionReason
instanceKlass org/gradle/api/artifacts/result/ResolvedVariantResult
instanceKlass org/gradle/internal/component/local/model/ComponentFileArtifactIdentifier
instanceKlass org/gradle/internal/component/external/model/DefaultModuleComponentArtifactIdentifier
instanceKlass org/gradle/internal/component/external/model/ModuleComponentArtifactIdentifier
instanceKlass org/gradle/internal/component/local/model/OpaqueComponentArtifactIdentifier
instanceKlass org/gradle/api/artifacts/component/ComponentIdentifier
instanceKlass org/gradle/internal/component/local/model/PublishArtifactLocalArtifactMetadata
instanceKlass org/gradle/api/artifacts/component/ComponentArtifactIdentifier
instanceKlass org/gradle/internal/component/local/model/LocalComponentArtifactMetadata
instanceKlass org/gradle/internal/component/model/ComponentArtifactMetadata
instanceKlass org/gradle/api/artifacts/ModuleVersionIdentifier
instanceKlass org/gradle/api/capabilities/Capability
# instanceKlass java/lang/invoke/LambdaForm$MH+0x000002b54c269000
# instanceKlass java/lang/invoke/LambdaForm$MH+0x000002b54c268c00
# instanceKlass java/lang/invoke/LambdaForm$MH+0x000002b54c268800
# instanceKlass java/lang/invoke/LambdaForm$MH+0x000002b54c268400
# instanceKlass java/lang/invoke/LambdaForm$MH+0x000002b54c268000
# instanceKlass java/lang/invoke/LambdaForm$MH+0x000002b54c262c00
instanceKlass org/gradle/api/artifacts/result/ComponentSelectionDescriptor
instanceKlass org/gradle/api/internal/artifacts/ivyservice/resolveengine/result/CachingComponentSelectionDescriptorFactory
instanceKlass org/gradle/api/internal/attributes/UsageCompatibilityHandler
# instanceKlass java/lang/invoke/LambdaForm$MH+0x000002b54c262800
instanceKlass org/gradle/api/internal/attributes/AbstractAttributeContainer
instanceKlass org/gradle/internal/snapshot/impl/DefaultIsolatableFactory$IsolatableVisitor
instanceKlass org/gradle/internal/snapshot/impl/AbstractValueProcessor$ValueVisitor
instanceKlass org/gradle/internal/snapshot/impl/AbstractValueProcessor
instanceKlass com/google/common/cache/LocalCache$StrongValueReference
instanceKlass org/gradle/api/internal/provider/ManagedFactories$ProviderManagedFactory
instanceKlass org/gradle/api/internal/provider/ManagedFactories$PropertyManagedFactory
instanceKlass org/gradle/api/internal/provider/ManagedFactories$MapPropertyManagedFactory
instanceKlass org/gradle/api/internal/provider/ManagedFactories$ListPropertyManagedFactory
instanceKlass org/gradle/api/internal/provider/CollectionPropertyInternal
instanceKlass org/gradle/api/internal/provider/CollectionProviderInternal
instanceKlass org/gradle/api/internal/provider/ManagedFactories$SetPropertyManagedFactory
instanceKlass org/gradle/api/internal/file/ManagedFactories$DirectoryPropertyManagedFactory
instanceKlass org/gradle/api/internal/file/ManagedFactories$DirectoryManagedFactory
instanceKlass org/gradle/api/internal/file/ManagedFactories$RegularFilePropertyManagedFactory
instanceKlass org/gradle/api/internal/file/ManagedFactories$RegularFileManagedFactory
instanceKlass org/gradle/api/internal/file/collections/ManagedFactories$ConfigurableFileCollectionManagedFactory
instanceKlass org/gradle/internal/state/DefaultManagedFactoryRegistry
# instanceKlass java/lang/invoke/LambdaForm$MH+0x000002b54c262400
# instanceKlass java/lang/invoke/LambdaForm$MH+0x000002b54c262000
# instanceKlass java/lang/invoke/LambdaForm$MH+0x000002b54c261c00
# instanceKlass java/lang/invoke/LambdaForm$MH+0x000002b54c261800
# instanceKlass java/lang/invoke/LambdaForm$MH+0x000002b54c261400
# instanceKlass java/lang/invoke/LambdaForm$MH+0x000002b54c261000
# instanceKlass java/lang/invoke/LambdaForm$MH+0x000002b54c260c00
instanceKlass org/gradle/internal/classloader/ConfigurableClassLoaderHierarchyHasher
instanceKlass org/gradle/api/internal/initialization/loadercache/DefaultClasspathHasher
# instanceKlass java/lang/invoke/LambdaForm$MH+0x000002b54c260800
# instanceKlass java/lang/invoke/LambdaForm$MH+0x000002b54c260400
# instanceKlass java/lang/invoke/LambdaForm$MH+0x000002b54c260000
instanceKlass  @bci org/gradle/api/internal/changedetection/state/PropertiesFileAwareClasspathResourceHasher appendConfigurationToHasher (Lorg/gradle/internal/hash/Hasher;)V 48 <appendix> member <vmtarget> ; # org/gradle/api/internal/changedetection/state/PropertiesFileAwareClasspathResourceHasher$$Lambda+0x000002b54c25d2b8
instanceKlass  @bci org/gradle/api/internal/changedetection/state/PropertiesFileAwareClasspathResourceHasher appendConfigurationToHasher (Lorg/gradle/internal/hash/Hasher;)V 28 <appendix> member <vmtarget> ; # org/gradle/api/internal/changedetection/state/PropertiesFileAwareClasspathResourceHasher$$Lambda+0x000002b54c25d080
instanceKlass org/gradle/internal/fingerprint/impl/EmptyCurrentFileCollectionFingerprint
instanceKlass  @bci org/gradle/api/internal/changedetection/state/ZipHasher <init> (Lorg/gradle/internal/fingerprint/hashing/ResourceHasher;)V 10 <appendix> argL0 ; # org/gradle/api/internal/changedetection/state/ZipHasher$$Lambda+0x000002b54c25c2c8
instanceKlass org/gradle/internal/snapshot/AbstractFileSystemLocationSnapshot
instanceKlass org/gradle/internal/snapshot/FileSystemLeafSnapshot
instanceKlass org/gradle/api/internal/changedetection/state/ZipHasher$HashingExceptionReporter
instanceKlass org/gradle/internal/fingerprint/hashing/ZipEntryContext
instanceKlass org/gradle/api/internal/file/archive/ZipInput
instanceKlass org/gradle/api/internal/changedetection/state/ZipHasher
instanceKlass org/gradle/api/internal/changedetection/state/IgnoringResourceHasher
instanceKlass  @bci org/gradle/api/internal/changedetection/state/PropertiesFileAwareClasspathResourceHasher <init> (Lorg/gradle/internal/fingerprint/hashing/ResourceHasher;Ljava/util/Map;)V 18 <appendix> member <vmtarget> ; # org/gradle/api/internal/changedetection/state/PropertiesFileAwareClasspathResourceHasher$$Lambda+0x000002b54c25a8b0
instanceKlass org/gradle/api/internal/changedetection/state/LineEndingNormalizingResourceHasher$1
instanceKlass org/gradle/api/internal/file/archive/ZipEntry
instanceKlass org/gradle/api/internal/changedetection/state/FallbackHandlingResourceHasher
instanceKlass org/gradle/internal/snapshot/RelativePathTrackingFileSystemSnapshotHierarchyVisitor
instanceKlass org/gradle/internal/fingerprint/CurrentFileCollectionFingerprint
instanceKlass org/gradle/internal/fingerprint/FileCollectionFingerprint
instanceKlass org/gradle/internal/fingerprint/impl/AbstractFingerprintingStrategy
instanceKlass org/gradle/api/internal/changedetection/state/RuntimeClasspathResourceHasher
instanceKlass org/gradle/api/internal/changedetection/state/PropertiesFileFilter
instanceKlass org/gradle/api/internal/changedetection/state/ResourceEntryFilter$1
instanceKlass org/gradle/api/internal/changedetection/state/ResourceEntryFilter
instanceKlass org/gradle/api/internal/changedetection/state/ResourceFilter$1
instanceKlass org/gradle/api/internal/changedetection/state/ResourceFilter
instanceKlass org/gradle/internal/fingerprint/FingerprintingStrategy
instanceKlass org/gradle/internal/fingerprint/impl/AbstractFileCollectionFingerprinter
instanceKlass org/gradle/api/internal/changedetection/state/CachingResourceHasher
instanceKlass org/gradle/internal/fingerprint/hashing/ResourceHasher
instanceKlass org/gradle/internal/fingerprint/hashing/ZipEntryContextHasher
instanceKlass org/gradle/internal/fingerprint/hashing/RegularFileSnapshotContextHasher
instanceKlass org/gradle/internal/fingerprint/hashing/ConfigurableNormalizer
instanceKlass org/gradle/api/internal/changedetection/state/DefaultResourceSnapshotterCacheService
instanceKlass org/gradle/api/internal/file/FileCollectionStructureVisitor
instanceKlass org/gradle/internal/fingerprint/impl/DefaultFileCollectionSnapshotter
instanceKlass  @bci java/util/function/Predicate or (Ljava/util/function/Predicate;)Ljava/util/function/Predicate; 7 <appendix> member <vmtarget> ; # java/util/function/Predicate$$Lambda+0x000002b54c17d2e8
instanceKlass  @bci org/gradle/internal/snapshot/impl/DirectorySnapshotter$DefaultExcludes <init> (Ljava/util/Collection;)V 249 <appendix> argL0 ; # org/gradle/internal/snapshot/impl/DirectorySnapshotter$DefaultExcludes$$Lambda+0x000002b54c253d38
instanceKlass  @bci org/gradle/internal/snapshot/impl/DirectorySnapshotter$DefaultExcludes <init> (Ljava/util/Collection;)V 244 <appendix> argL0 ; # org/gradle/internal/snapshot/impl/DirectorySnapshotter$DefaultExcludes$$Lambda+0x000002b54c253ae8
instanceKlass  @bci org/gradle/internal/snapshot/impl/DirectorySnapshotter$DefaultExcludes <init> (Ljava/util/Collection;)V 146 <appendix> argL0 ; # org/gradle/internal/snapshot/impl/DirectorySnapshotter$DefaultExcludes$$Lambda+0x000002b54c253898
instanceKlass  @bci org/gradle/internal/snapshot/impl/DirectorySnapshotter$DefaultExcludes <init> (Ljava/util/Collection;)V 180 <appendix> argL0 ; # org/gradle/internal/snapshot/impl/DirectorySnapshotter$DefaultExcludes$$Lambda+0x000002b54c253648
instanceKlass  @bci java/util/function/Predicate and (Ljava/util/function/Predicate;)Ljava/util/function/Predicate; 7 <appendix> member <vmtarget> ; # java/util/function/Predicate$$Lambda+0x000002b54c17caf0
instanceKlass  @cpi java/util/function/Predicate 72 form vmentry <vmtarget> ; # java/lang/invoke/LambdaForm$DMH+0x000002b54c256000
instanceKlass org/gradle/internal/snapshot/impl/DirectorySnapshotter$DefaultExcludes$EndMatcher
instanceKlass org/gradle/internal/snapshot/impl/DirectorySnapshotter$DefaultExcludes$StartMatcher
instanceKlass org/gradle/internal/snapshot/impl/DirectorySnapshotter$DefaultExcludes
instanceKlass org/gradle/internal/snapshot/impl/DirectorySnapshotter$1
instanceKlass org/gradle/internal/snapshot/impl/DirectorySnapshotter$SymbolicLinkMapping
instanceKlass org/gradle/internal/snapshot/impl/DirectorySnapshotter
instanceKlass  @bci com/google/common/util/concurrent/Striped lock (I)Lcom/google/common/util/concurrent/Striped; 1 <appendix> argL0 ; # com/google/common/util/concurrent/Striped$$Lambda+0x000002b54c2526c0
instanceKlass java/util/concurrent/Semaphore
instanceKlass com/google/common/util/concurrent/Striped
instanceKlass org/gradle/internal/vfs/impl/DefaultFileSystemAccess$StripedProducerGuard
instanceKlass org/gradle/internal/snapshot/FileSystemLocationSnapshot
instanceKlass org/gradle/internal/vfs/impl/DefaultFileSystemAccess
# instanceKlass java/lang/invoke/LambdaForm$MH+0x000002b54c255c00
# instanceKlass java/lang/invoke/LambdaForm$MH+0x000002b54c255800
# instanceKlass java/lang/invoke/LambdaForm$MH+0x000002b54c255400
# instanceKlass java/lang/invoke/LambdaForm$MH+0x000002b54c255000
# instanceKlass java/lang/invoke/LambdaForm$MH+0x000002b54c254c00
# instanceKlass java/lang/invoke/LambdaForm$MH+0x000002b54c254800
# instanceKlass java/lang/invoke/LambdaForm$MH+0x000002b54c254400
# instanceKlass java/lang/invoke/LambdaForm$MH+0x000002b54c254000
instanceKlass org/gradle/internal/snapshot/impl/DirectorySnapshotterStatistics
instanceKlass  @bci org/gradle/internal/service/scopes/VirtualFileSystemServices$GradleUserHomeServices createVirtualFileSystem (Lorg/gradle/internal/watch/vfs/impl/FileWatchingFilter;Lorg/gradle/api/internal/DocumentationRegistry;Lorg/gradle/internal/nativeintegration/NativeCapabilities;Lorg/gradle/internal/event/ListenerManager;Lorg/gradle/internal/watch/vfs/FileChangeListeners;Lorg/gradle/internal/nativeintegration/services/NativeServices$FileEventFunctionsProvider;Lorg/gradle/internal/nativeintegration/filesystem/FileSystem;Lorg/gradle/internal/watch/vfs/WatchableFileSystemDetector;)Lorg/gradle/internal/watch/vfs/BuildLifecycleAwareVirtualFileSystem; 88 <appendix> member <vmtarget> ; # org/gradle/internal/service/scopes/VirtualFileSystemServices$GradleUserHomeServices$$Lambda+0x000002b54c250b80
instanceKlass org/gradle/internal/build/BuildAddedListener
instanceKlass org/gradle/internal/snapshot/EmptyChildMap
instanceKlass org/gradle/internal/snapshot/ChildMap$StoreHandler
instanceKlass org/gradle/internal/snapshot/ChildMap$NodeHandler
instanceKlass org/gradle/internal/vfs/impl/VersionHierarchy
instanceKlass org/gradle/internal/vfs/impl/VersionHierarchyRoot
instanceKlass  @bci org/gradle/internal/service/scopes/VirtualFileSystemServices$GradleUserHomeServices lambda$createVirtualFileSystem$1 (Lorg/gradle/internal/snapshot/SnapshotHierarchy;Lorg/gradle/api/internal/DocumentationRegistry;Lorg/gradle/internal/watch/vfs/impl/FileWatchingFilter;Lorg/gradle/internal/watch/vfs/WatchableFileSystemDetector;Lorg/gradle/internal/watch/vfs/FileChangeListeners;Lorg/gradle/internal/watch/registry/FileWatcherRegistryFactory;)Lorg/gradle/internal/watch/vfs/BuildLifecycleAwareVirtualFileSystem; 8 <appendix> member <vmtarget> ; # org/gradle/internal/service/scopes/VirtualFileSystemServices$GradleUserHomeServices$$Lambda+0x000002b54c24b8c8
instanceKlass org/gradle/internal/watch/registry/impl/FileSystemWatchingDocumentationIndex
instanceKlass org/gradle/internal/snapshot/SnapshotHierarchy$NodeDiffListener
instanceKlass org/gradle/internal/snapshot/MetadataSnapshot
instanceKlass org/gradle/internal/vfs/impl/AbstractVirtualFileSystem
instanceKlass  @bci org/gradle/internal/service/scopes/VirtualFileSystemServices$GradleUserHomeServices createVirtualFileSystem (Lorg/gradle/internal/watch/vfs/impl/FileWatchingFilter;Lorg/gradle/api/internal/DocumentationRegistry;Lorg/gradle/internal/nativeintegration/NativeCapabilities;Lorg/gradle/internal/event/ListenerManager;Lorg/gradle/internal/watch/vfs/FileChangeListeners;Lorg/gradle/internal/nativeintegration/services/NativeServices$FileEventFunctionsProvider;Lorg/gradle/internal/nativeintegration/filesystem/FileSystem;Lorg/gradle/internal/watch/vfs/WatchableFileSystemDetector;)Lorg/gradle/internal/watch/vfs/BuildLifecycleAwareVirtualFileSystem; 59 <appendix> member <vmtarget> ; # org/gradle/internal/service/scopes/VirtualFileSystemServices$GradleUserHomeServices$$Lambda+0x000002b54c24aa90
instanceKlass org/gradle/fileevents/internal/AbstractFileEventFunctions$AbstractWatcherBuilder
instanceKlass  @bci org/gradle/internal/service/scopes/VirtualFileSystemServices$GradleUserHomeServices determineWatcherRegistryFactory (Lorg/gradle/internal/os/OperatingSystem;Lorg/gradle/internal/nativeintegration/NativeCapabilities;Lorg/gradle/internal/nativeintegration/services/NativeServices$FileEventFunctionsProvider;Ljava/util/function/Predicate;)Ljava/util/Optional; 56 <appendix> member <vmtarget> ; # org/gradle/internal/service/scopes/VirtualFileSystemServices$GradleUserHomeServices$$Lambda+0x000002b54c24a400
instanceKlass  @cpi org/gradle/api/internal/artifacts/DefaultDependencyManagementServices$DependencyResolutionScopeServices 677 form vmentry <vmtarget> ; # java/lang/invoke/LambdaForm$DMH+0x000002b54c249c00
instanceKlass org/gradle/internal/watch/registry/impl/AbstractFileWatcherRegistryFactory$FileEventFunctionsLookup
instanceKlass org/gradle/internal/watch/registry/FileWatcherUpdater
instanceKlass org/gradle/fileevents/FileWatcher
instanceKlass org/gradle/internal/watch/registry/FileWatcherRegistry
instanceKlass org/gradle/internal/watch/registry/FileWatcherProbeRegistry
instanceKlass org/gradle/internal/watch/registry/impl/AbstractFileWatcherRegistryFactory
instanceKlass  @bci org/gradle/internal/service/scopes/VirtualFileSystemServices$GradleUserHomeServices createVirtualFileSystem (Lorg/gradle/internal/watch/vfs/impl/FileWatchingFilter;Lorg/gradle/api/internal/DocumentationRegistry;Lorg/gradle/internal/nativeintegration/NativeCapabilities;Lorg/gradle/internal/event/ListenerManager;Lorg/gradle/internal/watch/vfs/FileChangeListeners;Lorg/gradle/internal/nativeintegration/services/NativeServices$FileEventFunctionsProvider;Lorg/gradle/internal/nativeintegration/filesystem/FileSystem;Lorg/gradle/internal/watch/vfs/WatchableFileSystemDetector;)Lorg/gradle/internal/watch/vfs/BuildLifecycleAwareVirtualFileSystem; 43 <appendix> member <vmtarget> ; # org/gradle/internal/service/scopes/VirtualFileSystemServices$GradleUserHomeServices$$Lambda+0x000002b54c24f050
instanceKlass org/gradle/internal/snapshot/FileSystemNode
instanceKlass org/gradle/internal/snapshot/ChildMap
instanceKlass org/gradle/internal/vfs/impl/DefaultSnapshotHierarchy$1
instanceKlass org/gradle/internal/vfs/impl/DefaultSnapshotHierarchy
instanceKlass  @bci com/google/common/io/Closer <clinit> ()V 0 <appendix> argL0 ; # com/google/common/io/Closer$$Lambda+0x000002b54c24daa0
instanceKlass  @cpi org/codehaus/groovy/vmplugin/v9/Java9 3421 form vmentry <vmtarget> ; # java/lang/invoke/LambdaForm$DMH+0x000002b54c249800
instanceKlass  @cpi org/gradle/internal/reflect/validation/ReplayingTypeValidationContext 115 form vmentry <vmtarget> ; # java/lang/invoke/LambdaForm$DMH+0x000002b54c249400
instanceKlass com/google/common/io/Closer$Suppressor
instanceKlass com/google/common/io/Closer
instanceKlass com/google/common/io/CharSource
instanceKlass com/google/common/hash/PrimitiveSink
instanceKlass com/google/common/io/CharSink
instanceKlass java/io/File$TempDirectory
instanceKlass org/gradle/api/internal/file/temp/TempFiles
# instanceKlass java/lang/invoke/LambdaForm$MH+0x000002b54c249000
# instanceKlass java/lang/invoke/LambdaForm$MH+0x000002b54c248c00
# instanceKlass java/lang/invoke/LambdaForm$MH+0x000002b54c248800
# instanceKlass java/lang/invoke/LambdaForm$MH+0x000002b54c248400
# instanceKlass java/lang/invoke/LambdaForm$MH+0x000002b54c248000
# instanceKlass java/lang/invoke/LambdaForm$MH+0x000002b54c247c00
# instanceKlass java/lang/invoke/LambdaForm$MH+0x000002b54c247800
# instanceKlass java/lang/invoke/LambdaForm$MH+0x000002b54c247400
# instanceKlass java/lang/invoke/LambdaForm$MH+0x000002b54c247000
# instanceKlass java/lang/invoke/LambdaForm$DMH+0x000002b54c246c00
instanceKlass org/gradle/internal/watch/vfs/impl/DefaultWatchableFileSystemDetector
instanceKlass net/rubygrapefruit/platform/internal/PosixFileSystems
instanceKlass net/rubygrapefruit/platform/terminal/Terminals
instanceKlass org/gradle/internal/nativeintegration/services/NativeServices$NativeFeatures$1$1$1
instanceKlass org/gradle/internal/watch/vfs/FileChangeListener
instanceKlass org/gradle/internal/watch/registry/FileWatcherRegistry$ChangeHandler
instanceKlass org/gradle/internal/service/scopes/DefaultFileChangeListeners
instanceKlass org/gradle/internal/nativeintegration/services/NativeServices$3
# instanceKlass java/lang/invoke/LambdaForm$MH+0x000002b54c246800
# instanceKlass java/lang/invoke/LambdaForm$MH+0x000002b54c246400
instanceKlass org/gradle/internal/service/scopes/VirtualFileSystemServices$GradleUserHomeServices$1
instanceKlass org/gradle/internal/file/FilePathUtil
instanceKlass org/gradle/internal/file/FileHierarchySet$Node
instanceKlass org/gradle/internal/file/FileHierarchySet$NodeVisitor
instanceKlass org/gradle/internal/file/FileHierarchySet
instanceKlass org/gradle/cache/internal/DefaultGlobalCacheLocations
instanceKlass org/gradle/internal/hash/DefaultFileHasher
instanceKlass org/gradle/api/internal/changedetection/state/CachingFileHasher
# instanceKlass java/lang/invoke/LambdaForm$MH+0x000002b54c246000
# instanceKlass java/lang/invoke/LambdaForm$MH+0x000002b54c245c00
# instanceKlass java/lang/invoke/LambdaForm$MH+0x000002b54c245800
# instanceKlass java/lang/invoke/LambdaForm$MH+0x000002b54c245400
# instanceKlass java/lang/invoke/LambdaForm$MH+0x000002b54c245000
# instanceKlass java/lang/invoke/LambdaForm$MH+0x000002b54c244c00
# instanceKlass java/lang/invoke/LambdaForm$MH+0x000002b54c244800
# instanceKlass java/lang/invoke/LambdaForm$MH+0x000002b54c244400
# instanceKlass java/lang/invoke/LambdaForm$DMH+0x000002b54c244000
instanceKlass com/google/common/collect/MapMakerInternalMap$StrongValueEntry
instanceKlass com/google/common/collect/MapMakerInternalMap$WeakKeyDummyValueEntry$Helper
instanceKlass com/google/common/collect/MapMakerInternalMap$InternalEntry
instanceKlass com/google/common/collect/MapMakerInternalMap$1
instanceKlass com/google/common/collect/MapMakerInternalMap$InternalEntryHelper
instanceKlass com/google/common/collect/MapMakerInternalMap$WeakValueReference
instanceKlass com/google/common/collect/Interners$InternerImpl
instanceKlass com/google/common/collect/MapMaker
instanceKlass com/google/common/collect/Interners$InternerBuilder
instanceKlass com/google/common/collect/Interners
instanceKlass org/gradle/internal/hash/HashCode
instanceKlass sun/security/provider/ByteArrayAccess$LE
instanceKlass org/gradle/internal/hash/Hashing$MessageDigestHasher
instanceKlass org/gradle/internal/hash/Hashing$DefaultHasher
instanceKlass org/gradle/internal/hash/PrimitiveHasher
instanceKlass org/gradle/internal/hash/Hasher
instanceKlass org/gradle/internal/hash/Hashing$MessageDigestHashFunction
instanceKlass org/gradle/internal/hash/HashFunction
instanceKlass org/gradle/internal/hash/Hashing
instanceKlass org/gradle/internal/hash/DefaultStreamHasher
instanceKlass  @bci org/gradle/api/internal/changedetection/state/FileTimeStampInspector <init> (Ljava/io/File;)V 29 <appendix> member <vmtarget> ; # org/gradle/api/internal/changedetection/state/FileTimeStampInspector$$Lambda+0x000002b54c23d940
instanceKlass org/gradle/api/internal/changedetection/state/FileHasherStatistics
instanceKlass  @bci org/gradle/internal/service/scopes/WorkerSharedGlobalScopeServices createGlobalCache (Lorg/gradle/api/internal/classpath/GlobalCacheRootsProvider;)Lorg/gradle/cache/GlobalCache; 6 <appendix> member <vmtarget> ; # org/gradle/internal/service/scopes/WorkerSharedGlobalScopeServices$$Lambda+0x000002b54c23d0d8
instanceKlass  @bci java/util/regex/CharPredicates forUnicodeBlock (Ljava/lang/String;)Ljava/util/regex/Pattern$CharPredicate; 6 <appendix> member <vmtarget> ; # java/util/regex/CharPredicates$$Lambda+0x000002b54c17b678
instanceKlass java/lang/Character$Subset
instanceKlass org/apache/commons/lang3/StringUtils
instanceKlass  @bci org/gradle/api/internal/artifacts/ivyservice/DefaultArtifactCaches <init> (Lorg/gradle/cache/scopes/GlobalScopedCacheBuilderFactory;Lorg/gradle/cache/UnscopedCacheBuilderFactory;Lorg/gradle/api/internal/artifacts/ivyservice/DefaultArtifactCaches$WritableArtifactCacheLockingParameters;Lorg/gradle/api/internal/DocumentationRegistry;Lorg/gradle/api/internal/cache/CacheConfigurationsInternal;Lorg/gradle/cache/CacheCleanupStrategyFactory;)V 28 <appendix> member <vmtarget> ; # org/gradle/api/internal/artifacts/ivyservice/DefaultArtifactCaches$$Lambda+0x000002b54c237558
instanceKlass org/gradle/api/internal/artifacts/ivyservice/WritableArtifactCacheLockingAccessCoordinator
instanceKlass org/gradle/api/internal/artifacts/ivyservice/DefaultArtifactCaches$LateInitWritableArtifactCacheLockingAccessCoordinator
instanceKlass com/google/common/primitives/IntsMethodsForWeb
instanceKlass org/apache/commons/lang3/ArrayUtils
instanceKlass  @bci org/gradle/cache/internal/DefaultCacheCoordinator beforeLockRelease (Lorg/gradle/cache/FileLock;)V 35 <appendix> member <vmtarget> ; # org/gradle/cache/internal/DefaultCacheCoordinator$$Lambda+0x000002b54c23c690
instanceKlass org/gradle/cache/internal/CacheVersion
instanceKlass org/gradle/util/internal/DefaultGradleVersion$Stage
instanceKlass org/gradle/internal/versionedcache/CacheVersionMapping$Builder
instanceKlass org/gradle/internal/versionedcache/CacheVersionMapping
instanceKlass org/gradle/api/internal/artifacts/ivyservice/DefaultArtifactCacheMetadata
instanceKlass  @bci org/gradle/cache/internal/locklistener/DefaultFileLockContentionHandler$ContendedAction run ()V 5 <appendix> member <vmtarget> ; # org/gradle/cache/internal/locklistener/DefaultFileLockContentionHandler$ContendedAction$$Lambda+0x000002b54c233a00
instanceKlass org/gradle/api/internal/artifacts/ivyservice/ArtifactCacheLockingAccessCoordinator
instanceKlass org/gradle/api/internal/artifacts/ivyservice/ArtifactCacheMetadata
instanceKlass org/gradle/api/internal/artifacts/ivyservice/DefaultArtifactCaches
# instanceKlass java/lang/invoke/LambdaForm$MH+0x000002b54c238400
# instanceKlass java/lang/invoke/LambdaForm$MH+0x000002b54c238000
# instanceKlass java/lang/invoke/LambdaForm$MH+0x000002b54c235c00
# instanceKlass java/lang/invoke/LambdaForm$MH+0x000002b54c235800
# instanceKlass java/lang/invoke/LambdaForm$MH+0x000002b54c235400
# instanceKlass java/lang/invoke/LambdaForm$MH+0x000002b54c235000
# instanceKlass java/lang/invoke/LambdaForm$MH+0x000002b54c234c00
# instanceKlass java/lang/invoke/LambdaForm$MH+0x000002b54c234800
# instanceKlass java/lang/invoke/LambdaForm$MH+0x000002b54c234400
instanceKlass org/gradle/cache/internal/DefaultCacheCleanupStrategyFactory
instanceKlass org/gradle/api/internal/artifacts/DependencyManagementGradleUserHomeScopeServices$1
instanceKlass  @bci org/gradle/api/internal/changedetection/state/DefaultFileAccessTimeJournal loadOrPersistInceptionTimestamp ()J 5 <appendix> member <vmtarget> ; # org/gradle/api/internal/changedetection/state/DefaultFileAccessTimeJournal$$Lambda+0x000002b54c233598
instanceKlass org/gradle/cache/internal/DefaultCacheCoordinator$IndexedCacheEntry
instanceKlass  @bci org/gradle/cache/internal/DefaultCacheCoordinator afterLockAcquire (Lorg/gradle/cache/FileLock;)V 38 <appendix> member <vmtarget> ; # org/gradle/cache/internal/DefaultCacheCoordinator$$Lambda+0x000002b54c232ef0
instanceKlass  @bci sun/nio/ch/DatagramChannelImpl$DatagramPackets <clinit> ()V 16 <appendix> argL0 ; # sun/nio/ch/DatagramChannelImpl$DatagramPackets$$Lambda+0x000002b54c17a270
instanceKlass sun/nio/ch/DatagramChannelImpl$DatagramPackets
instanceKlass org/gradle/cache/internal/locklistener/DefaultFileLockContentionHandler$ContendedAction
instanceKlass org/gradle/cache/internal/locklistener/DefaultFileLockContentionHandler$1
instanceKlass  @bci org/gradle/cache/internal/DefaultCacheCoordinator toSupplier (Ljava/lang/Runnable;)Ljava/util/function/Supplier; 1 <appendix> member <vmtarget> ; # org/gradle/cache/internal/DefaultCacheCoordinator$$Lambda+0x000002b54c232868
instanceKlass  @bci org/gradle/cache/internal/DefaultCacheCoordinator newCache (Lorg/gradle/cache/IndexedCacheParameters;)Lorg/gradle/cache/MultiProcessSafeIndexedCache; 140 <appendix> argL0 ; # org/gradle/cache/internal/DefaultCacheCoordinator$$Lambda+0x000002b54c232648
instanceKlass org/gradle/cache/internal/CrossProcessSynchronizingIndexedCache
instanceKlass org/gradle/cache/internal/InMemoryDecoratedCache
instanceKlass org/gradle/cache/internal/InMemoryCacheController
instanceKlass com/google/common/cache/LongAddable
instanceKlass com/google/common/cache/LongAddables
instanceKlass com/google/common/cache/AbstractCache$SimpleStatsCounter
instanceKlass org/gradle/cache/internal/LoggingEvictionListener
instanceKlass  @bci org/gradle/internal/buildtree/DefaultBuildTreeModelCreator$DefaultBuildTreeModelController locateBuilderForBuildTarget (Lorg/gradle/internal/build/BuildState;Ljava/lang/String;Z)Lorg/gradle/tooling/provider/model/internal/ToolingModelScope; 3 <appendix> form vmentry <vmtarget> ; # java/lang/invoke/LambdaForm$DMH+0x000002b54c234000
instanceKlass  @bci org/gradle/cache/internal/DefaultInMemoryCacheDecoratorFactory getCache (Ljava/lang/String;I)Lorg/gradle/cache/internal/DefaultInMemoryCacheDecoratorFactory$CacheDetails; 7 <appendix> member <vmtarget> ; # org/gradle/cache/internal/DefaultInMemoryCacheDecoratorFactory$$Lambda+0x000002b54c231108
instanceKlass org/gradle/cache/internal/DefaultInMemoryCacheDecoratorFactory$CacheDetails
instanceKlass org/gradle/cache/internal/AsyncCacheAccessDecoratedCache
instanceKlass org/gradle/cache/internal/ExclusiveCacheAccessingWorker
instanceKlass org/gradle/cache/internal/DefaultMultiProcessSafeIndexedCache
instanceKlass  @bci org/gradle/cache/internal/DefaultCacheCoordinator newCache (Lorg/gradle/cache/IndexedCacheParameters;)Lorg/gradle/cache/MultiProcessSafeIndexedCache; 72 <appendix> member <vmtarget> ; # org/gradle/cache/internal/DefaultCacheCoordinator$$Lambda+0x000002b54c230480
instanceKlass org/gradle/cache/internal/btree/BTreePersistentIndexedCache
instanceKlass org/gradle/cache/internal/DefaultInMemoryCacheDecoratorFactory$InMemoryCacheDecorator
instanceKlass org/gradle/cache/IndexedCacheParameters
instanceKlass org/gradle/api/internal/changedetection/state/DefaultFileAccessTimeJournal
instanceKlass org/gradle/cache/internal/MultiProcessSafeAsyncPersistentIndexedCache
instanceKlass org/gradle/cache/CacheDecorator
instanceKlass org/gradle/cache/internal/DefaultInMemoryCacheDecoratorFactory
instanceKlass org/gradle/cache/internal/DefaultCacheFactory$ReferenceTrackingCache
instanceKlass org/gradle/cache/internal/DefaultCacheFactory$DirCacheReference
instanceKlass org/gradle/cache/internal/cacheops/CacheOperationStack
instanceKlass  @bci org/gradle/cache/internal/DefaultCacheCoordinator open ()V 2 <appendix> member <vmtarget> ; # org/gradle/cache/internal/DefaultCacheCoordinator$$Lambda+0x000002b54c22f7b0
instanceKlass org/gradle/cache/internal/LockOnDemandCrossProcessCacheAccess$ContendedAction
instanceKlass org/gradle/cache/internal/LockOnDemandCrossProcessCacheAccess$UnlockAction
instanceKlass org/gradle/cache/internal/DefaultCacheCoordinator$1
instanceKlass  @bci org/gradle/cache/internal/DefaultCacheCoordinator <init> (Ljava/lang/String;Ljava/io/File;Lorg/gradle/cache/LockOptions;Ljava/io/File;Lorg/gradle/cache/FileLockManager;Lorg/gradle/cache/internal/CacheInitializationAction;Lorg/gradle/cache/internal/CacheCleanupExecutor;Lorg/gradle/internal/concurrent/ExecutorFactory;)V 82 <appendix> member <vmtarget> ; # org/gradle/cache/internal/DefaultCacheCoordinator$$Lambda+0x000002b54c22ec98
instanceKlass  @bci org/gradle/cache/internal/DefaultCacheCoordinator <init> (Ljava/lang/String;Ljava/io/File;Lorg/gradle/cache/LockOptions;Ljava/io/File;Lorg/gradle/cache/FileLockManager;Lorg/gradle/cache/internal/CacheInitializationAction;Lorg/gradle/cache/internal/CacheCleanupExecutor;Lorg/gradle/internal/concurrent/ExecutorFactory;)V 74 <appendix> member <vmtarget> ; # org/gradle/cache/internal/DefaultCacheCoordinator$$Lambda+0x000002b54c22ea60
instanceKlass org/gradle/cache/internal/cacheops/CacheAccessOperationsStack
instanceKlass org/gradle/cache/internal/CacheInitializationAction$1
instanceKlass org/gradle/cache/internal/CacheInitializationAction
instanceKlass org/gradle/cache/AsyncCacheAccess
instanceKlass org/gradle/cache/MultiProcessSafeIndexedCache
instanceKlass org/gradle/cache/UnitOfWorkParticipant
instanceKlass org/gradle/cache/internal/AbstractCrossProcessCacheAccess
instanceKlass org/gradle/cache/CrossProcessCacheAccess
instanceKlass org/gradle/cache/internal/DefaultCacheCoordinator
instanceKlass org/gradle/cache/internal/CacheCreationCoordinator
instanceKlass org/gradle/cache/internal/DefaultCacheCleanupExecutor
instanceKlass org/gradle/cache/internal/CacheCleanupExecutor
instanceKlass org/gradle/cache/IndexedCache
instanceKlass org/gradle/cache/internal/DefaultPersistentDirectoryStore
instanceKlass org/gradle/cache/CacheCleanupStrategy$1
instanceKlass org/gradle/cache/CacheCleanupStrategy
instanceKlass org/gradle/cache/internal/DefaultCacheBuilder
instanceKlass org/gradle/cache/internal/scopes/DefaultCacheScopeMapping$1
instanceKlass  @bci org/gradle/language/java/internal/JavaLanguageServices$JavaGlobalScopeServices createJavaSubscribableBuildActionRunnerRegistration ()Lorg/gradle/internal/build/event/OperationResultPostProcessorFactory; 0 <appendix> argL0 ; # org/gradle/language/java/internal/JavaLanguageServices$JavaGlobalScopeServices$$Lambda+0x000002b54c223ce0
# instanceKlass java/lang/invoke/LambdaForm$MH+0x000002b54c22c800
# instanceKlass java/lang/invoke/LambdaForm$MH+0x000002b54c22c400
instanceKlass  @cpi org/gradle/api/internal/artifacts/repositories/DefaultBaseRepositoryFactory 294 form vmentry <vmtarget> ; # java/lang/invoke/LambdaForm$DMH+0x000002b54c22c000
instanceKlass org/gradle/internal/DeprecatedInGradleScope
instanceKlass org/gradle/BuildAdapter
instanceKlass org/gradle/BuildListener
instanceKlass org/gradle/internal/file/DefaultFileSystemDefaultExcludesProvider$1
instanceKlass java/nio/file/attribute/PosixFilePermissions$1
instanceKlass java/util/RegularEnumSet$EnumSetIterator
instanceKlass java/nio/file/attribute/PosixFilePermissions
instanceKlass org/apache/tools/ant/util/FileUtils
instanceKlass org/apache/tools/ant/taskdefs/condition/Os
instanceKlass org/apache/tools/ant/taskdefs/condition/Condition
instanceKlass org/apache/tools/ant/types/resources/Appendable
instanceKlass org/apache/tools/ant/types/resources/FileProvider
instanceKlass org/apache/tools/ant/types/resources/Touchable
instanceKlass org/apache/tools/ant/ProjectComponent
instanceKlass org/apache/tools/ant/types/ResourceCollection
instanceKlass org/apache/tools/ant/DirectoryScanner
instanceKlass org/apache/tools/ant/types/ResourceFactory
instanceKlass org/apache/tools/ant/types/selectors/SelectorScanner
instanceKlass org/apache/tools/ant/FileScanner
instanceKlass com/google/common/collect/TransformedIterator
instanceKlass org/gradle/internal/file/DefaultFileSystemDefaultExcludesProvider
instanceKlass org/gradle/launcher/daemon/server/DaemonRegistryUnavailableExpirationStrategy$1
instanceKlass org/gradle/internal/session/DefaultBuildSessionContext
instanceKlass org/gradle/internal/session/BuildSessionContext
instanceKlass org/gradle/plugin/use/internal/InjectedPluginClasspath
instanceKlass org/gradle/workers/internal/WorkerDaemonClientCancellationHandler
instanceKlass org/gradle/workers/internal/WorkerExecutionQueueFactory
instanceKlass org/gradle/internal/work/ConditionalExecutionQueueFactory
instanceKlass org/gradle/process/internal/worker/child/WorkerDirectoryProvider
instanceKlass org/gradle/workers/internal/WorkersServices$BuildSessionScopeServices
instanceKlass org/gradle/vcs/internal/resolver/PersistentVcsMetadataCache
instanceKlass org/gradle/vcs/internal/VcsDirectoryLayout
instanceKlass org/gradle/vcs/internal/VersionControlRepositoryConnection
instanceKlass org/gradle/vcs/internal/VersionControlSystem
instanceKlass org/gradle/vcs/internal/services/DefaultVersionControlRepositoryFactory
instanceKlass org/gradle/vcs/internal/VersionControlRepositoryConnectionFactory
instanceKlass org/gradle/api/artifacts/ModuleIdentifier
instanceKlass org/gradle/vcs/internal/services/VersionControlServices$VersionControlBuildSessionServices
instanceKlass org/gradle/api/internal/tasks/userinput/UserInputHandler
instanceKlass org/gradle/internal/session/BuildSessionActionExecutor
instanceKlass org/gradle/api/internal/tasks/userinput/BuildScanUserInputHandler
instanceKlass org/gradle/tooling/internal/provider/LauncherServices$ToolingBuildSessionScopeServices
instanceKlass org/gradle/api/problems/internal/ExceptionProblemRegistry
instanceKlass org/gradle/problems/internal/services/ProblemsBuildSessionServices
instanceKlass org/gradle/nativeplatform/toolchain/internal/gcc/metadata/SystemLibraryDiscovery
instanceKlass org/gradle/nativeplatform/toolchain/internal/xcode/AbstractLocator
instanceKlass org/gradle/nativeplatform/toolchain/internal/msvcpp/WindowsKitInstall
instanceKlass org/gradle/platform/base/internal/toolchain/SearchResult
instanceKlass org/gradle/platform/base/internal/toolchain/ToolSearchResult
instanceKlass org/gradle/nativeplatform/toolchain/internal/msvcpp/AbstractWindowsKitComponentLocator
instanceKlass org/gradle/nativeplatform/toolchain/internal/msvcpp/UcrtLocator
instanceKlass org/gradle/nativeplatform/toolchain/internal/msvcpp/version/SystemPathVersionLocator
instanceKlass org/gradle/nativeplatform/toolchain/internal/msvcpp/version/AbstractVisualStudioVersionLocator
instanceKlass org/gradle/nativeplatform/toolchain/internal/msvcpp/VisualStudioLocator
instanceKlass org/gradle/nativeplatform/toolchain/internal/msvcpp/WindowsSdkLocator
instanceKlass org/gradle/nativeplatform/toolchain/internal/msvcpp/WindowsComponentLocator
instanceKlass org/gradle/nativeplatform/toolchain/internal/msvcpp/version/VisualStudioMetaDataProvider
instanceKlass org/gradle/nativeplatform/toolchain/internal/msvcpp/version/VisualStudioVersionLocator
instanceKlass org/gradle/nativeplatform/toolchain/internal/msvcpp/version/VisualCppMetadataProvider
instanceKlass org/gradle/nativeplatform/toolchain/internal/msvcpp/version/VswhereVersionLocator
instanceKlass org/gradle/nativeplatform/internal/services/NativeBinaryServices$BuildSessionScopeServices
instanceKlass org/gradle/jvm/internal/services/DefaultJvmToolchainsConfigurationValidator
instanceKlass org/gradle/initialization/JvmToolchainsConfigurationValidator
instanceKlass org/gradle/internal/jvm/inspection/JvmInstallationProblemReporter
instanceKlass org/gradle/internal/fingerprint/impl/FileCollectionFingerprinterRegistrations
instanceKlass org/gradle/internal/file/FileSystemDefaultExcludesProvider
instanceKlass  @bci org/gradle/launcher/daemon/server/CompatibleDaemonExpirationStrategy checkExpiration ()Lorg/gradle/launcher/daemon/server/expiry/DaemonExpirationResult; 13 <appendix> member <vmtarget> ; # org/gradle/launcher/daemon/server/CompatibleDaemonExpirationStrategy$$Lambda+0x000002b54c21c428
instanceKlass java/util/LinkedList$ListItr
instanceKlass org/gradle/internal/execution/FileCollectionFingerprinterRegistry
instanceKlass org/gradle/internal/execution/OutputSnapshotter
instanceKlass org/gradle/internal/execution/InputFingerprinter
instanceKlass org/gradle/internal/service/scopes/VirtualFileSystemServices$BuildSessionServices
instanceKlass org/gradle/internal/scopeids/PersistentScopeIdStoreFactory
instanceKlass org/gradle/internal/scopeids/ScopeIdsServices
instanceKlass org/gradle/internal/work/DefaultAsyncWorkTracker
instanceKlass org/gradle/internal/work/AsyncWorkTracker
instanceKlass org/gradle/internal/exceptions/FailureResolutionAware
instanceKlass org/gradle/internal/build/BuildLayoutValidator
instanceKlass org/gradle/internal/model/StateTransitionControllerFactory
instanceKlass org/gradle/internal/model/InMemoryInterner
instanceKlass org/gradle/internal/model/InMemoryLoadingCache
instanceKlass org/gradle/internal/problems/DefaultProblemLocationAnalyzer
instanceKlass org/gradle/initialization/ClassLoaderScopeRegistryListener
instanceKlass org/gradle/internal/problems/ProblemLocationAnalyzer
instanceKlass org/gradle/internal/model/ValueCalculator
instanceKlass org/gradle/internal/model/CalculatedValue
instanceKlass org/gradle/internal/model/CalculatedValueContainerFactory
instanceKlass org/gradle/internal/model/CalculatedValueFactory
instanceKlass org/gradle/internal/buildevents/BuildStartedTime
instanceKlass org/gradle/deployment/internal/DefaultDeploymentRegistry
instanceKlass org/gradle/deployment/internal/PendingChangesListener
instanceKlass org/gradle/deployment/internal/DeploymentRegistryInternal
instanceKlass org/gradle/deployment/internal/DeploymentRegistry
instanceKlass org/gradle/internal/scopeids/id/ScopeId
instanceKlass org/gradle/internal/scopeids/PersistentScopeIdLoader
instanceKlass org/gradle/initialization/layout/ProjectCacheDir
instanceKlass org/gradle/deployment/internal/PendingChangesManager
instanceKlass org/gradle/internal/initialization/layout/BuildTreeLocations
instanceKlass org/gradle/internal/hash/ChecksumService
instanceKlass org/gradle/api/internal/file/archive/DecompressionCoordinator
instanceKlass org/gradle/api/internal/project/CrossProjectConfigurator
instanceKlass org/gradle/internal/service/scopes/CoreBuildSessionServices
instanceKlass org/gradle/internal/cc/impl/ConfigurationCacheEntryCollector
instanceKlass org/gradle/cache/scopes/BuildTreeScopedCacheBuilderFactory
instanceKlass org/gradle/internal/cc/impl/ConfigurationCacheRepository
instanceKlass org/gradle/internal/cc/impl/DefaultBuildTreeModelControllerServices
instanceKlass org/gradle/internal/buildtree/BuildTreeModelControllerServices
instanceKlass org/gradle/internal/build/event/DefaultBuildEventsListenerRegistry
instanceKlass org/gradle/internal/build/event/BuildEventListenerRegistryInternal
instanceKlass org/gradle/build/event/BuildEventsListenerRegistry
instanceKlass org/gradle/api/tasks/testing/TestDescriptor
instanceKlass org/gradle/api/internal/tasks/testing/operations/TestListenerBuildOperationAdapter
instanceKlass org/gradle/api/internal/tasks/testing/results/TestListenerInternal
instanceKlass org/gradle/api/internal/tasks/testing/TestingBasePluginServices$TestingBuildSessionScopeServices
instanceKlass org/gradle/api/internal/attributes/matching/AttributeSelectionSchema
instanceKlass org/gradle/api/internal/attributes/AttributeSchemaServices
instanceKlass org/gradle/api/internal/attributes/immutable/artifact/ImmutableArtifactTypeRegistryFactory
instanceKlass org/gradle/api/internal/attributes/immutable/ImmutableAttributesSchemaFactory
instanceKlass org/gradle/internal/component/model/IvyArtifactName
instanceKlass org/gradle/internal/component/external/model/ivy/MutableIvyModuleResolveMetadata
instanceKlass org/gradle/api/internal/artifacts/repositories/metadata/IvyMutableModuleMetadataFactory
instanceKlass org/gradle/internal/component/external/model/PreferJavaRuntimeVariant
instanceKlass org/gradle/internal/component/external/model/maven/MutableMavenModuleResolveMetadata
instanceKlass org/gradle/internal/component/external/model/MutableModuleComponentResolveMetadata
instanceKlass org/gradle/api/internal/artifacts/repositories/metadata/MavenMutableModuleMetadataFactory
instanceKlass org/gradle/api/internal/artifacts/repositories/metadata/MutableModuleMetadataFactory
instanceKlass org/gradle/api/internal/artifacts/ivyservice/resolveengine/result/AttributeContainerSerializer
instanceKlass org/gradle/internal/isolation/Isolatable
instanceKlass org/gradle/internal/hash/Hashable
instanceKlass org/gradle/api/internal/artifacts/repositories/metadata/DefaultMavenVariantAttributesFactory
instanceKlass org/gradle/api/internal/artifacts/repositories/metadata/MavenVariantAttributesFactory
instanceKlass org/gradle/api/internal/attributes/ImmutableAttributes
instanceKlass org/gradle/api/internal/attributes/ImmutableAttributesEntry
instanceKlass org/gradle/api/internal/attributes/AttributeContainerInternal
instanceKlass org/gradle/api/attributes/AttributeContainer
instanceKlass org/gradle/api/attributes/HasAttributes
instanceKlass org/gradle/api/internal/attributes/DefaultAttributesFactory
instanceKlass org/gradle/api/internal/attributes/AttributeValueIsolator
instanceKlass org/gradle/api/internal/catalog/DependenciesAccessorsWorkspaceProvider
instanceKlass org/gradle/api/internal/attributes/AttributesFactory
instanceKlass org/gradle/internal/model/InMemoryCacheFactory
instanceKlass org/gradle/api/internal/artifacts/ivyservice/resolveengine/result/ComponentSelectionDescriptorFactory
instanceKlass org/gradle/api/internal/artifacts/ivyservice/dependencysubstitution/ComponentSelectorNotationConverter
instanceKlass org/gradle/api/internal/artifacts/DependencyManagementBuildSessionScopeServices
# instanceKlass java/lang/invoke/LambdaForm$MH+0x000002b54c214800
# instanceKlass java/lang/invoke/LambdaForm$MH+0x000002b54c214400
# instanceKlass java/lang/invoke/LambdaForm$MH+0x000002b54c214000
instanceKlass org/gradle/internal/snapshot/impl/ValueSnapshotterSerializerRegistry
instanceKlass org/gradle/internal/snapshot/ValueSnapshotter
instanceKlass org/gradle/internal/service/scopes/WorkerSharedBuildSessionScopeServices
instanceKlass org/gradle/internal/service/scopes/DefaultGradleUserHomeScopeServiceRegistry$Services
instanceKlass org/gradle/api/problems/internal/IsolatableToBytesSerializer
instanceKlass org/gradle/workers/internal/ClassLoaderStructureProvider
instanceKlass org/gradle/workers/internal/WorkerDaemonClientsManager
instanceKlass org/gradle/workers/internal/ActionExecutionSpecFactory
instanceKlass org/gradle/workers/internal/WorkersServices$GradleUserHomeServices
instanceKlass org/gradle/kotlin/dsl/normalization/KotlinDslCompileAvoidanceClasspathHashCache
instanceKlass org/gradle/kotlin/dsl/normalization/GradleUserHomeServices
instanceKlass org/gradle/kotlin/dsl/provider/KotlinScriptClassloadingCache
instanceKlass org/gradle/kotlin/dsl/provider/GradleUserHomeServices
instanceKlass org/gradle/kotlin/dsl/support/EmbeddedKotlinProvider
instanceKlass org/gradle/kotlin/dsl/support/GradleUserHomeServices
instanceKlass org/gradle/kotlin/dsl/cache/KotlinDslWorkspaceProvider
instanceKlass org/gradle/kotlin/dsl/cache/GradleUserHomeServices
instanceKlass org/gradle/kotlin/dsl/provider/PrecompiledScriptPluginsSupport
instanceKlass org/gradle/kotlin/dsl/provider/KotlinScriptBasePluginsApplicator
instanceKlass org/gradle/kotlin/dsl/accessors/ProjectSchemaProvider
instanceKlass org/gradle/kotlin/dsl/provider/plugins/KotlinDslDclSchemaCollector
instanceKlass org/gradle/kotlin/dsl/provider/plugins/GradleUserHomeServices
instanceKlass org/gradle/internal/service/ServiceAccess$PrivateAccessScope
instanceKlass org/gradle/internal/build/BuildState
instanceKlass org/gradle/internal/watch/registry/FileWatcherRegistryFactory
instanceKlass org/gradle/internal/watch/vfs/impl/FileWatchingFilter
instanceKlass org/gradle/internal/vfs/FileSystemAccess$WriteListener
instanceKlass org/gradle/internal/snapshot/SnapshotHierarchy
instanceKlass org/gradle/api/internal/changedetection/state/CrossBuildFileHashCache
instanceKlass org/gradle/api/internal/changedetection/state/ResourceSnapshotterCacheService
instanceKlass org/gradle/internal/watch/vfs/FileChangeListeners
instanceKlass org/gradle/internal/hash/FileHasher
instanceKlass org/gradle/internal/watch/vfs/WatchableFileSystemDetector
instanceKlass org/gradle/internal/watch/vfs/BuildLifecycleAwareVirtualFileSystem
instanceKlass org/gradle/internal/vfs/VirtualFileSystem
instanceKlass org/gradle/internal/execution/FileCollectionSnapshotter
instanceKlass org/gradle/internal/service/scopes/VirtualFileSystemServices$GradleUserHomeServices
instanceKlass org/gradle/tooling/internal/provider/serialization/PayloadSerializer
instanceKlass org/gradle/tooling/internal/provider/serialization/PayloadClassLoaderRegistry
instanceKlass org/gradle/tooling/internal/provider/serialization/PayloadClassLoaderFactory
instanceKlass org/gradle/internal/daemon/services/DaemonServices$DaemonGradleUserHomeServices
instanceKlass org/gradle/api/internal/tasks/compile/incremental/cache/GeneralCompileCaches
instanceKlass org/gradle/api/internal/tasks/CompileServices$UserHomeScopeServices
instanceKlass org/gradle/internal/execution/DeferredResult
instanceKlass org/gradle/api/internal/artifacts/ivyservice/DefaultArtifactCaches$WritableArtifactCacheLockingParameters
instanceKlass org/gradle/api/internal/artifacts/ivyservice/ArtifactCachesProvider
instanceKlass org/gradle/api/internal/artifacts/transform/ImmutableTransformWorkspaceServices
instanceKlass org/gradle/api/internal/artifacts/DependencyManagementGradleUserHomeScopeServices
instanceKlass org/gradle/internal/service/DefaultServiceRegistry$InstanceUnpackingVisitor
instanceKlass org/gradle/internal/execution/workspace/ImmutableWorkspaceProvider
instanceKlass org/gradle/groovy/scripts/internal/GroovyDslWorkspaceProvider
instanceKlass org/gradle/internal/fingerprint/classpath/ClasspathFingerprinter
instanceKlass org/gradle/internal/execution/FileCollectionFingerprinter
instanceKlass org/gradle/internal/snapshot/FileSystemSnapshot
instanceKlass org/gradle/internal/classpath/ClasspathFileTransformer
instanceKlass org/gradle/internal/classpath/DefaultCachedClasspathTransformer
instanceKlass org/gradle/internal/classpath/CachedClasspathTransformer
instanceKlass org/gradle/internal/classpath/transforms/ClasspathElementTransformFactoryForLegacy
instanceKlass org/gradle/internal/classpath/transforms/ClasspathElementTransform
instanceKlass org/gradle/internal/classpath/transforms/ClasspathElementTransformFactoryForAgent
instanceKlass org/gradle/internal/classpath/transforms/ClasspathElementTransformFactory
instanceKlass org/gradle/internal/classpath/types/GradleCoreInstrumentationTypeRegistry
instanceKlass org/gradle/internal/classpath/types/InstrumentationTypeRegistry
instanceKlass org/gradle/api/internal/changedetection/state/FileTimeStampInspector
instanceKlass org/gradle/initialization/RootBuildLifecycleListener
instanceKlass org/gradle/cache/internal/FilesFinder
instanceKlass org/gradle/cache/CleanupAction
instanceKlass org/gradle/internal/file/FileAccessTracker
instanceKlass org/gradle/internal/classpath/DefaultClasspathTransformerCacheFactory
instanceKlass org/gradle/internal/classpath/ClasspathTransformerCacheFactory
instanceKlass org/gradle/internal/classpath/DefaultClasspathBuilder
instanceKlass org/gradle/internal/classpath/ClasspathBuilder
instanceKlass  @bci org/gradle/cache/internal/FileBackedObjectHolder get ()Ljava/lang/Object; 5 <appendix> member <vmtarget> ; # org/gradle/cache/internal/FileBackedObjectHolder$$Lambda+0x000002b54c201ba0
instanceKlass org/gradle/launcher/daemon/registry/PersistentDaemonRegistry$1
instanceKlass org/gradle/internal/classpath/ClasspathEntryVisitor$Entry
instanceKlass org/gradle/internal/classpath/ClasspathWalker
instanceKlass org/gradle/cache/internal/GradleUserHomeCleanupServices$1
instanceKlass org/gradle/internal/cache/MonitoredCleanupAction
instanceKlass org/gradle/internal/operations/CallableBuildOperation
instanceKlass org/gradle/cache/internal/GradleUserHomeCleanupService
instanceKlass org/gradle/internal/versionedcache/VersionSpecificCacheDirectoryScanner
instanceKlass org/gradle/internal/versionedcache/UsedGradleVersionsFromGradleUserHomeCaches
# instanceKlass java/lang/invoke/LambdaForm$MH+0x000002b54c207400
# instanceKlass java/lang/invoke/LambdaForm$MH+0x000002b54c207000
# instanceKlass java/lang/invoke/LambdaForm$MH+0x000002b54c206c00
# instanceKlass java/lang/invoke/LambdaForm$MH+0x000002b54c206800
# instanceKlass java/lang/invoke/LambdaForm$MH+0x000002b54c206400
# instanceKlass java/lang/invoke/LambdaForm$MH+0x000002b54c206000
# instanceKlass java/lang/invoke/LambdaForm$MH+0x000002b54c205c00
# instanceKlass java/lang/invoke/LambdaForm$MH+0x000002b54c205800
# instanceKlass java/lang/invoke/LambdaForm$MH+0x000002b54c205400
# instanceKlass java/lang/invoke/LambdaForm$MH+0x000002b54c205000
# instanceKlass java/lang/invoke/LambdaForm$MH+0x000002b54c204c00
# instanceKlass java/lang/invoke/LambdaForm$MH+0x000002b54c204800
# instanceKlass java/lang/invoke/LambdaForm$BMH+0x000002b54c204400
# instanceKlass java/lang/invoke/LambdaForm$DMH+0x000002b54c204000
instanceKlass  @bci org/gradle/api/internal/cache/DefaultCacheConfigurations_Decorated $gradleInit ()V 1 <appendix> member <vmtarget> ; # org/gradle/api/internal/cache/DefaultCacheConfigurations_Decorated$$Lambda+0x000002b54c200658
instanceKlass org/gradle/cache/CleanupFrequency$3
instanceKlass org/gradle/cache/CleanupFrequency$2
instanceKlass org/gradle/cache/CleanupFrequency$1
instanceKlass org/gradle/api/internal/cache/DefaultCleanup
instanceKlass org/gradle/api/internal/cache/CleanupInternal
instanceKlass  @bci org/gradle/api/internal/cache/DefaultCacheConfigurations$ContextualErrorMessageProperty convention (Ljava/lang/Object;)Lorg/gradle/api/internal/cache/DefaultCacheConfigurations$ContextualErrorMessageProperty; 3 <appendix> member <vmtarget> ; # org/gradle/api/internal/cache/DefaultCacheConfigurations$ContextualErrorMessageProperty$$Lambda+0x000002b54c1fec40
instanceKlass org/gradle/internal/serialization/Cached
instanceKlass  @bci org/gradle/internal/instantiation/generator/ManagedObjectFactory cachedOwnerDisplayNameOf (Lorg/gradle/internal/state/ModelObject;)Lorg/gradle/internal/serialization/Cached; 1 <appendix> member <vmtarget> ; # org/gradle/internal/instantiation/generator/ManagedObjectFactory$$Lambda+0x000002b54c1fe5f0
instanceKlass org/gradle/internal/instantiation/generator/ManagedObjectFactory$ManagedPropertyName
instanceKlass  @bci org/gradle/api/internal/cache/DefaultCacheConfigurations$DefaultCacheResourceConfiguration_Decorated $gradleInit ()V 1 <appendix> member <vmtarget> ; # org/gradle/api/internal/cache/DefaultCacheConfigurations$DefaultCacheResourceConfiguration_Decorated$$Lambda+0x000002b54c1fe178
instanceKlass org/gradle/api/internal/provider/ValueSanitizers$5
instanceKlass org/gradle/api/internal/provider/ValueSanitizers$3
instanceKlass org/gradle/api/internal/provider/ValueSanitizers$2
instanceKlass org/gradle/api/internal/provider/ValueSanitizers$1
instanceKlass org/gradle/api/internal/provider/ValueCollector
instanceKlass org/gradle/api/internal/provider/ValueSanitizer
instanceKlass org/gradle/api/internal/provider/ValueSanitizers
instanceKlass  @bci java/util/function/Function identity ()Ljava/util/function/Function; 0 <appendix> argL0 ; # java/util/function/Function$$Lambda+0x000002b54c1783a8
instanceKlass org/gradle/api/internal/provider/ValueState
instanceKlass org/gradle/api/internal/provider/ValueSupplier$Present
instanceKlass org/gradle/api/internal/provider/ValueSupplier$Missing
instanceKlass org/gradle/api/internal/provider/ValueSupplier$Value
instanceKlass org/gradle/api/NamedDomainObjectProvider
instanceKlass org/gradle/api/internal/provider/Providers
instanceKlass org/gradle/internal/Describables$AbstractDescribable
instanceKlass org/gradle/launcher/daemon/server/health/gc/GarbageCollectionStats
instanceKlass org/gradle/internal/Describables
instanceKlass java/util/concurrent/LinkedBlockingDeque$AbstractItr
instanceKlass org/gradle/api/internal/cache/CacheResourceConfigurationInternal$EntryRetention
instanceKlass org/gradle/api/internal/cache/DefaultCacheConfigurations$DefaultCacheResourceConfiguration
instanceKlass org/gradle/internal/instantiation/generator/AsmBackedClassGenerator$ObjectCreationDetails
instanceKlass org/gradle/internal/instantiation/generator/InjectUtil
instanceKlass com/google/common/collect/Iterables
instanceKlass com/google/common/collect/Ordering
instanceKlass org/gradle/internal/instantiation/generator/ConstructorComparator
instanceKlass org/gradle/internal/instantiation/generator/AsmBackedClassGenerator$InvokeConstructorStrategy
instanceKlass org/gradle/internal/instantiation/generator/AbstractClassGenerator$GeneratedClassImpl$GeneratedConstructorImpl
instanceKlass org/gradle/internal/instantiation/generator/ClassGenerator$GeneratedConstructor
instanceKlass org/gradle/internal/instantiation/generator/ClassGenerator$SerializationConstructor
instanceKlass jdk/internal/org/objectweb/asm/ClassReader
instanceKlass org/objectweb/asm/Attribute
instanceKlass  @bci org/gradle/internal/instantiation/generator/AsmBackedClassGenerator$ClassBuilderImpl addConstructor (Ljava/lang/reflect/Constructor;Z)V 84 <adapter> ; # java/lang/invoke/LambdaForm$MH+0x000002b54c1f5c00
instanceKlass  @cpi org/gradle/internal/watch/vfs/impl/WatchingVirtualFileSystem 491 form vmentry <vmtarget> ; # java/lang/invoke/LambdaForm$DMH+0x000002b54c1f5800
instanceKlass  @bci org/gradle/internal/instantiation/generator/AsmBackedClassGenerator$ClassBuilderImpl addConstructor (Ljava/lang/reflect/Constructor;Z)V 84 <appendix> form vmentry <vmtarget> ; # java/lang/invoke/LambdaForm$DMH+0x000002b54c1f5400
instanceKlass  @bci org/gradle/internal/instantiation/generator/AsmBackedClassGenerator$ClassBuilderImpl addConstructor (Ljava/lang/reflect/Constructor;Z)V 84 <appendix> member <vmtarget> ; # org/gradle/internal/instantiation/generator/AsmBackedClassGenerator$ClassBuilderImpl$$Lambda+0x000002b54c1f2830
instanceKlass  @cpi org/gradle/internal/instantiation/generator/AsmBackedClassGenerator$ClassBuilderImpl 1637 form vmentry <vmtarget> ; # java/lang/invoke/LambdaForm$DMH+0x000002b54c1f5000
instanceKlass  @bci org/gradle/internal/instantiation/generator/AsmBackedClassGenerator$ClassBuilderImpl addLazyGroovySupportSetterOverloads (Lorg/gradle/internal/instantiation/generator/AbstractClassGenerator$PropertyMetadata;Lorg/gradle/internal/instantiation/generator/AbstractClassGenerator$MethodMetadata;)V 21 <appendix> member <vmtarget> ; # org/gradle/internal/instantiation/generator/AsmBackedClassGenerator$ClassBuilderImpl$$Lambda+0x000002b54c1f2138
instanceKlass org/apache/groovy/util/BeanUtils
instanceKlass groovy/lang/MetaProperty
instanceKlass  @bci org/gradle/internal/instantiation/generator/AsmBackedClassGenerator$ClassBuilderImpl addSetMethod (Lorg/gradle/internal/instantiation/generator/AbstractClassGenerator$PropertyMetadata;Ljava/lang/reflect/Method;)V 67 <appendix> member <vmtarget> ; # org/gradle/internal/instantiation/generator/AsmBackedClassGenerator$ClassBuilderImpl$$Lambda+0x000002b54c1f1600
instanceKlass  @bci org/gradle/internal/instantiation/generator/AsmBackedClassGenerator$ClassBuilderImpl addActionMethod (Ljava/lang/reflect/Method;)V 99 <adapter> ; # java/lang/invoke/LambdaForm$MH+0x000002b54c1f4c00
# instanceKlass java/lang/invoke/LambdaForm$DMH+0x000002b54c1f4800
instanceKlass  @bci org/gradle/internal/instantiation/generator/AsmBackedClassGenerator$ClassBuilderImpl addActionMethod (Ljava/lang/reflect/Method;)V 99 <appendix> form vmentry <vmtarget> ; # java/lang/invoke/LambdaForm$DMH+0x000002b54c1f4400
instanceKlass  @bci org/gradle/internal/instantiation/generator/AsmBackedClassGenerator$ClassBuilderImpl addActionMethod (Ljava/lang/reflect/Method;)V 99 <appendix> member <vmtarget> ; # org/gradle/internal/instantiation/generator/AsmBackedClassGenerator$ClassBuilderImpl$$Lambda+0x000002b54c1f0f00
instanceKlass  @cpi org/gradle/internal/instantiation/generator/AsmBackedClassGenerator$ClassBuilderImpl 1745 form vmentry <vmtarget> ; # java/lang/invoke/LambdaForm$DMH+0x000002b54c1f4000
instanceKlass  @bci org/gradle/internal/instantiation/generator/AsmBackedClassGenerator$ClassBuilderImpl addActionMethod (Ljava/lang/reflect/Method;)V 23 <appendix> argL0 ; # org/gradle/internal/instantiation/generator/AsmBackedClassGenerator$ClassBuilderImpl$$Lambda+0x000002b54c1f0cc0
instanceKlass com/google/common/collect/LinkedHashMultimap$ValueSet$1
instanceKlass com/google/common/collect/AbstractMapBasedMultimap$WrappedCollection$WrappedIterator
instanceKlass  @bci org/gradle/internal/instantiation/generator/AsmBackedClassGenerator$ClassBuilderImpl addDynamicMethods ()V 87 <appendix> member <vmtarget> ; # org/gradle/internal/instantiation/generator/AsmBackedClassGenerator$ClassBuilderImpl$$Lambda+0x000002b54c1eb098
instanceKlass  @bci org/gradle/internal/instantiation/generator/AsmBackedClassGenerator$ClassBuilderImpl addDynamicMethods ()V 68 <appendix> member <vmtarget> ; # org/gradle/internal/instantiation/generator/AsmBackedClassGenerator$ClassBuilderImpl$$Lambda+0x000002b54c1ea9a0
instanceKlass  @bci org/gradle/internal/instantiation/generator/AsmBackedClassGenerator$ClassBuilderImpl addDynamicMethods ()V 52 <appendix> member <vmtarget> ; # org/gradle/internal/instantiation/generator/AsmBackedClassGenerator$ClassBuilderImpl$$Lambda+0x000002b54c1efc88
instanceKlass  @bci org/gradle/internal/instantiation/generator/AsmBackedClassGenerator$ClassBuilderImpl addDynamicMethods ()V 36 <appendix> member <vmtarget> ; # org/gradle/internal/instantiation/generator/AsmBackedClassGenerator$ClassBuilderImpl$$Lambda+0x000002b54c1efa60
instanceKlass  @bci org/gradle/internal/instantiation/generator/AsmBackedClassGenerator$ClassBuilderImpl addSetter (Ljava/lang/String;Ljava/lang/String;Ljava/lang/String;Lorg/gradle/model/internal/asm/BytecodeFragment;)V 7 <appendix> member <vmtarget> ; # org/gradle/internal/instantiation/generator/AsmBackedClassGenerator$ClassBuilderImpl$$Lambda+0x000002b54c1eee98
instanceKlass  @bci org/gradle/internal/instantiation/generator/AsmBackedClassGenerator$ClassBuilderImpl mixInGroovyObject ()V 54 <appendix> member <vmtarget> ; # org/gradle/internal/instantiation/generator/AsmBackedClassGenerator$ClassBuilderImpl$$Lambda+0x000002b54c1eec70
instanceKlass  @bci org/gradle/internal/instantiation/generator/AsmBackedClassGenerator$ClassBuilderImpl mixInGroovyObject ()V 38 <appendix> member <vmtarget> ; # org/gradle/internal/instantiation/generator/AsmBackedClassGenerator$ClassBuilderImpl$$Lambda+0x000002b54c1ee578
instanceKlass  @bci org/gradle/internal/instantiation/generator/AsmBackedClassGenerator$ClassBuilderImpl mixInDynamicAware ()V 38 <appendix> member <vmtarget> ; # org/gradle/internal/instantiation/generator/AsmBackedClassGenerator$ClassBuilderImpl$$Lambda+0x000002b54c1ede60
instanceKlass  @bci org/gradle/internal/instantiation/generator/AbstractClassGenerator isAttachableMethod (Lorg/gradle/internal/instantiation/generator/AbstractClassGenerator$MethodMetadata;)Z 13 <appendix> member <vmtarget> ; # org/gradle/internal/instantiation/generator/AbstractClassGenerator$$Lambda+0x000002b54c1edc08
instanceKlass  @bci org/gradle/internal/instantiation/generator/AsmBackedClassGenerator$ClassBuilderImpl applyConventionMappingToGetter (Lorg/gradle/internal/instantiation/generator/AbstractClassGenerator$PropertyMetadata;Lorg/gradle/internal/instantiation/generator/AbstractClassGenerator$MethodMetadata;ZZ)V 55 <adapter> ; # java/lang/invoke/LambdaForm$MH+0x000002b54c1e9800
# instanceKlass java/lang/invoke/LambdaForm$DMH+0x000002b54c1e9400
instanceKlass  @bci org/gradle/internal/instantiation/generator/AsmBackedClassGenerator$ClassBuilderImpl applyConventionMappingToGetter (Lorg/gradle/internal/instantiation/generator/AbstractClassGenerator$PropertyMetadata;Lorg/gradle/internal/instantiation/generator/AbstractClassGenerator$MethodMetadata;ZZ)V 55 <appendix> form vmentry <vmtarget> ; # java/lang/invoke/LambdaForm$DMH+0x000002b54c1e9000
instanceKlass  @bci org/gradle/internal/instantiation/generator/AsmBackedClassGenerator$ClassBuilderImpl applyConventionMappingToGetter (Lorg/gradle/internal/instantiation/generator/AbstractClassGenerator$PropertyMetadata;Lorg/gradle/internal/instantiation/generator/AbstractClassGenerator$MethodMetadata;ZZ)V 55 <appendix> member <vmtarget> ; # org/gradle/internal/instantiation/generator/AsmBackedClassGenerator$ClassBuilderImpl$$Lambda+0x000002b54c1ed4e8
instanceKlass  @cpi org/gradle/internal/instantiation/generator/AsmBackedClassGenerator$ClassBuilderImpl 1733 form vmentry <vmtarget> ; # java/lang/invoke/LambdaForm$DMH+0x000002b54c1e8c00
instanceKlass  @bci org/gradle/internal/instantiation/generator/AsmBackedClassGenerator$ClassBuilderImpl addLazyGetter (Ljava/lang/String;Lorg/objectweb/asm/Type;Ljava/lang/String;Ljava/lang/String;Ljava/lang/String;Lorg/objectweb/asm/Type;Lorg/gradle/model/internal/asm/BytecodeFragment;Lorg/gradle/model/internal/asm/BytecodeFragment;)V 15 <appendix> member <vmtarget> ; # org/gradle/internal/instantiation/generator/AsmBackedClassGenerator$ClassBuilderImpl$$Lambda+0x000002b54c1ec920
instanceKlass org/gradle/model/internal/asm/BytecodeFragment$1
instanceKlass  @bci org/gradle/internal/instantiation/generator/AsmBackedClassGenerator$ClassBuilderImpl mixInConventionAware ()V 35 <appendix> member <vmtarget> ; # org/gradle/internal/instantiation/generator/AsmBackedClassGenerator$ClassBuilderImpl$$Lambda+0x000002b54c1ec4d0
instanceKlass org/objectweb/asm/Handler
instanceKlass org/gradle/model/internal/asm/ClassVisitorScope$1
instanceKlass  @bci org/gradle/internal/instantiation/generator/AsmBackedClassGenerator$ClassBuilderImpl addExtensionsProperty ()V 11 <appendix> member <vmtarget> ; # org/gradle/internal/instantiation/generator/AsmBackedClassGenerator$ClassBuilderImpl$$Lambda+0x000002b54c1e72e0
instanceKlass  @bci org/gradle/internal/configuration/problems/CommonReport <init> (Lorg/gradle/internal/concurrent/ExecutorFactory;Lorg/gradle/api/internal/file/temp/TemporaryFileProvider;Lorg/gradle/internal/buildoption/InternalOptions;Ljava/lang/String;Ljava/lang/String;Z)V 96 <appendix> form vmentry <vmtarget> ; # java/lang/invoke/LambdaForm$DMH+0x000002b54c1e8800
instanceKlass  @bci org/gradle/internal/instantiation/generator/AsmBackedClassGenerator$ClassBuilderImpl addServiceGetter (Ljava/lang/String;Ljava/lang/String;Lorg/objectweb/asm/Type;Ljava/lang/String;Ljava/lang/String;)V 11 <appendix> member <vmtarget> ; # org/gradle/internal/instantiation/generator/AsmBackedClassGenerator$ClassBuilderImpl$$Lambda+0x000002b54c1e6be8
instanceKlass  @cpi org/gradle/internal/instantiation/generator/AsmBackedClassGenerator$ClassBuilderImpl 1670 form vmentry <vmtarget> ; # java/lang/invoke/LambdaForm$DMH+0x000002b54c1e8400
instanceKlass  @bci org/gradle/internal/instantiation/generator/AsmBackedClassGenerator$ClassBuilderImpl generateToStringSupport ()V 8 <appendix> member <vmtarget> ; # org/gradle/internal/instantiation/generator/AsmBackedClassGenerator$ClassBuilderImpl$$Lambda+0x000002b54c1e64f0
instanceKlass  @bci org/gradle/internal/instantiation/generator/AsmBackedClassGenerator$ClassBuilderImpl generateModelObjectMethods ()V 108 <appendix> member <vmtarget> ; # org/gradle/internal/instantiation/generator/AsmBackedClassGenerator$ClassBuilderImpl$$Lambda+0x000002b54c1e5dd8
instanceKlass  @bci org/gradle/internal/instantiation/generator/AsmBackedClassGenerator$ClassBuilderImpl generateModelObjectMethods ()V 92 <appendix> member <vmtarget> ; # org/gradle/internal/instantiation/generator/AsmBackedClassGenerator$ClassBuilderImpl$$Lambda+0x000002b54c1e56e0
instanceKlass  @bci org/apache/commons/io/IOUtils <clinit> ()V 36 <bsm> form vmentry <vmtarget> ; # java/lang/invoke/LambdaForm$DMH+0x000002b54c1e8000
instanceKlass  @bci org/gradle/internal/instantiation/generator/AsmBackedClassGenerator$ClassBuilderImpl generateModelObjectMethods ()V 76 <appendix> member <vmtarget> ; # org/gradle/internal/instantiation/generator/AsmBackedClassGenerator$ClassBuilderImpl$$Lambda+0x000002b54c1e4fe8
instanceKlass org/gradle/api/Task
instanceKlass  @bci org/gradle/internal/instantiation/generator/AsmBackedClassGenerator$ClassBuilderImpl generateModelObjectMethods ()V 50 <appendix> member <vmtarget> ; # org/gradle/internal/instantiation/generator/AsmBackedClassGenerator$ClassBuilderImpl$$Lambda+0x000002b54c1e46f0
instanceKlass org/objectweb/asm/Edge
instanceKlass  @bci org/gradle/internal/instantiation/generator/AsmBackedClassGenerator$ClassBuilderImpl generateModelObjectMethods ()V 34 <appendix> member <vmtarget> ; # org/gradle/internal/instantiation/generator/AsmBackedClassGenerator$ClassBuilderImpl$$Lambda+0x000002b54c1e3de8
instanceKlass  @bci org/gradle/internal/instantiation/generator/AsmBackedClassGenerator$ClassBuilderImpl generateGeneratedSubtypeMethods ()V 26 <appendix> member <vmtarget> ; # org/gradle/internal/instantiation/generator/AsmBackedClassGenerator$ClassBuilderImpl$$Lambda+0x000002b54c1e36f0
instanceKlass  @bci org/gradle/internal/instantiation/generator/AsmBackedClassGenerator$ClassBuilderImpl generateGeneratedSubtypeMethods ()V 8 <appendix> member <vmtarget> ; # org/gradle/internal/instantiation/generator/AsmBackedClassGenerator$ClassBuilderImpl$$Lambda+0x000002b54c1e2ff8
instanceKlass  @bci org/gradle/internal/instantiation/generator/AsmBackedClassGenerator$ClassBuilderImpl generateInitMethod ()V 62 <appendix> member <vmtarget> ; # org/gradle/internal/instantiation/generator/AsmBackedClassGenerator$ClassBuilderImpl$$Lambda+0x000002b54c1e28e0
instanceKlass  @bci org/gradle/internal/instantiation/generator/AsmBackedClassGenerator$ClassBuilderImpl generateInitMethod ()V 46 <appendix> member <vmtarget> ; # org/gradle/internal/instantiation/generator/AsmBackedClassGenerator$ClassBuilderImpl$$Lambda+0x000002b54c1e21c8
instanceKlass org/objectweb/asm/Label
instanceKlass org/objectweb/asm/Frame
instanceKlass  @bci org/gradle/internal/instantiation/generator/AsmBackedClassGenerator$ClassBuilderImpl generateInitMethod ()V 30 <appendix> member <vmtarget> ; # org/gradle/internal/instantiation/generator/AsmBackedClassGenerator$ClassBuilderImpl$$Lambda+0x000002b54c1e0840
instanceKlass org/gradle/model/internal/asm/AsmClassGeneratorUtils
instanceKlass org/objectweb/asm/ByteVector
instanceKlass org/objectweb/asm/Symbol
instanceKlass org/objectweb/asm/SymbolTable
instanceKlass org/objectweb/asm/FieldVisitor
instanceKlass org/objectweb/asm/MethodVisitor
instanceKlass org/objectweb/asm/AnnotationVisitor
instanceKlass org/objectweb/asm/ModuleVisitor
instanceKlass org/objectweb/asm/RecordComponentVisitor
instanceKlass org/gradle/model/internal/asm/AsmClassGenerator
instanceKlass org/objectweb/asm/Handle
instanceKlass org/gradle/internal/DisplayName
instanceKlass org/gradle/api/Project
instanceKlass org/gradle/api/internal/provider/AbstractMinimalProvider
instanceKlass org/gradle/api/internal/provider/PropertyInternal
instanceKlass org/gradle/api/internal/provider/support/LazyGroovySupport
instanceKlass org/gradle/api/internal/provider/HasConfigurableValueInternal
instanceKlass org/gradle/api/internal/provider/ProviderInternal
instanceKlass org/gradle/internal/evaluation/EvaluationOwner
instanceKlass org/gradle/api/internal/provider/ValueSupplier
instanceKlass org/gradle/internal/instantiation/generator/ManagedObjectFactory
instanceKlass org/gradle/util/internal/ConfigureUtil
instanceKlass org/gradle/internal/metaobject/AbstractDynamicObject
instanceKlass org/gradle/internal/metaobject/DynamicObject
instanceKlass org/gradle/internal/metaobject/PropertyAccess
instanceKlass org/gradle/internal/metaobject/MethodAccess
instanceKlass org/gradle/internal/extensibility/ConventionAwareHelper
instanceKlass org/gradle/api/internal/IConventionAware
instanceKlass org/gradle/internal/state/OwnerAware
instanceKlass org/gradle/api/internal/ConventionMapping
instanceKlass org/gradle/model/internal/asm/BytecodeFragment
instanceKlass groovy/lang/GroovyObjectSupport
instanceKlass groovy/lang/GroovyCallable
instanceKlass org/gradle/api/IsolatedAction
instanceKlass groovy/transform/Generated
instanceKlass  @bci org/gradle/internal/instantiation/generator/AbstractClassGenerator$PropertyMetadata findAnnotation (Ljava/lang/Class;)Ljava/lang/annotation/Annotation; 10 <appendix> member <vmtarget> ; # org/gradle/internal/instantiation/generator/AbstractClassGenerator$PropertyMetadata$$Lambda+0x000002b54c1d7400
instanceKlass  @bci org/gradle/internal/instantiation/generator/AbstractClassGenerator isAttachProperty (Lorg/gradle/internal/instantiation/generator/AbstractClassGenerator$PropertyMetadata;)Z 17 <appendix> member <vmtarget> ; # org/gradle/internal/instantiation/generator/AbstractClassGenerator$$Lambda+0x000002b54c1d71a8
instanceKlass  @cpi org/gradle/internal/watch/registry/impl/AbstractFileWatcherUpdater 374 form vmentry <vmtarget> ; # java/lang/invoke/LambdaForm$DMH+0x000002b54c1cb400
instanceKlass  @bci java/util/stream/MatchOps makeRef (Ljava/util/function/Predicate;Ljava/util/stream/MatchOps$MatchKind;)Ljava/util/stream/TerminalOp; 20 <appendix> member <vmtarget> ; # java/util/stream/MatchOps$$Lambda+0x000002b54c177010
instanceKlass java/util/stream/MatchOps$BooleanTerminalSink
instanceKlass java/util/stream/MatchOps$MatchOp
instanceKlass java/util/stream/MatchOps
instanceKlass  @bci org/gradle/internal/instantiation/generator/AbstractClassGenerator$PropertyMetadata isReadableWithoutSetterOfPropertyType ()Z 17 <appendix> member <vmtarget> ; # org/gradle/internal/instantiation/generator/AbstractClassGenerator$PropertyMetadata$$Lambda+0x000002b54c1d6f50
instanceKlass jdk/internal/vm/annotation/IntrinsicCandidate
instanceKlass org/gradle/api/internal/DynamicObjectAware
instanceKlass org/gradle/internal/extensibility/NoConventionMapping
instanceKlass org/gradle/api/Incubating
instanceKlass org/gradle/api/NonExtensible
instanceKlass org/gradle/api/cache/MarkingStrategy
instanceKlass sun/reflect/generics/tree/Wildcard
instanceKlass sun/reflect/generics/tree/BottomSignature
instanceKlass org/gradle/internal/instantiation/generator/AbstractClassGenerator$MethodMetadata
instanceKlass org/gradle/internal/reflect/PropertyAccessor
instanceKlass org/gradle/internal/reflect/PropertyMutator
instanceKlass org/gradle/internal/reflect/JavaPropertyReflectionUtil
instanceKlass org/gradle/internal/instantiation/generator/AbstractClassGenerator$PropertyMetadata
instanceKlass org/gradle/internal/instantiation/generator/AbstractClassGenerator$ClassMetadata
instanceKlass org/gradle/internal/reflect/MutablePropertyDetails
instanceKlass java/beans/Introspector$1
instanceKlass jdk/internal/access/JavaBeansAccess
instanceKlass java/beans/FeatureDescriptor
instanceKlass java/beans/Introspector
instanceKlass org/gradle/internal/reflect/MethodSet$MethodKey
instanceKlass org/gradle/api/invocation/Gradle
instanceKlass org/gradle/api/plugins/ExtensionAware
instanceKlass org/gradle/api/plugins/PluginAware
instanceKlass org/gradle/api/internal/cache/CacheResourceConfigurationInternal
instanceKlass org/gradle/api/cache/Cleanup
instanceKlass org/gradle/cache/CleanupFrequency
instanceKlass org/gradle/api/cache/CacheResourceConfiguration
instanceKlass org/gradle/internal/reflect/PropertyDetails
instanceKlass org/gradle/internal/reflect/MutableClassDetails
instanceKlass org/gradle/internal/reflect/ClassDetails
instanceKlass org/gradle/internal/reflect/ClassInspector
instanceKlass org/gradle/internal/instantiation/generator/AbstractClassGenerator$ClassGenerationVisitor
instanceKlass org/gradle/internal/instantiation/generator/AsmBackedClassGenerator$ClassInspectionVisitorImpl
instanceKlass org/gradle/internal/instantiation/generator/AbstractClassGenerator$BooleanPropertyDeprecatingValidator
instanceKlass org/gradle/internal/instantiation/generator/AbstractClassGenerator$InjectionAnnotationValidator
instanceKlass org/gradle/internal/instantiation/generator/AbstractClassGenerator$DisabledAnnotationValidator
instanceKlass org/gradle/internal/instantiation/generator/AbstractClassGenerator$ClassValidator
instanceKlass com/google/common/collect/LinkedHashMultimap$ValueSetLink
instanceKlass com/google/common/collect/SortedMapDifference
instanceKlass com/google/common/collect/MapDifference
instanceKlass com/google/common/base/Converter
instanceKlass com/google/common/collect/Maps
instanceKlass org/gradle/internal/reflect/MethodSet
instanceKlass com/google/common/collect/SetMultimap
instanceKlass org/gradle/internal/instantiation/generator/AbstractClassGenerator$ClassGenerationHandler
instanceKlass  @bci org/gradle/internal/instantiation/generator/AbstractClassGenerator generate (Ljava/lang/Class;)Lorg/gradle/internal/instantiation/generator/ClassGenerator$GeneratedClass; 9 <appendix> member <vmtarget> ; # org/gradle/internal/instantiation/generator/AbstractClassGenerator$$Lambda+0x000002b54c1ce030
instanceKlass org/gradle/internal/instantiation/generator/AbstractClassGenerator$GeneratedClassImpl
instanceKlass org/gradle/internal/instantiation/generator/ClassGenerator$GeneratedClass
instanceKlass org/gradle/api/internal/GeneratedSubclass
instanceKlass org/gradle/api/internal/GeneratedSubclasses
instanceKlass  @bci org/gradle/cache/internal/DefaultCrossBuildInMemoryCacheFactory$AbstractCrossBuildInMemoryCache lambda$get$2 (Ljava/util/function/Function;Ljava/lang/Object;)Lorg/gradle/internal/lazy/Lazy; 23 <appendix> member <vmtarget> ; # org/gradle/cache/internal/DefaultCrossBuildInMemoryCacheFactory$AbstractCrossBuildInMemoryCache$$Lambda+0x000002b54c1cd5a0
instanceKlass  @bci org/gradle/cache/internal/DefaultCrossBuildInMemoryCacheFactory$AbstractCrossBuildInMemoryCache get (Ljava/lang/Object;Ljava/util/function/Function;)Ljava/lang/Object; 7 <appendix> member <vmtarget> ; # org/gradle/cache/internal/DefaultCrossBuildInMemoryCacheFactory$AbstractCrossBuildInMemoryCache$$Lambda+0x000002b54c1cd358
instanceKlass  @bci org/gradle/internal/instantiation/generator/Jsr330ConstructorSelector forType (Ljava/lang/Class;)Lorg/gradle/internal/instantiation/generator/ClassGenerator$GeneratedConstructor; 7 <appendix> member <vmtarget> ; # org/gradle/internal/instantiation/generator/Jsr330ConstructorSelector$$Lambda+0x000002b54c1cd130
instanceKlass org/gradle/internal/instantiation/generator/Jsr330ConstructorSelector$CachedConstructor
instanceKlass org/gradle/api/internal/cache/DefaultCacheConfigurations
instanceKlass org/gradle/api/provider/MapProperty
instanceKlass org/gradle/api/provider/ListProperty
instanceKlass org/gradle/api/provider/SetProperty
instanceKlass org/gradle/api/provider/HasMultipleValues
instanceKlass org/gradle/api/internal/model/DefaultObjectFactory
# instanceKlass java/lang/invoke/LambdaForm$MH+0x000002b54c1cb000
# instanceKlass java/lang/invoke/LambdaForm$MH+0x000002b54c1cac00
# instanceKlass java/lang/invoke/LambdaForm$MH+0x000002b54c1ca800
# instanceKlass java/lang/invoke/LambdaForm$MH+0x000002b54c1ca400
# instanceKlass java/lang/invoke/LambdaForm$MH+0x000002b54c1ca000
# instanceKlass java/lang/invoke/LambdaForm$MH+0x000002b54c1c9c00
# instanceKlass java/lang/invoke/LambdaForm$MH+0x000002b54c1c9800
# instanceKlass java/lang/invoke/LambdaForm$MH+0x000002b54c1c9400
# instanceKlass java/lang/invoke/LambdaForm$MH+0x000002b54c1c9000
# instanceKlass java/lang/invoke/LambdaForm$MH+0x000002b54c1c8c00
# instanceKlass java/lang/invoke/LambdaForm$MH+0x000002b54c1c8800
# instanceKlass java/lang/invoke/LambdaForm$DMH+0x000002b54c1c8400
# instanceKlass java/lang/invoke/LambdaForm$DMH+0x000002b54c1c8000
instanceKlass  @bci org/gradle/api/internal/model/NamedObjectInstantiator <init> (Lorg/gradle/cache/internal/ClassCacheFactory;)V 6 <appendix> member <vmtarget> ; # org/gradle/api/internal/model/NamedObjectInstantiator$$Lambda+0x000002b54c1c6400
instanceKlass org/gradle/internal/state/Managed
instanceKlass com/google/common/base/ExtraObjectsMethodsForWeb
instanceKlass org/gradle/model/internal/inspect/ValidationProblemCollector
instanceKlass org/gradle/api/internal/MutationGuards$1
instanceKlass org/gradle/api/internal/MutationGuard
instanceKlass org/gradle/api/internal/MutationGuards
instanceKlass org/gradle/api/internal/CollectionCallbackActionDecorator$1
instanceKlass org/gradle/api/internal/collections/DefaultDomainObjectCollectionFactory
instanceKlass org/gradle/api/file/DirectoryProperty
instanceKlass org/gradle/api/file/RegularFileProperty
instanceKlass org/gradle/api/file/FileSystemLocationProperty
instanceKlass org/gradle/api/provider/Property
instanceKlass org/gradle/api/provider/Provider
instanceKlass org/gradle/api/file/Directory
instanceKlass org/gradle/api/file/RegularFile
instanceKlass org/gradle/api/file/FileSystemLocation
# instanceKlass java/lang/invoke/LambdaForm$MH+0x000002b54c1c6000
# instanceKlass java/lang/invoke/LambdaForm$MH+0x000002b54c1c5c00
instanceKlass  @bci org/gradle/api/internal/file/DefaultFileCollectionFactory <init> (Lorg/gradle/internal/file/PathToFileResolver;Lorg/gradle/api/internal/tasks/TaskDependencyFactory;Lorg/gradle/api/internal/file/collections/DirectoryFileTreeFactory;Lorg/gradle/api/tasks/util/internal/PatternSetFactory;Lorg/gradle/api/internal/provider/PropertyHost;Lorg/gradle/internal/nativeintegration/filesystem/FileSystem;)V 10 <appendix> argL0 ; # org/gradle/api/internal/file/DefaultFileCollectionFactory$$Lambda+0x000002b54c1c2ce0
instanceKlass  @cpi org/gradle/internal/buildevents/BuildExceptionReporter 730 form vmentry <vmtarget> ; # java/lang/invoke/LambdaForm$DMH+0x000002b54c1c5800
instanceKlass org/gradle/api/internal/file/collections/FileCollectionObservationListener
instanceKlass org/gradle/api/internal/tasks/DefaultTaskDependencyFactory
instanceKlass org/gradle/api/file/ConfigurableFileTree
instanceKlass org/gradle/api/file/DirectoryTree
instanceKlass org/gradle/api/file/ConfigurableFileCollection
instanceKlass org/gradle/api/provider/SupportsConvention
instanceKlass org/gradle/api/provider/HasConfigurableValue
instanceKlass org/gradle/api/internal/file/collections/MinimalFileTree
instanceKlass org/gradle/api/internal/file/collections/MinimalFileCollection
instanceKlass org/gradle/api/internal/file/FileTreeInternal
instanceKlass org/gradle/api/file/FileTree
instanceKlass org/gradle/api/internal/file/FileCollectionInternal
instanceKlass org/gradle/api/internal/tasks/TaskDependencyContainer
instanceKlass org/gradle/api/file/FileCollection
instanceKlass org/gradle/api/internal/file/DefaultFileCollectionFactory
# instanceKlass java/lang/invoke/LambdaForm$MH+0x000002b54c1c5400
# instanceKlass java/lang/invoke/LambdaForm$MH+0x000002b54c1c5000
# instanceKlass java/lang/invoke/LambdaForm$MH+0x000002b54c1c4c00
# instanceKlass java/lang/invoke/LambdaForm$MH+0x000002b54c1c4800
# instanceKlass java/lang/invoke/LambdaForm$MH+0x000002b54c1c4400
# instanceKlass java/lang/invoke/LambdaForm$MH+0x000002b54c1c4000
instanceKlass org/gradle/internal/typeconversion/CompositeNotationConverter
instanceKlass  @bci org/gradle/api/internal/file/AbstractFileResolver <init> ()V 47 <appendix> member <vmtarget> ; # org/gradle/api/internal/file/AbstractFileResolver$$Lambda+0x000002b54c1c08b8
instanceKlass org/gradle/internal/typeconversion/TransformingConverter
instanceKlass org/gradle/api/internal/file/UriNotationConverter
instanceKlass org/gradle/internal/exceptions/DiagnosticsVisitor
instanceKlass org/gradle/internal/typeconversion/ErrorHandlingNotationParser
instanceKlass org/gradle/internal/typeconversion/NotationConvertResult
instanceKlass org/gradle/internal/typeconversion/NotationConverterToNotationParserAdapter
instanceKlass org/gradle/internal/typeconversion/TypeInfo
instanceKlass org/gradle/internal/typeconversion/NotationParserBuilder
instanceKlass org/gradle/api/internal/file/FileNotationConverter
instanceKlass org/gradle/internal/typeconversion/NotationParser
instanceKlass org/gradle/internal/typeconversion/NotationConverter
instanceKlass org/gradle/api/internal/file/AbstractFileResolver
instanceKlass org/gradle/api/internal/provider/DefaultPropertyFactory
instanceKlass  @bci org/gradle/api/internal/provider/PropertyHost <clinit> ()V 0 <appendix> argL0 ; # org/gradle/api/internal/provider/PropertyHost$$Lambda+0x000002b54c1bdd28
instanceKlass org/gradle/internal/state/ModelObject
instanceKlass org/gradle/api/internal/file/collections/DefaultDirectoryFileTreeFactory
instanceKlass org/gradle/api/tasks/util/PatternSet
instanceKlass org/gradle/api/tasks/util/PatternFilterable
instanceKlass org/gradle/api/tasks/AntBuilderAware
instanceKlass org/gradle/api/tasks/util/internal/DefaultPatternSetFactory
instanceKlass com/google/common/cache/LocalCache$AbstractReferenceEntry
instanceKlass java/util/concurrent/atomic/AtomicReferenceArray
instanceKlass com/google/common/cache/LocalCache$LoadingValueReference
instanceKlass com/google/common/cache/RemovalListener
instanceKlass com/google/common/cache/Weigher
instanceKlass com/google/common/base/Equivalence
instanceKlass java/util/function/BiPredicate
instanceKlass com/google/common/base/MoreObjects
instanceKlass com/google/common/cache/LocalCache$1
instanceKlass com/google/common/cache/ReferenceEntry
instanceKlass com/google/common/cache/LocalCache$ValueReference
instanceKlass com/google/common/cache/LocalCache$LocalManualCache
instanceKlass com/google/common/cache/CacheBuilder$2
instanceKlass com/google/common/cache/CacheStats
instanceKlass com/google/common/base/Suppliers$SupplierOfInstance
instanceKlass com/google/common/base/Suppliers
instanceKlass com/google/common/cache/CacheBuilder$1
instanceKlass com/google/common/cache/AbstractCache$StatsCounter
instanceKlass com/google/common/cache/LoadingCache
instanceKlass com/google/common/cache/Cache
instanceKlass com/google/common/base/Ticker
instanceKlass com/google/common/cache/CacheBuilder
instanceKlass org/gradle/cache/internal/HeapProportionalCacheSizer
instanceKlass org/gradle/internal/instantiation/generator/DefaultInstantiationScheme$DefaultDeserializationInstantiator
instanceKlass org/gradle/internal/instantiation/InstanceFactory
instanceKlass org/gradle/internal/instantiation/generator/DependencyInjectingInstantiator
instanceKlass org/gradle/internal/instantiation/DeserializationInstantiator
instanceKlass org/gradle/internal/instantiation/generator/DefaultInstantiationScheme
instanceKlass org/gradle/internal/instantiation/generator/ParamsMatchingConstructorSelector
instanceKlass org/gradle/cache/internal/DefaultCrossBuildInMemoryCacheFactory$2
instanceKlass org/gradle/internal/instantiation/generator/Jsr330ConstructorSelector
instanceKlass com/google/common/collect/ImmutableMultimap$Builder
instanceKlass com/google/common/collect/Multiset
instanceKlass org/gradle/cache/internal/DefaultCrossBuildInMemoryCacheFactory$AbstractCrossBuildInMemoryCache
instanceKlass org/gradle/internal/session/BuildSessionLifecycleListener
instanceKlass org/gradle/model/internal/asm/ClassGeneratorSuffixRegistry
instanceKlass org/gradle/internal/instantiation/generator/AbstractClassGenerator$InstantiationStrategy
instanceKlass org/gradle/internal/instantiation/generator/AbstractClassGenerator$ClassInspectionVisitor
instanceKlass org/gradle/internal/instantiation/generator/AbstractClassGenerator$UnclaimedPropertyHandler
instanceKlass com/google/common/reflect/TypeCapture
instanceKlass com/google/common/collect/ListMultimap
instanceKlass com/google/common/collect/AbstractMultimap
instanceKlass com/google/common/collect/Multimap
instanceKlass org/gradle/internal/instantiation/generator/AbstractClassGenerator
instanceKlass org/gradle/internal/instantiation/generator/ClassGenerator
instanceKlass org/gradle/internal/service/ServiceRegistryBuilder$1
instanceKlass  @bci org/gradle/internal/instantiation/generator/DefaultInstantiatorFactory defaultServiceRegistry ()Lorg/gradle/internal/service/ServiceRegistry; 9 <appendix> member <vmtarget> ; # org/gradle/internal/instantiation/generator/DefaultInstantiatorFactory$$Lambda+0x000002b54c1ae748
instanceKlass org/gradle/internal/service/ServiceRegistrationAction
instanceKlass org/gradle/api/internal/tasks/properties/annotations/OutputPropertyRoleAnnotationHandler
instanceKlass org/gradle/internal/instantiation/generator/DefaultInstantiatorFactory$ManagedTypeFactory
instanceKlass org/gradle/internal/instantiation/InstantiationScheme
instanceKlass org/gradle/internal/instantiation/generator/ConstructorSelector
instanceKlass org/gradle/internal/instantiation/generator/DefaultInstantiatorFactory
# instanceKlass java/lang/invoke/LambdaForm$MH+0x000002b54c1a9000
# instanceKlass java/lang/invoke/LambdaForm$MH+0x000002b54c1a8c00
# instanceKlass java/lang/invoke/LambdaForm$MH+0x000002b54c1a8800
instanceKlass org/gradle/cache/internal/CrossBuildInMemoryCache
instanceKlass org/gradle/cache/internal/DefaultCrossBuildInMemoryCacheFactory
instanceKlass java/util/stream/ForEachOps$ForEachOp
instanceKlass java/util/stream/ForEachOps
instanceKlass  @bci org/gradle/internal/execution/model/annotations/ModifierAnnotationCategory annotationsOf ([Lorg/gradle/internal/execution/model/annotations/ModifierAnnotationCategory;)Lcom/google/common/collect/ImmutableSet; 24 <appendix> member <vmtarget> ; # org/gradle/internal/execution/model/annotations/ModifierAnnotationCategory$$Lambda+0x000002b54c1ac640
instanceKlass  @bci org/gradle/internal/execution/model/annotations/ModifierAnnotationCategory annotationsOf ([Lorg/gradle/internal/execution/model/annotations/ModifierAnnotationCategory;)Lcom/google/common/collect/ImmutableSet; 8 <appendix> argL0 ; # org/gradle/internal/execution/model/annotations/ModifierAnnotationCategory$$Lambda+0x000002b54c1ac400
instanceKlass org/gradle/work/NormalizeLineEndings
instanceKlass org/gradle/api/tasks/IgnoreEmptyDirectories
instanceKlass org/gradle/api/tasks/Optional
instanceKlass org/gradle/api/tasks/PathSensitive
instanceKlass org/gradle/api/tasks/CompileClasspath
instanceKlass org/gradle/api/tasks/Classpath
instanceKlass org/gradle/api/tasks/SkipWhenEmpty
instanceKlass org/gradle/work/Incremental
instanceKlass  @bci org/gradle/internal/service/scopes/WorkerSharedGlobalScopeServices createDeleter (Lorg/gradle/internal/time/Clock;Lorg/gradle/internal/nativeintegration/filesystem/FileSystem;Lorg/gradle/internal/os/OperatingSystem;)Lorg/gradle/internal/file/Deleter; 21 <appendix> member <vmtarget> ; # org/gradle/internal/service/scopes/WorkerSharedGlobalScopeServices$$Lambda+0x000002b54c1a63e0
instanceKlass  @bci org/gradle/internal/service/scopes/WorkerSharedGlobalScopeServices createDeleter (Lorg/gradle/internal/time/Clock;Lorg/gradle/internal/nativeintegration/filesystem/FileSystem;Lorg/gradle/internal/os/OperatingSystem;)Lorg/gradle/internal/file/Deleter; 10 <appendix> member <vmtarget> ; # org/gradle/internal/service/scopes/WorkerSharedGlobalScopeServices$$Lambda+0x000002b54c1a61b8
instanceKlass  @cpi org/gradle/internal/service/scopes/WorkerSharedGlobalScopeServices 305 form vmentry <vmtarget> ; # java/lang/invoke/LambdaForm$DMH+0x000002b54c1a8400
instanceKlass org/gradle/internal/file/impl/DefaultDeleter
# instanceKlass java/lang/invoke/LambdaForm$MH+0x000002b54c1a8000
# instanceKlass java/lang/invoke/LambdaForm$MH+0x000002b54c1a3c00
# instanceKlass java/lang/invoke/LambdaForm$MH+0x000002b54c1a3800
# instanceKlass java/lang/invoke/LambdaForm$MH+0x000002b54c1a3400
instanceKlass org/gradle/cache/internal/scopes/DefaultCacheScopeMapping
instanceKlass org/gradle/cache/internal/CacheScopeMapping
# instanceKlass java/lang/invoke/LambdaForm$MH+0x000002b54c1a3000
# instanceKlass java/lang/invoke/LambdaForm$MH+0x000002b54c1a2c00
instanceKlass org/gradle/cache/CacheBuilder
instanceKlass org/gradle/cache/internal/DefaultUnscopedCacheBuilderFactory
instanceKlass org/gradle/cache/internal/ReferencablePersistentCache
instanceKlass org/gradle/cache/PersistentCache
instanceKlass org/gradle/cache/HasCleanupAction
instanceKlass org/gradle/cache/CleanableStore
instanceKlass org/gradle/cache/ExclusiveCacheAccessCoordinator
instanceKlass org/gradle/cache/internal/DefaultCacheFactory
# instanceKlass java/lang/invoke/LambdaForm$MH+0x000002b54c1a2800
# instanceKlass java/lang/invoke/LambdaForm$MH+0x000002b54c1a2400
# instanceKlass java/lang/invoke/LambdaForm$MH+0x000002b54c1a2000
instanceKlass  @bci org/gradle/internal/service/scopes/WorkerSharedGlobalScopeServices createBuildOperationRunner (Lorg/gradle/internal/time/Clock;Lorg/gradle/internal/operations/CurrentBuildOperationRef;Lorg/gradle/internal/logging/progress/ProgressLoggerFactory;Lorg/gradle/internal/operations/BuildOperationIdFactory;Lorg/gradle/internal/operations/BuildOperationListenerManager;)Lorg/gradle/internal/operations/BuildOperationRunner; 21 <appendix> member <vmtarget> ; # org/gradle/internal/service/scopes/WorkerSharedGlobalScopeServices$$Lambda+0x000002b54c1a4830
instanceKlass org/gradle/internal/operations/DefaultBuildOperationRunner$BuildOperationExecutionListenerFactory
instanceKlass org/gradle/internal/operations/DefaultBuildOperationRunner$1
instanceKlass org/gradle/internal/operations/DefaultBuildOperationRunner$ReadableBuildOperationContext
instanceKlass org/gradle/internal/operations/BuildOperationContext
instanceKlass org/gradle/internal/operations/DefaultBuildOperationRunner$BuildOperationExecution
instanceKlass org/gradle/internal/operations/BuildOperation
instanceKlass org/gradle/internal/operations/BuildOperationWorker
instanceKlass org/gradle/internal/operations/DefaultBuildOperationRunner
# instanceKlass java/lang/invoke/LambdaForm$MH+0x000002b54c1a1c00
# instanceKlass java/lang/invoke/LambdaForm$MH+0x000002b54c1a1800
# instanceKlass java/lang/invoke/LambdaForm$MH+0x000002b54c1a1400
# instanceKlass java/lang/invoke/LambdaForm$MH+0x000002b54c1a1000
# instanceKlass java/lang/invoke/LambdaForm$MH+0x000002b54c1a0c00
# instanceKlass java/lang/invoke/LambdaForm$MH+0x000002b54c1a0800
# instanceKlass java/lang/invoke/LambdaForm$MH+0x000002b54c1a0400
# instanceKlass java/lang/invoke/LambdaForm$DMH+0x000002b54c1a0000
instanceKlass org/gradle/internal/logging/services/ProgressLoggingBridge
instanceKlass org/gradle/internal/logging/progress/ProgressLogger
instanceKlass org/gradle/internal/logging/progress/DefaultProgressLoggerFactory
# instanceKlass java/lang/invoke/LambdaForm$MH+0x000002b54c199c00
# instanceKlass java/lang/invoke/LambdaForm$MH+0x000002b54c199800
# instanceKlass java/lang/invoke/LambdaForm$MH+0x000002b54c199400
instanceKlass org/gradle/internal/operations/DefaultBuildOperationIdFactory
instanceKlass  @bci org/gradle/internal/service/scopes/DefaultGradleUserHomeScopeServiceRegistry$1 createGradleUserHomeDirProvider ()Lorg/gradle/initialization/GradleUserHomeDirProvider; 4 <appendix> member <vmtarget> ; # org/gradle/internal/service/scopes/DefaultGradleUserHomeScopeServiceRegistry$1$$Lambda+0x000002b54c19ab58
# instanceKlass java/lang/invoke/LambdaForm$DMH+0x000002b54c199000
instanceKlass org/gradle/internal/versionedcache/UsedGradleVersions
instanceKlass org/gradle/cache/internal/GradleUserHomeCleanupServices
instanceKlass org/gradle/cache/internal/scopes/AbstractScopedCacheBuilderFactory
instanceKlass org/gradle/initialization/layout/GlobalCacheDir
instanceKlass org/gradle/internal/classloader/ClasspathHasher
instanceKlass org/gradle/api/internal/cache/CacheConfigurationsInternal
instanceKlass org/gradle/api/cache/CacheConfigurations
instanceKlass org/gradle/internal/jvm/JavaModuleDetector
instanceKlass org/gradle/api/internal/plugins/DefaultPluginRegistry
instanceKlass org/gradle/process/internal/worker/child/WorkerProcessClassPathProvider
instanceKlass org/gradle/execution/plan/ToPlannedNodeConverterRegistry
instanceKlass org/gradle/internal/vfs/FileSystemAccess
instanceKlass org/gradle/cache/internal/DefaultGeneratedGradleJarCache
instanceKlass org/gradle/cache/internal/GeneratedGradleJarCache
instanceKlass org/gradle/initialization/ClassLoaderScopeRegistryListenerManager
instanceKlass org/gradle/groovy/scripts/internal/CrossBuildInMemoryCachingScriptClassCache
instanceKlass org/gradle/api/internal/plugins/CorePluginRegistryProvider
instanceKlass org/gradle/cache/scopes/GlobalScopedCacheBuilderFactory
instanceKlass org/gradle/internal/service/scopes/DefaultGradleUserHomeScopeServiceRegistry$1
instanceKlass org/gradle/internal/session/BuildSessionState
instanceKlass org/gradle/internal/buildoption/DefaultInternalOptions
instanceKlass com/fasterxml/jackson/core/type/TypeReference
instanceKlass org/gradle/internal/operations/trace/BuildOperationTrace$TraceWriter
instanceKlass org/gradle/internal/operations/DefaultBuildOperationListenerManager$1
instanceKlass org/gradle/internal/operations/DefaultBuildOperationListenerManager
instanceKlass org/gradle/internal/buildoption/InternalOptions
instanceKlass org/gradle/internal/operations/DefaultBuildOperationsParameters
instanceKlass org/gradle/internal/work/WorkerLeaseRegistry$WorkerLease
instanceKlass org/gradle/internal/resources/ResourceLock
instanceKlass org/gradle/internal/work/WorkerLeaseRegistry$WorkerLeaseCompletion
instanceKlass org/gradle/internal/work/Synchronizer
instanceKlass org/gradle/internal/work/DefaultWorkerLeaseService
instanceKlass org/gradle/internal/work/ProjectParallelExecutionController
instanceKlass org/gradle/internal/resources/ResourceLockState
instanceKlass org/gradle/internal/resources/DefaultResourceLockCoordinationService
instanceKlass org/gradle/internal/resources/ResourceLockCoordinationService
instanceKlass org/gradle/internal/operations/trace/BuildOperationTrace
instanceKlass org/gradle/internal/service/scopes/CrossBuildSessionParameters
instanceKlass org/gradle/internal/operations/notify/BuildOperationNotificationValve
instanceKlass org/gradle/internal/operations/notify/BuildOperationNotificationBridge
instanceKlass org/gradle/internal/operations/notify/BuildOperationNotificationListenerRegistrar
instanceKlass org/gradle/internal/operations/logging/LoggingBuildOperationProgressBroadcaster
instanceKlass org/gradle/internal/work/WorkerLeaseService
instanceKlass org/gradle/internal/work/WorkerThreadRegistry
instanceKlass org/gradle/internal/resources/ProjectLeaseRegistry
instanceKlass org/gradle/internal/work/WorkerLeaseRegistry
instanceKlass org/gradle/internal/operations/BuildOperationsParameters
instanceKlass org/gradle/internal/work/WorkerLimits
instanceKlass org/gradle/configuration/internal/ListenerBuildOperationDecorator
instanceKlass org/gradle/api/internal/CollectionCallbackActionDecorator
instanceKlass org/gradle/internal/operations/BuildOperationExecutor
instanceKlass org/gradle/internal/operations/BuildOperationQueueFactory
instanceKlass org/gradle/internal/code/UserCodeApplicationContext
instanceKlass org/gradle/internal/work/ResourceLockStatistics
instanceKlass org/gradle/internal/service/scopes/CoreCrossBuildSessionServices
# instanceKlass java/lang/invoke/LambdaForm$MH+0x000002b54c198c00
# instanceKlass java/lang/invoke/LambdaForm$MH+0x000002b54c198800
# instanceKlass java/lang/invoke/LambdaForm$MH+0x000002b54c198400
# instanceKlass java/lang/invoke/LambdaForm$MH+0x000002b54c198000
instanceKlass org/gradle/internal/service/DefaultServiceRegistry$CollectionService
instanceKlass org/gradle/internal/service/DefaultServiceRegistry$CollectingVisitor
instanceKlass sun/reflect/generics/tree/VoidDescriptor
instanceKlass org/gradle/internal/session/CrossBuildSessionState$Services
instanceKlass org/gradle/internal/session/CrossBuildSessionState
instanceKlass org/gradle/internal/buildprocess/execution/BuildSessionLifecycleBuildActionExecutor$ActionImpl
instanceKlass org/gradle/initialization/SettingsLocation
instanceKlass org/gradle/initialization/layout/BuildLayoutConfiguration
instanceKlass org/gradle/internal/scripts/ScriptingLanguages$1
instanceKlass org/gradle/scripts/ScriptingLanguage
instanceKlass org/gradle/internal/scripts/ScriptingLanguages
instanceKlass org/gradle/internal/scripts/ScriptFileUtil
instanceKlass org/gradle/internal/scripts/DefaultScriptFileResolver
instanceKlass org/gradle/tooling/internal/protocol/ModelIdentifier
instanceKlass org/gradle/tooling/internal/protocol/InternalProtocolInterface
instanceKlass org/gradle/internal/logging/sink/OutputEventRenderer$3
instanceKlass org/gradle/internal/logging/sink/ProgressLogEventGenerator
instanceKlass org/gradle/internal/logging/console/BuildLogLevelFilterRenderer
instanceKlass org/gradle/launcher/daemon/server/exec/ExecuteBuild$1
instanceKlass org/gradle/initialization/DefaultBuildRequestContext
instanceKlass org/gradle/initialization/DefaultBuildRequestMetaData
instanceKlass org/gradle/configuration/DefaultBuildClientMetaData
instanceKlass org/gradle/launcher/daemon/server/exec/DaemonConnectionBackedEventConsumer
instanceKlass org/gradle/launcher/daemon/server/exec/WatchForDisconnection$1
instanceKlass org/gradle/internal/featurelifecycle/LoggingIncubatingFeatureHandler
instanceKlass org/gradle/util/internal/IncubationLogger
instanceKlass org/gradle/internal/problems/NoOpProblemDiagnosticsFactory$2
instanceKlass org/gradle/internal/problems/NoOpProblemDiagnosticsFactory$1
instanceKlass org/gradle/problems/buildtree/ProblemStream
instanceKlass org/gradle/problems/ProblemDiagnostics
instanceKlass org/gradle/internal/problems/NoOpProblemDiagnosticsFactory
instanceKlass org/gradle/api/problems/Problem
instanceKlass org/gradle/problems/buildtree/ProblemStream$StackTraceTransformer
instanceKlass org/gradle/internal/featurelifecycle/LoggingDeprecatedFeatureHandler
instanceKlass org/gradle/internal/featurelifecycle/FeatureHandler
instanceKlass org/gradle/internal/deprecation/DeprecationMessageBuilder
instanceKlass org/gradle/internal/deprecation/DeprecationLogger
instanceKlass org/gradle/internal/daemon/clientinput/ClientInputForwarder$2
instanceKlass org/gradle/internal/daemon/clientinput/ClientInputForwarder$1
instanceKlass  @bci org/gradle/launcher/daemon/server/exec/ForwardClientInput execute (Lorg/gradle/launcher/daemon/server/api/DaemonCommandExecution;)V 5 <appendix> member <vmtarget> ; # org/gradle/launcher/daemon/server/exec/ForwardClientInput$$Lambda+0x000002b54c18efe8
instanceKlass java/math/MathContext
instanceKlass org/gradle/internal/util/NumberUtil
instanceKlass org/gradle/launcher/daemon/server/exec/LogToClient$AsynchronousLogDispatcher$1
instanceKlass java/util/concurrent/CountDownLatch
instanceKlass java/util/Collections$UnmodifiableMap$UnmodifiableEntrySet$UnmodifiableEntry
instanceKlass java/util/Collections$UnmodifiableMap$UnmodifiableEntrySet$1
instanceKlass  @bci org/gradle/launcher/daemon/server/DaemonStateCoordinator runCommand (Ljava/lang/Runnable;Ljava/lang/String;)V 11 <appendix> member <vmtarget> ; # org/gradle/launcher/daemon/server/DaemonStateCoordinator$$Lambda+0x000002b54c18ba98
instanceKlass  @cpi org/gradle/api/internal/artifacts/DefaultPublishArtifactSet 127 form vmentry <vmtarget> ; # java/lang/invoke/LambdaForm$DMH+0x000002b54c18c000
instanceKlass  @bci java/net/DatagramPacket setData ([BII)V 9 <appendix> argL0 ; # java/net/DatagramPacket$$Lambda+0x000002b54c171e88
instanceKlass java/net/DatagramPacket
instanceKlass org/gradle/cache/internal/locklistener/FileLockPacketPayload
instanceKlass org/gradle/launcher/daemon/registry/PersistentDaemonRegistry$5
instanceKlass jdk/internal/math/MathUtils
instanceKlass jdk/internal/math/DoubleToDecimal
instanceKlass org/gradle/launcher/daemon/server/exec/StartBuildOrRespondWithBusy$1
instanceKlass org/gradle/launcher/daemon/server/DefaultDaemonConnection$CommandQueue$1
instanceKlass org/gradle/launcher/daemon/server/exec/HandleCancel$1
instanceKlass com/google/common/collect/Platform
instanceKlass org/gradle/launcher/daemon/server/api/DaemonCommandExecution
instanceKlass org/gradle/launcher/exec/DefaultBuildActionParameters
instanceKlass org/gradle/configuration/GradleLauncherMetaData
instanceKlass com/google/common/collect/CollectPreconditions
instanceKlass com/google/common/collect/AbstractMapEntry
instanceKlass com/google/common/collect/ImmutableMap$Builder
instanceKlass com/google/common/collect/BiMap
instanceKlass com/google/common/collect/ImmutableMap
instanceKlass com/google/common/collect/Sets
instanceKlass com/google/common/collect/Lists
instanceKlass org/gradle/internal/buildoption/Option$Value
instanceKlass org/gradle/internal/RunDefaultTasksExecutionRequest
instanceKlass org/gradle/TaskExecutionRequest
instanceKlass org/gradle/api/launcher/cli/WelcomeMessageConfiguration
instanceKlass org/gradle/internal/concurrent/DefaultParallelismConfiguration
instanceKlass org/gradle/internal/logging/DefaultLoggingConfiguration
instanceKlass org/gradle/initialization/BuildLayoutParameters
instanceKlass java/nio/channels/spi/AbstractSelector$1
instanceKlass org/gradle/launcher/daemon/server/DefaultDaemonConnection$1
instanceKlass org/gradle/launcher/daemon/server/DefaultDaemonConnection$ReceiveQueue
instanceKlass org/gradle/launcher/daemon/server/DefaultDaemonConnection$DisconnectQueue
instanceKlass org/gradle/launcher/daemon/server/DefaultDaemonConnection$CommandQueue
instanceKlass org/gradle/launcher/daemon/server/DefaultDaemonConnection
instanceKlass org/gradle/launcher/daemon/server/api/DaemonConnection
instanceKlass org/gradle/launcher/daemon/server/DefaultIncomingConnectionHandler$ConnectionWorker
instanceKlass org/gradle/launcher/daemon/server/SynchronizedDispatchConnection
instanceKlass org/gradle/internal/serialize/Serializers$StatefulSerializerAdapter$2
instanceKlass org/gradle/internal/serialize/PositionAwareEncoder
instanceKlass org/gradle/internal/serialize/Serializers$StatefulSerializerAdapter$1
instanceKlass org/gradle/internal/remote/internal/inet/SocketInetAddress$Serializer
instanceKlass org/gradle/internal/io/BufferCaster
instanceKlass java/lang/invoke/ConstantBootstraps
instanceKlass java/nio/channels/SelectionKey
instanceKlass java/nio/BufferMismatch
instanceKlass  @bci sun/security/provider/certpath/ldap/JdkLDAP <init> ()V 15 <appendix> member <vmtarget> ; # sun/security/provider/certpath/ldap/JdkLDAP$$Lambda+0x000002b54c16f898
instanceKlass com/sun/security/sasl/Provider$1
instanceKlass com/sun/security/sasl/gsskerb/JdkSASL$1
instanceKlass sun/security/smartcardio/SunPCSC$1
instanceKlass org/jcp/xml/dsig/internal/dom/XMLDSigRI$2
instanceKlass org/jcp/xml/dsig/internal/dom/XMLDSigRI$1
instanceKlass  @bci sun/security/ssl/SunJSSE registerAlgorithms ()V 1 <appendix> member <vmtarget> ; # sun/security/ssl/SunJSSE$$Lambda+0x000002b54c16e3c8
instanceKlass java/security/spec/ECFieldF2m
instanceKlass sun/security/util/ObjectIdentifier
instanceKlass sun/security/util/ByteArrayTagOrder
instanceKlass sun/security/util/ByteArrayLexOrder
instanceKlass sun/security/util/DerEncoder
instanceKlass java/security/spec/ECParameterSpec
instanceKlass java/security/spec/AlgorithmParameterSpec
instanceKlass java/security/spec/ECPoint
instanceKlass java/security/spec/EllipticCurve
instanceKlass java/security/spec/ECFieldFp
instanceKlass java/security/spec/ECField
instanceKlass sun/security/util/CurveDB
instanceKlass sun/security/ec/SunEC$1
instanceKlass  @bci sun/security/jgss/SunProvider <init> ()V 15 <appendix> member <vmtarget> ; # sun/security/jgss/SunProvider$$Lambda+0x000002b54c13a000
instanceKlass  @bci sun/security/pkcs11/SunPKCS11 register (Lsun/security/pkcs11/SunPKCS11$Descriptor;)V 27 <appendix> argL0 ; # sun/security/pkcs11/SunPKCS11$$Lambda+0x000002b54c1394b8
instanceKlass sun/security/pkcs11/SunPKCS11$Descriptor
instanceKlass javax/security/auth/Subject
instanceKlass javax/security/auth/callback/CallbackHandler
instanceKlass sun/security/mscapi/SunMSCAPI$2
instanceKlass sun/security/mscapi/SunMSCAPI$1
instanceKlass sun/security/jca/ProviderConfig$ProviderLoader
instanceKlass sun/security/jca/ProviderConfig$3
instanceKlass sun/security/rsa/SunRsaSignEntries
instanceKlass sun/net/NetProperties$1
instanceKlass sun/net/NetProperties
instanceKlass  @bci sun/nio/ch/UnixDomainSocketsUtil getTempDir ()Ljava/lang/String; 0 <appendix> argL0 ; # sun/nio/ch/UnixDomainSocketsUtil$$Lambda+0x000002b54c169710
instanceKlass sun/nio/ch/UnixDomainSocketsUtil
instanceKlass sun/nio/ch/UnixDomainSockets
instanceKlass sun/nio/ch/PipeImpl$Initializer$LoopbackConnector
instanceKlass sun/nio/ch/PipeImpl$Initializer
instanceKlass java/nio/channels/Pipe
instanceKlass sun/nio/ch/WEPoll
instanceKlass sun/nio/ch/Util$2
instanceKlass java/nio/channels/Selector
instanceKlass org/gradle/internal/remote/internal/KryoBackedMessageSerializer
instanceKlass org/gradle/internal/remote/internal/inet/SocketConnection
instanceKlass org/gradle/internal/serialize/ObjectReader
instanceKlass org/gradle/internal/serialize/ObjectWriter
instanceKlass org/gradle/internal/serialize/Serializers$StatefulSerializerAdapter
instanceKlass org/gradle/internal/serialize/StatefulSerializer
instanceKlass org/gradle/internal/serialize/Serializers
instanceKlass org/gradle/internal/remote/internal/RemoteConnection
instanceKlass org/gradle/internal/remote/internal/Connection
instanceKlass org/gradle/internal/dispatch/Receive
instanceKlass org/gradle/internal/remote/internal/MessageSerializer
instanceKlass org/gradle/internal/remote/internal/inet/SocketConnectCompletion
instanceKlass sun/nio/ch/Util$BufferCache
instanceKlass sun/nio/ch/Util
instanceKlass org/gradle/internal/remote/internal/ConnectCompletion
instanceKlass org/gradle/launcher/daemon/server/DaemonStateCoordinator$1
instanceKlass org/gradle/internal/remote/internal/inet/TcpOutgoingConnector
instanceKlass org/gradle/internal/remote/internal/inet/SocketBlockingUtil
instanceKlass org/gradle/internal/event/DefaultListenerManager$ExclusiveEventBroadcast$1
instanceKlass java/net/Socket
instanceKlass org/gradle/launcher/daemon/server/Daemon$DefaultDaemonExpirationListener
instanceKlass org/gradle/launcher/daemon/server/Daemon$DaemonExpirationPeriodicCheck
instanceKlass sun/nio/ch/IOStatus
instanceKlass org/gradle/launcher/daemon/server/expiry/AnyDaemonExpirationStrategy
instanceKlass org/gradle/launcher/daemon/server/DaemonRegistryUnavailableExpirationStrategy
instanceKlass  @bci org/gradle/internal/classpath/MethodHandleUtils lazyKotlinStaticDefaultHandle (Ljava/lang/Class;Ljava/lang/String;Ljava/lang/Class;[Ljava/lang/Class;)Lorg/gradle/internal/lazy/Lazy; 7 <appendix> form vmentry <vmtarget> ; # java/lang/invoke/LambdaForm$DMH+0x000002b54c131c00
instanceKlass  @bci sun/reflect/annotation/AnnotationParser parseEnumArray (ILjava/lang/Class;Ljava/nio/ByteBuffer;Ljdk/internal/reflect/ConstantPool;Ljava/lang/Class;)Ljava/lang/Object; 16 <appendix> member <vmtarget> ; # sun/reflect/annotation/AnnotationParser$$Lambda+0x000002b54c164b58
instanceKlass org/gradle/internal/reflect/JavaReflectionUtil
instanceKlass org/gradle/internal/service/scopes/ParallelListener
instanceKlass org/gradle/internal/event/DefaultListenerManager$ListenerDetails
instanceKlass org/gradle/launcher/daemon/server/health/LowMemoryDaemonExpirationStrategy
instanceKlass org/gradle/process/internal/health/memory/OsMemoryStatusListener
instanceKlass org/gradle/launcher/daemon/server/NotMostRecentlyUsedDaemonExpirationStrategy
instanceKlass com/google/common/base/Functions$ConstantFunction
instanceKlass com/google/common/base/Functions
instanceKlass org/gradle/launcher/daemon/server/DaemonIdleTimeoutExpirationStrategy
instanceKlass org/gradle/launcher/daemon/toolchain/DaemonJvmCriteria$JavaHome
instanceKlass org/gradle/launcher/daemon/context/DaemonRequestContext
instanceKlass org/gradle/launcher/daemon/context/DaemonCompatibilitySpec
instanceKlass org/gradle/api/internal/specs/ExplainingSpec
instanceKlass org/gradle/launcher/daemon/server/CompatibleDaemonExpirationStrategy
instanceKlass org/gradle/launcher/daemon/server/expiry/AllDaemonExpirationStrategy
instanceKlass org/gradle/launcher/daemon/server/FileLockContentionExpirationStrategy
# instanceKlass java/lang/invoke/LambdaForm$MH+0x000002b54c131800
# instanceKlass java/lang/invoke/LambdaForm$MH+0x000002b54c131400
# instanceKlass java/lang/invoke/LambdaForm$MH+0x000002b54c131000
# instanceKlass java/lang/invoke/LambdaForm$MH+0x000002b54c130c00
# instanceKlass java/lang/invoke/LambdaForm$MH+0x000002b54c130800
# instanceKlass java/lang/invoke/LambdaForm$MH+0x000002b54c130400
instanceKlass org/gradle/internal/stream/EncodedStream
instanceKlass org/gradle/launcher/daemon/bootstrap/DaemonStartupCommunication
instanceKlass  @bci org/gradle/cache/internal/DefaultFileLockManager$DefaultFileLock close ()V 32 <appendix> member <vmtarget> ; # org/gradle/cache/internal/DefaultFileLockManager$DefaultFileLock$$Lambda+0x000002b54c12e160
instanceKlass  @bci org/gradle/cache/internal/DefaultFileLockManager$DefaultFileLock close ()V 21 <appendix> member <vmtarget> ; # org/gradle/cache/internal/DefaultFileLockManager$DefaultFileLock$$Lambda+0x000002b54c12df38
instanceKlass  @bci org/gradle/cache/internal/DefaultFileLockManager$DefaultFileLock close ()V 10 <appendix> member <vmtarget> ; # org/gradle/cache/internal/DefaultFileLockManager$DefaultFileLock$$Lambda+0x000002b54c12dd10
instanceKlass java/io/FileOutputStream$1
instanceKlass org/gradle/internal/remote/internal/inet/SocketInetAddress
instanceKlass org/gradle/internal/serialize/AbstractEncoder
instanceKlass org/gradle/internal/serialize/FlushableEncoder
instanceKlass  @bci org/gradle/launcher/daemon/registry/DaemonRegistryContent removeInfo (I)V 10 <appendix> member <vmtarget> ; # org/gradle/launcher/daemon/registry/DaemonRegistryContent$$Lambda+0x000002b54c12cce8
instanceKlass  @cpi org/gradle/launcher/daemon/registry/DaemonRegistryContent 159 form vmentry <vmtarget> ; # java/lang/invoke/LambdaForm$DMH+0x000002b54c130000
instanceKlass org/gradle/launcher/daemon/registry/DaemonStopEvent$Serializer
instanceKlass org/gradle/launcher/daemon/registry/DaemonStopEvent
instanceKlass org/gradle/launcher/daemon/registry/DaemonInfo$Serializer
instanceKlass org/gradle/cache/internal/filelock/LockInfo
instanceKlass  @bci org/gradle/cache/internal/DefaultFileLockManager$DefaultFileLock lockInformationRegion (Lorg/gradle/cache/FileLockManager$LockMode;Lorg/gradle/internal/time/ExponentialBackoff;)Lorg/gradle/cache/internal/filelock/FileLockOutcome; 3 <appendix> member <vmtarget> ; # org/gradle/cache/internal/DefaultFileLockManager$DefaultFileLock$$Lambda+0x000002b54c12be48
instanceKlass org/gradle/cache/internal/filelock/DefaultLockStateSerializer$SequenceNumberLockState
instanceKlass org/gradle/internal/time/ExponentialBackoff$Result
instanceKlass org/gradle/cache/internal/filelock/FileLockOutcome
instanceKlass org/gradle/cache/internal/DefaultFileLockManager$DefaultFileLock$1
instanceKlass org/gradle/internal/time/ExponentialBackoff
instanceKlass org/gradle/cache/internal/DefaultFileLockManager$AwaitableFileLockReleasedSignal
instanceKlass org/gradle/cache/FileLockReleasedSignal
instanceKlass org/gradle/cache/internal/filelock/LockInfoSerializer
instanceKlass org/gradle/cache/internal/filelock/LockInfoAccess
instanceKlass org/gradle/cache/internal/filelock/LockStateAccess
instanceKlass org/gradle/cache/internal/filelock/LockFileAccess
instanceKlass org/gradle/cache/internal/filelock/LockState
instanceKlass org/gradle/cache/internal/filelock/DefaultLockStateSerializer
instanceKlass java/nio/file/FileVisitor
instanceKlass org/apache/commons/io/filefilter/IOFileFilter
instanceKlass java/nio/file/PathMatcher
instanceKlass org/apache/commons/io/file/PathFilter
instanceKlass java/io/FilenameFilter
instanceKlass org/apache/commons/io/FileUtils
instanceKlass org/gradle/internal/time/ExponentialBackoff$Query
instanceKlass org/gradle/cache/FileLock$State
instanceKlass org/gradle/cache/internal/filelock/LockStateSerializer
instanceKlass org/gradle/cache/internal/filelock/DefaultLockOptions
instanceKlass org/gradle/cache/internal/FileBackedObjectHolder$1Updater
instanceKlass  @bci org/gradle/cache/internal/FileIntegrityViolationSuppressingObjectHolderDecorator update (Lorg/gradle/cache/ObjectHolder$UpdateAction;)Ljava/lang/Object; 4 <appendix> member <vmtarget> ; # org/gradle/cache/internal/FileIntegrityViolationSuppressingObjectHolderDecorator$$Lambda+0x000002b54c127d38
instanceKlass org/gradle/launcher/daemon/registry/PersistentDaemonRegistry$8
instanceKlass org/gradle/launcher/daemon/registry/DaemonInfo
instanceKlass org/gradle/launcher/daemon/context/DaemonConnectDetails
instanceKlass sun/util/cldr/CLDRBaseLocaleDataMetaInfo$TZCanonicalIDMapHolder
instanceKlass java/time/chrono/AbstractChronology
instanceKlass java/time/chrono/Chronology
instanceKlass java/time/LocalTime
instanceKlass java/time/temporal/ValueRange
instanceKlass java/time/Duration
instanceKlass java/time/temporal/TemporalAmount
instanceKlass java/time/temporal/TemporalUnit
instanceKlass java/time/temporal/TemporalField
instanceKlass java/time/LocalDate
instanceKlass java/time/chrono/ChronoLocalDate
instanceKlass java/time/zone/ZoneOffsetTransition
instanceKlass java/time/LocalDateTime
instanceKlass java/time/chrono/ChronoLocalDateTime
instanceKlass java/time/temporal/TemporalAdjuster
instanceKlass java/time/temporal/Temporal
instanceKlass java/time/temporal/TemporalAccessor
instanceKlass java/time/zone/ZoneOffsetTransitionRule
instanceKlass java/time/zone/ZoneRules
instanceKlass java/time/zone/Ser
instanceKlass java/io/Externalizable
instanceKlass java/time/zone/ZoneRulesProvider$1
instanceKlass java/time/zone/ZoneRulesProvider
instanceKlass java/time/ZoneId
instanceKlass sun/util/resources/provider/NonBaseLocaleDataMetaInfo
instanceKlass  @bci sun/util/locale/provider/JRELocaleProviderAdapter createSupportedLocaleString (Ljava/lang/String;)Ljava/lang/String; 6 <appendix> member <vmtarget> ; # sun/util/locale/provider/JRELocaleProviderAdapter$$Lambda+0x000002b54c15f388
instanceKlass sun/util/locale/provider/BaseLocaleDataMetaInfo
instanceKlass  @bci sun/util/locale/provider/JRELocaleProviderAdapter getTimeZoneNameProvider ()Ljava/util/spi/TimeZoneNameProvider; 8 <appendix> member <vmtarget> ; # sun/util/locale/provider/JRELocaleProviderAdapter$$Lambda+0x000002b54c15ef08
instanceKlass  @bci sun/util/cldr/CLDRLocaleProviderAdapter getTimeZoneNameProvider ()Ljava/util/spi/TimeZoneNameProvider; 8 <appendix> member <vmtarget> ; # sun/util/cldr/CLDRLocaleProviderAdapter$$Lambda+0x000002b54c15e860
instanceKlass sun/util/locale/provider/TimeZoneNameUtility$TimeZoneNameGetter
instanceKlass sun/util/locale/provider/TimeZoneNameUtility
instanceKlass org/gradle/internal/remote/internal/inet/TcpIncomingConnector$1
instanceKlass org/gradle/internal/remote/internal/inet/TcpIncomingConnector$Receiver
instanceKlass org/gradle/internal/remote/internal/inet/MultiChoiceAddress
instanceKlass org/gradle/internal/remote/internal/inet/InetEndpoint
instanceKlass java/util/UUID$Holder
instanceKlass java/util/UUID
instanceKlass sun/net/NetHooks
instanceKlass java/net/SocketImpl
instanceKlass java/net/SocketOptions
instanceKlass  @bci sun/nio/ch/ServerSocketAdaptor create (Lsun/nio/ch/ServerSocketChannelImpl;)Ljava/net/ServerSocket; 1 <appendix> member <vmtarget> ; # sun/nio/ch/ServerSocketAdaptor$$Lambda+0x000002b54c15d150
instanceKlass java/net/ServerSocket
instanceKlass  @bci java/nio/channels/spi/SelectorProvider$Holder provider ()Ljava/nio/channels/spi/SelectorProvider; 0 <appendix> argL0 ; # java/nio/channels/spi/SelectorProvider$Holder$$Lambda+0x000002b54c15c2b8
instanceKlass java/nio/channels/spi/SelectorProvider$Holder
instanceKlass org/gradle/launcher/daemon/server/DaemonTcpServerConnector$1
instanceKlass org/gradle/launcher/daemon/server/Daemon$5
instanceKlass org/gradle/launcher/daemon/server/DefaultIncomingConnectionHandler
instanceKlass java/util/LinkedList$Node
instanceKlass org/gradle/initialization/DefaultBuildCancellationToken
instanceKlass org/gradle/launcher/daemon/server/DaemonStateCoordinator
instanceKlass org/gradle/launcher/daemon/server/Daemon$4
instanceKlass org/gradle/launcher/daemon/server/Daemon$3
instanceKlass org/gradle/launcher/daemon/server/Daemon$2
instanceKlass org/gradle/launcher/daemon/server/Daemon$1
instanceKlass org/gradle/launcher/daemon/server/DaemonRegistryUpdater
instanceKlass sun/security/provider/AbstractDrbg$NonceProvider
instanceKlass  @bci sun/security/provider/AbstractDrbg$SeederHolder <clinit> ()V 42 <appendix> member <vmtarget> ; # sun/security/provider/AbstractDrbg$SeederHolder$$Lambda+0x000002b54c15b200
instanceKlass  @cpi sun/security/provider/AbstractDrbg$SeederHolder 91 form vmentry <vmtarget> ; # java/lang/invoke/LambdaForm$DMH+0x000002b54c124c00
# instanceKlass java/lang/invoke/LambdaForm$DMH+0x000002b54c124800
instanceKlass sun/nio/fs/BasicFileAttributesHolder
instanceKlass sun/nio/fs/WindowsDirectoryStream$WindowsDirectoryIterator
instanceKlass sun/nio/fs/WindowsDirectoryStream
instanceKlass java/nio/file/DirectoryStream
instanceKlass java/nio/file/Files$AcceptAllFilter
instanceKlass java/nio/file/DirectoryStream$Filter
instanceKlass sun/security/provider/ByteArrayAccess$BE
instanceKlass sun/security/provider/ByteArrayAccess
instanceKlass sun/security/provider/SeedGenerator$1
instanceKlass sun/security/util/MessageDigestSpi2
instanceKlass sun/security/jca/GetInstance$Instance
instanceKlass sun/security/jca/GetInstance
instanceKlass sun/security/util/CryptoAlgorithmConstraints$CryptoHolder
instanceKlass sun/security/util/AbstractAlgorithmConstraints
instanceKlass java/security/AlgorithmConstraints
instanceKlass java/security/MessageDigestSpi
instanceKlass sun/security/provider/SeedGenerator
instanceKlass sun/security/provider/AbstractDrbg$SeederHolder
instanceKlass java/security/DrbgParameters$NextBytes
instanceKlass  @bci sun/security/provider/AbstractDrbg <clinit> ()V 12 <appendix> argL0 ; # sun/security/provider/AbstractDrbg$$Lambda+0x000002b54c157138
instanceKlass  @cpi sun/security/provider/AbstractDrbg 383 form vmentry <vmtarget> ; # java/lang/invoke/LambdaForm$DMH+0x000002b54c124400
# instanceKlass java/lang/invoke/LambdaForm$DMH+0x000002b54c124000
instanceKlass sun/security/provider/EntropySource
instanceKlass sun/security/provider/AbstractDrbg
instanceKlass java/security/DrbgParameters$Instantiation
instanceKlass java/security/DrbgParameters
instanceKlass sun/security/provider/MoreDrbgParameters
instanceKlass  @bci sun/security/provider/DRBG <init> (Ljava/security/SecureRandomParameters;)V 26 <appendix> argL0 ; # sun/security/provider/DRBG$$Lambda+0x000002b54c155bd8
instanceKlass java/security/SecureRandomSpi
instanceKlass jdk/internal/event/Event
instanceKlass sun/security/util/SecurityProviderConstants
instanceKlass java/security/Provider$UString
instanceKlass java/security/Provider$Service
instanceKlass sun/security/provider/NativePRNG$NonBlocking
instanceKlass sun/security/provider/NativePRNG$Blocking
instanceKlass sun/security/provider/NativePRNG
instanceKlass sun/security/provider/SunEntries$1
instanceKlass sun/security/provider/SunEntries
instanceKlass sun/security/util/SecurityConstants
instanceKlass sun/security/jca/ProviderList$2
instanceKlass jdk/internal/math/FloatingDecimal$ASCIIToBinaryBuffer
instanceKlass jdk/internal/math/FloatingDecimal$PreparedASCIIToBinaryBuffer
instanceKlass jdk/internal/math/FloatingDecimal$ASCIIToBinaryConverter
instanceKlass jdk/internal/math/FloatingDecimal$BinaryToASCIIBuffer
instanceKlass jdk/internal/math/FloatingDecimal$ExceptionalBinaryToASCIIBuffer
instanceKlass jdk/internal/math/FloatingDecimal$BinaryToASCIIConverter
instanceKlass jdk/internal/math/FloatingDecimal
instanceKlass javax/security/auth/login/Configuration$Parameters
instanceKlass java/security/Policy$Parameters
instanceKlass java/security/cert/CertStoreParameters
instanceKlass java/security/SecureRandomParameters
instanceKlass java/security/Provider$EngineDescription
instanceKlass java/security/Provider$ServiceKey
instanceKlass sun/security/jca/ProviderConfig
instanceKlass sun/security/jca/ProviderList
instanceKlass sun/security/jca/Providers
instanceKlass com/google/common/base/Joiner
instanceKlass org/gradle/launcher/daemon/server/exec/DaemonCommandExecuter
instanceKlass org/gradle/internal/remote/ConnectionAcceptor
instanceKlass org/gradle/internal/remote/Address
instanceKlass org/gradle/internal/remote/internal/inet/TcpIncomingConnector
instanceKlass org/gradle/launcher/daemon/protocol/DaemonMessageSerializer$OutputMessageSerializer
instanceKlass org/gradle/internal/logging/serializer/LogLevelChangeEventSerializer
instanceKlass org/gradle/internal/logging/serializer/ProgressEventSerializer
instanceKlass org/gradle/internal/logging/serializer/ProgressCompleteEventSerializer
instanceKlass org/gradle/internal/operations/BuildOperationMetadata
instanceKlass org/gradle/internal/logging/serializer/ProgressStartEventSerializer
instanceKlass org/gradle/internal/logging/serializer/SpanSerializer
instanceKlass org/gradle/internal/logging/serializer/StyledTextOutputEventSerializer
instanceKlass org/gradle/internal/logging/serializer/ReadStdInEventSerializer
instanceKlass org/gradle/internal/logging/serializer/UserInputResumeEventSerializer
instanceKlass org/gradle/internal/logging/serializer/SelectOptionPromptEventSerializer
instanceKlass org/gradle/internal/logging/serializer/IntQuestionPromptEventSerializer
instanceKlass org/gradle/internal/logging/serializer/TextQuestionPromptEventSerializer
instanceKlass org/gradle/internal/logging/serializer/BooleanQuestionPromptEventSerializer
instanceKlass org/gradle/internal/logging/serializer/YesNoQuestionPromptEventSerializer
instanceKlass org/gradle/internal/logging/serializer/UserInputRequestEventSerializer
instanceKlass org/gradle/internal/logging/serializer/LogEventSerializer
instanceKlass org/gradle/launcher/daemon/protocol/DaemonMessageSerializer$CloseInputSerializer
instanceKlass org/gradle/launcher/daemon/protocol/DaemonMessageSerializer$UserResponseSerializer
instanceKlass org/gradle/launcher/daemon/protocol/DaemonMessageSerializer$ForwardInputSerializer
instanceKlass org/gradle/launcher/daemon/protocol/DaemonMessageSerializer$BuildEventSerializer
instanceKlass org/gradle/launcher/daemon/protocol/DaemonMessageSerializer$FinishedSerializer
instanceKlass org/gradle/launcher/daemon/protocol/DaemonMessageSerializer$SuccessSerializer
instanceKlass org/gradle/launcher/daemon/protocol/DaemonMessageSerializer$FailureSerializer
instanceKlass org/gradle/launcher/daemon/protocol/DaemonMessageSerializer$BuildStartedSerializer
instanceKlass org/gradle/launcher/daemon/protocol/DaemonMessageSerializer$DaemonUnavailableSerializer
instanceKlass org/gradle/launcher/daemon/protocol/DaemonMessageSerializer$CancelSerializer
instanceKlass org/gradle/launcher/exec/BuildActionParameters
instanceKlass org/gradle/launcher/daemon/protocol/DaemonMessageSerializer$BuildActionParametersSerializer
instanceKlass org/gradle/launcher/daemon/protocol/DaemonMessageSerializer$BuildSerializer
instanceKlass org/gradle/launcher/daemon/protocol/DaemonMessageSerializer
instanceKlass org/gradle/launcher/daemon/server/DaemonTcpServerConnector
instanceKlass org/gradle/launcher/daemon/server/IncomingConnectionHandler
instanceKlass org/gradle/launcher/daemon/server/api/DaemonStateControl
# instanceKlass java/lang/invoke/LambdaForm$MH+0x000002b54c119c00
# instanceKlass java/lang/invoke/LambdaForm$MH+0x000002b54c119800
# instanceKlass java/lang/invoke/LambdaForm$MH+0x000002b54c119400
# instanceKlass java/lang/invoke/LambdaForm$MH+0x000002b54c119000
# instanceKlass java/lang/invoke/LambdaForm$MH+0x000002b54c118c00
# instanceKlass java/lang/invoke/LambdaForm$MH+0x000002b54c118800
# instanceKlass java/lang/invoke/LambdaForm$MH+0x000002b54c118400
# instanceKlass java/lang/invoke/LambdaForm$MH+0x000002b54c118000
# instanceKlass java/lang/invoke/LambdaForm$MH+0x000002b54c115c00
# instanceKlass java/lang/invoke/LambdaForm$DMH+0x000002b54c115800
instanceKlass org/gradle/internal/remote/internal/inet/MultiChoiceAddressSerializer
instanceKlass org/gradle/launcher/daemon/registry/DaemonRegistryContent$Serializer
instanceKlass org/gradle/launcher/daemon/registry/DaemonRegistryContent
instanceKlass org/gradle/cache/LockOptions
instanceKlass org/gradle/cache/internal/AbstractFileAccess
instanceKlass org/gradle/internal/serialize/Encoder
instanceKlass org/gradle/cache/internal/FileBackedObjectHolder
instanceKlass org/gradle/cache/internal/FileIntegrityViolationSuppressingObjectHolderDecorator
instanceKlass org/gradle/cache/ObjectHolder$UpdateAction
instanceKlass org/gradle/cache/ObjectHolder
instanceKlass org/gradle/launcher/daemon/registry/PersistentDaemonRegistry
instanceKlass  @bci org/gradle/cache/internal/CacheAccessSerializer get (Ljava/lang/Object;Ljava/util/function/Function;)Ljava/lang/Object; 7 <appendix> member <vmtarget> ; # org/gradle/cache/internal/CacheAccessSerializer$$Lambda+0x000002b54c113928
instanceKlass  @bci org/gradle/cache/Cache get (Ljava/lang/Object;Ljava/util/function/Supplier;)Ljava/lang/Object; 3 <appendix> member <vmtarget> ; # org/gradle/cache/Cache$$Lambda+0x000002b54c1136e0
instanceKlass  @bci org/gradle/launcher/daemon/registry/DaemonRegistryServices createDaemonRegistry (Lorg/gradle/launcher/daemon/registry/DaemonDir;Lorg/gradle/cache/FileLockManager;Lorg/gradle/internal/file/Chmod;)Lorg/gradle/launcher/daemon/registry/DaemonRegistry; 16 <appendix> member <vmtarget> ; # org/gradle/launcher/daemon/registry/DaemonRegistryServices$$Lambda+0x000002b54c1134b8
instanceKlass org/gradle/internal/nativeintegration/filesystem/services/FallbackStat
instanceKlass org/gradle/internal/nativeintegration/filesystem/services/EmptyChmod
instanceKlass org/gradle/internal/nativeintegration/filesystem/jdk7/Jdk7Symlink
# instanceKlass java/lang/invoke/LambdaForm$MH+0x000002b54c115400
# instanceKlass java/lang/invoke/LambdaForm$MH+0x000002b54c115000
# instanceKlass java/lang/invoke/LambdaForm$MH+0x000002b54c114c00
# instanceKlass java/lang/invoke/LambdaForm$MH+0x000002b54c114800
# instanceKlass java/lang/invoke/LambdaForm$MH+0x000002b54c114400
# instanceKlass java/lang/invoke/LambdaForm$MH+0x000002b54c114000
# instanceKlass java/lang/invoke/LambdaForm$MH+0x000002b54c10cc00
# instanceKlass java/lang/invoke/LambdaForm$MH+0x000002b54c10c800
# instanceKlass java/lang/invoke/LambdaForm$MH+0x000002b54c10c400
instanceKlass org/gradle/api/internal/file/temp/GradleUserHomeTemporaryFileProvider$1
instanceKlass org/gradle/internal/nativeintegration/services/NativeServices$2
instanceKlass org/gradle/internal/file/nio/NioFileMetadataAccessor
instanceKlass org/gradle/cache/internal/DefaultFileLockManager$RandomLongIdGenerator
instanceKlass org/gradle/cache/internal/DefaultProcessMetaDataProvider
instanceKlass org/gradle/internal/time/ExponentialBackoff$Signal
instanceKlass org/gradle/cache/FileLock
instanceKlass org/gradle/cache/FileAccess
instanceKlass java/util/function/LongSupplier
instanceKlass org/gradle/cache/internal/DefaultFileLockManager
instanceKlass it/unimi/dsi/fastutil/longs/Long2IntMap$FastEntrySet
instanceKlass it/unimi/dsi/fastutil/ints/IntCollection
instanceKlass it/unimi/dsi/fastutil/ints/IntIterable
instanceKlass java/util/function/IntBinaryOperator
instanceKlass it/unimi/dsi/fastutil/longs/AbstractLong2IntFunction
instanceKlass it/unimi/dsi/fastutil/longs/Long2IntMap
instanceKlass it/unimi/dsi/fastutil/longs/Long2IntFunction
instanceKlass java/util/function/LongToIntFunction
instanceKlass it/unimi/dsi/fastutil/HashCommon
instanceKlass it/unimi/dsi/fastutil/longs/Long2ObjectMap$FastEntrySet
instanceKlass it/unimi/dsi/fastutil/objects/ObjectSet
instanceKlass it/unimi/dsi/fastutil/longs/LongSet
instanceKlass it/unimi/dsi/fastutil/longs/LongCollection
instanceKlass it/unimi/dsi/fastutil/longs/LongIterable
instanceKlass it/unimi/dsi/fastutil/objects/ObjectCollection
instanceKlass it/unimi/dsi/fastutil/objects/ObjectIterable
instanceKlass it/unimi/dsi/fastutil/longs/AbstractLong2ObjectFunction
instanceKlass it/unimi/dsi/fastutil/longs/Long2ObjectMap
instanceKlass it/unimi/dsi/fastutil/longs/Long2ObjectFunction
instanceKlass java/util/function/LongFunction
instanceKlass it/unimi/dsi/fastutil/Function
instanceKlass it/unimi/dsi/fastutil/Hash
instanceKlass sun/nio/ch/ExtendedSocketOption$1
instanceKlass sun/nio/ch/ExtendedSocketOption
instanceKlass sun/nio/ch/OptionKey
instanceKlass sun/nio/ch/SocketOptionRegistry$LazyInitialization
instanceKlass sun/nio/ch/SocketOptionRegistry$RegistryKey
instanceKlass sun/nio/ch/SocketOptionRegistry
instanceKlass sun/nio/ch/DatagramChannelImpl$DefaultOptionsHolder
instanceKlass java/net/StandardSocketOptions$StdSocketOption
instanceKlass java/net/StandardSocketOptions
instanceKlass  @bci sun/nio/ch/DatagramSocketAdaptor$DatagramSockets <clinit> ()V 0 <appendix> argL0 ; # sun/nio/ch/DatagramSocketAdaptor$DatagramSockets$$Lambda+0x000002b54c14adc8
instanceKlass sun/nio/ch/DatagramSocketAdaptor$DatagramSockets
instanceKlass  @bci sun/nio/ch/DatagramChannelImpl releaserFor (Ljava/io/FileDescriptor;[Lsun/nio/ch/NativeSocketAddress;)Ljava/lang/Runnable; 2 <appendix> member <vmtarget> ; # sun/nio/ch/DatagramChannelImpl$$Lambda+0x000002b54c14a5c8
instanceKlass sun/nio/ch/NativeSocketAddress
instanceKlass sun/net/ResourceManager
instanceKlass jdk/net/ExtendedSocketOptions$2
instanceKlass jdk/net/ExtendedSocketOptions$PlatformSocketOptions
instanceKlass jdk/net/ExtendedSocketOptions$ExtSocketOption
instanceKlass java/net/SocketOption
instanceKlass jdk/net/ExtendedSocketOptions
instanceKlass sun/net/ext/ExtendedSocketOptions
instanceKlass sun/nio/ch/Net$1
instanceKlass java/net/ProtocolFamily
instanceKlass sun/nio/ch/Net
instanceKlass java/nio/channels/MulticastChannel
instanceKlass java/nio/channels/NetworkChannel
instanceKlass sun/nio/ch/SelChImpl
instanceKlass  @bci sun/nio/ch/DefaultSelectorProvider <clinit> ()V 0 <appendix> argL0 ; # sun/nio/ch/DefaultSelectorProvider$$Lambda+0x000002b54c1460e0
instanceKlass java/nio/channels/spi/SelectorProvider
instanceKlass sun/nio/ch/DefaultSelectorProvider
instanceKlass java/net/InetSocketAddress$InetSocketAddressHolder
# instanceKlass java/lang/invoke/LambdaForm$MH+0x000002b54c10c000
instanceKlass java/net/NetworkInterface$1
instanceKlass java/net/DefaultInterface
instanceKlass java/net/Inet6Address$Inet6AddressHolder
instanceKlass java/net/InetAddress$PlatformResolver
instanceKlass java/net/spi/InetAddressResolver
instanceKlass java/net/spi/InetAddressResolver$LookupPolicy
instanceKlass java/net/Inet4AddressImpl
instanceKlass java/net/Inet6AddressImpl
instanceKlass java/net/InetAddressImpl
instanceKlass java/net/InetAddress$InetAddressHolder
instanceKlass java/net/InetAddress$1
instanceKlass jdk/internal/access/JavaNetInetAddressAccess
instanceKlass java/net/InetAddress
instanceKlass java/net/InterfaceAddress
instanceKlass java/net/NetworkInterface
instanceKlass org/gradle/internal/remote/internal/inet/InetAddresses
instanceKlass java/net/SocketAddress
instanceKlass java/net/DatagramSocket
instanceKlass org/gradle/cache/internal/locklistener/DefaultFileLockCommunicator
instanceKlass org/gradle/internal/service/scopes/BasicGlobalScopeServices$1
instanceKlass org/gradle/cache/internal/locklistener/FileLockCommunicator
instanceKlass org/gradle/cache/internal/locklistener/DefaultFileLockContentionHandler
instanceKlass org/gradle/internal/serialize/DefaultSerializerRegistry$TypeInfo
instanceKlass java/util/AbstractMap$SimpleImmutableEntry
instanceKlass java/util/concurrent/ConcurrentSkipListMap$Iter
instanceKlass org/gradle/tooling/internal/protocol/test/InternalTaskSpec
instanceKlass org/gradle/tooling/internal/provider/action/BuildActionSerializer$InternalTaskSpecSerializer
instanceKlass org/gradle/tooling/internal/provider/action/BuildActionSerializer$TestExecutionRequestActionSerializer
instanceKlass org/gradle/tooling/internal/provider/action/BuildActionSerializer$ClientProvidedPhasedActionSerializer
instanceKlass org/gradle/tooling/internal/provider/serialization/SerializedPayloadSerializer
instanceKlass org/gradle/tooling/internal/provider/action/BuildActionSerializer$ClientProvidedBuildActionSerializer
instanceKlass org/gradle/tooling/internal/provider/action/BuildActionSerializer$BuildEventSubscriptionsSerializer
instanceKlass org/gradle/tooling/internal/provider/action/BuildActionSerializer$BuildModelActionSerializer
instanceKlass org/gradle/tooling/internal/provider/action/SubscribableBuildAction
instanceKlass java/util/concurrent/atomic/Striped64$1
instanceKlass jdk/internal/util/random/RandomSupport
instanceKlass java/util/Random
instanceKlass java/util/random/RandomGenerator
instanceKlass org/gradle/internal/serialize/DefaultSerializerRegistry$InstanceBasedSerializerFactory
instanceKlass org/gradle/tooling/internal/provider/action/BuildActionSerializer$ValueSerializer
instanceKlass org/gradle/internal/serialize/AbstractSerializer
instanceKlass org/gradle/internal/serialize/BaseSerializerFactory
instanceKlass org/gradle/internal/serialize/AbstractCollectionSerializer
instanceKlass org/gradle/tooling/internal/provider/action/BuildActionSerializer$NullableFileSerializer
instanceKlass org/gradle/tooling/internal/provider/action/BuildActionSerializer$StartParameterSerializer
instanceKlass org/gradle/tooling/internal/provider/action/BuildActionSerializer$ExecuteBuildActionSerializer
instanceKlass org/gradle/tooling/internal/provider/action/ExecuteBuildAction
instanceKlass org/gradle/internal/serialize/DefaultSerializerRegistry$HierarchySerializerMatcher
instanceKlass org/gradle/internal/serialize/DefaultSerializerRegistry$StrictSerializerMatcher
instanceKlass org/gradle/internal/serialize/DefaultSerializerRegistry$SerializerClassMatcherStrategy
instanceKlass java/util/concurrent/ConcurrentSkipListMap$Node
instanceKlass java/util/concurrent/ConcurrentSkipListMap$Index
instanceKlass java/util/concurrent/ConcurrentNavigableMap
instanceKlass org/gradle/internal/serialize/DefaultSerializerRegistry$1
instanceKlass org/gradle/internal/serialize/DefaultSerializerRegistry$SerializerFactory
instanceKlass org/gradle/internal/serialize/DefaultSerializerRegistry
instanceKlass org/gradle/internal/serialize/SerializerRegistry
instanceKlass org/gradle/tooling/internal/provider/action/BuildActionSerializer
instanceKlass org/gradle/initialization/BuildRequestContext
instanceKlass org/gradle/launcher/daemon/server/exec/WatchForDisconnection
instanceKlass org/gradle/launcher/daemon/server/exec/ResetDeprecationLogger
instanceKlass org/gradle/launcher/daemon/server/exec/RequestStopIfSingleUsedDaemon
instanceKlass org/gradle/internal/daemon/clientinput/StdinHandler
instanceKlass org/gradle/internal/daemon/clientinput/ClientInputForwarder
instanceKlass org/gradle/launcher/daemon/server/exec/ForwardClientInput
instanceKlass org/gradle/launcher/daemon/server/exec/LogAndCheckHealth
instanceKlass org/gradle/launcher/daemon/server/exec/ReturnResult
instanceKlass java/util/concurrent/LinkedTransferQueue$DualNode
instanceKlass java/util/concurrent/TransferQueue
instanceKlass java/util/concurrent/ForkJoinTask
instanceKlass java/util/concurrent/CompletableFuture$AsynchronousCompletionTask
instanceKlass java/util/concurrent/ForkJoinPool$2
instanceKlass jdk/internal/access/JavaUtilConcurrentFJPAccess
instanceKlass java/util/concurrent/ForkJoinPool$DefaultForkJoinWorkerThreadFactory
instanceKlass java/util/concurrent/ForkJoinPool$WorkQueue
instanceKlass java/util/concurrent/ForkJoinPool$ForkJoinWorkerThreadFactory
instanceKlass java/util/concurrent/CompletableFuture$AltResult
instanceKlass java/util/concurrent/CompletableFuture
instanceKlass java/util/concurrent/CompletionStage
instanceKlass org/gradle/launcher/daemon/server/exec/BuildCommandOnly
instanceKlass org/gradle/launcher/daemon/server/api/HandleReportStatus
instanceKlass org/gradle/launcher/daemon/server/exec/HandleCancel
instanceKlass org/gradle/launcher/daemon/server/api/HandleInvalidateVirtualFileSystem
instanceKlass org/gradle/launcher/daemon/protocol/Message
instanceKlass org/gradle/launcher/daemon/server/api/HandleStop
instanceKlass org/gradle/launcher/daemon/diagnostics/DaemonDiagnostics
# instanceKlass java/lang/invoke/LambdaForm$MH+0x000002b54c101400
# instanceKlass java/lang/invoke/LambdaForm$MH+0x000002b54c101000
# instanceKlass java/lang/invoke/LambdaForm$MH+0x000002b54c100c00
# instanceKlass java/lang/invoke/LambdaForm$DMH+0x000002b54c100800
# instanceKlass java/lang/invoke/LambdaForm$MH+0x000002b54c100400
# instanceKlass java/lang/invoke/LambdaForm$DMH+0x000002b54c100000
# instanceKlass java/lang/invoke/LambdaForm$MH+0x000002b54c0fbc00
instanceKlass  @cpi org/gradle/api/internal/artifacts/DependencyManagementBuildTreeScopeServices 531 form vmentry <vmtarget> ; # java/lang/invoke/LambdaForm$DMH+0x000002b54c0fb800
# instanceKlass java/lang/invoke/LambdaForm$MH+0x000002b54c0fb400
instanceKlass java/util/concurrent/LinkedBlockingDeque$Node
instanceKlass java/lang/management/MemoryUsage
instanceKlass org/gradle/launcher/daemon/server/health/gc/GarbageCollectionEvent
instanceKlass  @cpi org/gradle/api/internal/artifacts/DependencyManagementBuildTreeScopeServices 526 form vmentry <vmtarget> ; # java/lang/invoke/LambdaForm$DMH+0x000002b54c0fb000
instanceKlass java/lang/invoke/ClassSpecializer$Factory$1Var
# instanceKlass java/lang/invoke/LambdaForm$MH+0x000002b54c0fac00
# instanceKlass java/lang/invoke/LambdaForm$MH+0x000002b54c0fa800
# instanceKlass java/lang/invoke/LambdaForm$MH+0x000002b54c0fa400
# instanceKlass java/lang/invoke/LambdaForm$MH+0x000002b54c0fa000
# instanceKlass java/lang/invoke/LambdaForm$MH+0x000002b54c0f9c00
# instanceKlass java/lang/invoke/LambdaForm$MH+0x000002b54c0f9800
# instanceKlass java/lang/invoke/LambdaForm$MH+0x000002b54c0f9400
# instanceKlass java/lang/invoke/LambdaForm$MH+0x000002b54c0f9000
# instanceKlass java/lang/invoke/LambdaForm$BMH+0x000002b54c0f8c00
# instanceKlass java/lang/invoke/LambdaForm$DMH+0x000002b54c0f8800
# instanceKlass java/lang/invoke/LambdaForm$DMH+0x000002b54c0f8400
instanceKlass org/gradle/launcher/daemon/server/expiry/DaemonExpirationResult
instanceKlass org/gradle/launcher/daemon/server/expiry/DaemonExpirationListener
# instanceKlass java/lang/invoke/LambdaForm$MH+0x000002b54c0f8000
# instanceKlass java/lang/invoke/LambdaForm$MH+0x000002b54c0f3c00
instanceKlass java/lang/Thread$ThreadNumbering
instanceKlass java/util/concurrent/Executors$RunnableAdapter
instanceKlass java/util/concurrent/Executors
instanceKlass java/util/concurrent/FutureTask$WaitNode
instanceKlass java/util/concurrent/FutureTask
instanceKlass org/gradle/internal/concurrent/AbstractManagedExecutor$1
instanceKlass org/gradle/launcher/daemon/server/health/gc/GarbageCollectionCheck
instanceKlass  @bci org/gradle/launcher/daemon/server/health/gc/DefaultGarbageCollectionMonitor pollForValues ()V 4 <appendix> member <vmtarget> ; # org/gradle/launcher/daemon/server/health/gc/DefaultGarbageCollectionMonitor$$Lambda+0x000002b54c0f6ed0
instanceKlass java/util/concurrent/BlockingDeque
instanceKlass org/gradle/launcher/daemon/server/health/gc/DefaultSlidingWindow
instanceKlass org/gradle/launcher/daemon/server/health/gc/SlidingWindow
instanceKlass org/gradle/launcher/daemon/server/health/gc/DefaultGarbageCollectionMonitor
instanceKlass org/gradle/launcher/daemon/server/health/gc/GarbageCollectionInfo
instanceKlass org/gradle/internal/concurrent/ExecutorPolicy$CatchAndRecordFailures
instanceKlass jdk/internal/vm/ThreadContainers
instanceKlass jdk/internal/vm/StackableScope
instanceKlass java/util/concurrent/RunnableScheduledFuture
instanceKlass java/util/concurrent/ScheduledFuture
instanceKlass java/util/concurrent/Delayed
instanceKlass java/util/concurrent/RunnableFuture
instanceKlass java/util/concurrent/Future
instanceKlass org/gradle/internal/concurrent/ThreadFactoryImpl
instanceKlass java/util/concurrent/ThreadPoolExecutor$AbortPolicy
instanceKlass java/util/concurrent/RejectedExecutionHandler
instanceKlass java/util/concurrent/AbstractExecutorService
# instanceKlass java/lang/invoke/LambdaForm$MH+0x000002b54c0f3800
# instanceKlass java/lang/invoke/LambdaForm$MH+0x000002b54c0f3400
# instanceKlass java/lang/invoke/LambdaForm$MH+0x000002b54c0f3000
# instanceKlass java/lang/invoke/LambdaForm$MH+0x000002b54c0f2c00
instanceKlass org/gradle/internal/concurrent/ManagedScheduledExecutor
instanceKlass java/util/concurrent/ScheduledExecutorService
instanceKlass org/gradle/internal/concurrent/ManagedThreadPoolExecutor
instanceKlass org/gradle/internal/concurrent/ManagedExecutor
instanceKlass java/util/concurrent/ExecutorService
instanceKlass java/util/concurrent/Executor
instanceKlass org/gradle/internal/concurrent/AsyncStoppable
instanceKlass org/gradle/internal/concurrent/ExecutorPolicy
instanceKlass org/gradle/internal/concurrent/DefaultExecutorFactory
instanceKlass  @bci org/gradle/launcher/daemon/server/health/gc/GarbageCollectorMonitoringStrategy determineGcStrategy ()Lorg/gradle/launcher/daemon/server/health/gc/GarbageCollectorMonitoringStrategy; 52 <appendix> argL0 ; # org/gradle/launcher/daemon/server/health/gc/GarbageCollectorMonitoringStrategy$$Lambda+0x000002b54c0f4000
instanceKlass sun/management/Sensor
instanceKlass sun/management/MemoryPoolImpl
instanceKlass java/lang/management/MemoryPoolMXBean
instanceKlass  @bci org/gradle/launcher/daemon/server/health/gc/GarbageCollectorMonitoringStrategy determineGcStrategy ()Lorg/gradle/launcher/daemon/server/health/gc/GarbageCollectorMonitoringStrategy; 16 <appendix> member <vmtarget> ; # org/gradle/launcher/daemon/server/health/gc/GarbageCollectorMonitoringStrategy$$Lambda+0x000002b54c0ebce8
instanceKlass  @bci org/gradle/launcher/daemon/server/health/gc/GarbageCollectorMonitoringStrategy determineGcStrategy ()Lorg/gradle/launcher/daemon/server/health/gc/GarbageCollectorMonitoringStrategy; 3 <appendix> argL0 ; # org/gradle/launcher/daemon/server/health/gc/GarbageCollectorMonitoringStrategy$$Lambda+0x000002b54c0ebaa8
instanceKlass  @bci sun/management/spi/PlatformMBeanProvider$PlatformComponent getMBeans (Ljava/lang/Class;)Ljava/util/List; 63 <appendix> member <vmtarget> ; # sun/management/spi/PlatformMBeanProvider$PlatformComponent$$Lambda+0x000002b54c077ae0
instanceKlass  @bci sun/management/spi/PlatformMBeanProvider$PlatformComponent getMBeans (Ljava/lang/Class;)Ljava/util/List; 47 <appendix> member <vmtarget> ; # sun/management/spi/PlatformMBeanProvider$PlatformComponent$$Lambda+0x000002b54c077888
instanceKlass com/sun/jmx/mbeanserver/Util
instanceKlass javax/management/ObjectName$Property
instanceKlass com/sun/jmx/mbeanserver/GetPropertyAction
instanceKlass javax/management/ObjectName
instanceKlass javax/management/QueryExp
instanceKlass  @bci sun/management/Util newObjectName (Ljava/lang/String;Ljava/lang/String;)Ljavax/management/ObjectName; 2 <appendix> form vmentry <vmtarget> ; # java/lang/invoke/LambdaForm$MH+0x000002b54c0f2800
instanceKlass java/lang/invoke/LambdaFormEditor$1
# instanceKlass java/lang/invoke/LambdaForm$MH+0x000002b54c0f2400
instanceKlass  @bci sun/management/Util newObjectName (Ljava/lang/String;Ljava/lang/String;)Ljavax/management/ObjectName; 2 <appendix> argL3 form vmentry <vmtarget> ; # java/lang/invoke/LambdaForm$MH+0x000002b54c0f2000
instanceKlass java/lang/invoke/MethodHandles$1
# instanceKlass java/lang/invoke/LambdaForm$MH+0x000002b54c0f1c00
# instanceKlass java/lang/invoke/LambdaForm$MH+0x000002b54c0f1800
# instanceKlass java/lang/invoke/LambdaForm$MH+0x000002b54c0f1400
# instanceKlass java/lang/invoke/LambdaForm$MH+0x000002b54c0f1000
instanceKlass  @bci sun/management/Util newObjectName (Ljava/lang/String;Ljava/lang/String;)Ljavax/management/ObjectName; 2 <appendix> argL1 form vmentry <vmtarget> ; # java/lang/invoke/LambdaForm$MH+0x000002b54c0f0c00
# instanceKlass java/lang/invoke/LambdaForm$MH+0x000002b54c0f0800
instanceKlass  @bci sun/management/Util newObjectName (Ljava/lang/String;Ljava/lang/String;)Ljavax/management/ObjectName; 2 <appendix> argL1 argL0 form vmentry <vmtarget> ; # java/lang/invoke/LambdaForm$MH+0x000002b54c0f0400
# instanceKlass java/lang/invoke/LambdaForm$MH+0x000002b54c0f0000
# instanceKlass java/lang/invoke/LambdaForm$MH+0x000002b54c0eac00
instanceKlass java/lang/Long$LongCache
# instanceKlass java/lang/invoke/LambdaForm$MH+0x000002b54c0ea800
instanceKlass sun/management/Util
instanceKlass com/sun/management/GarbageCollectorMXBean
instanceKlass java/lang/management/MemoryMXBean
instanceKlass  @bci java/util/stream/Collectors toList ()Ljava/util/stream/Collector; 14 <appendix> argL0 ; # java/util/stream/Collectors$$Lambda+0x000002b54c075070
instanceKlass  @bci java/util/stream/Collectors toList ()Ljava/util/stream/Collector; 9 <appendix> argL0 ; # java/util/stream/Collectors$$Lambda+0x000002b54c074e40
instanceKlass  @bci java/util/stream/Collectors toList ()Ljava/util/stream/Collector; 4 <appendix> argL0 ; # java/util/stream/Collectors$$Lambda+0x000002b54c074c20
instanceKlass  @bci java/lang/management/ManagementFactory getPlatformMXBeans (Ljava/lang/Class;)Ljava/util/List; 35 <appendix> member <vmtarget> ; # java/lang/management/ManagementFactory$$Lambda+0x000002b54c0749d8
instanceKlass  @bci java/lang/management/ManagementFactory$PlatformMBeanFinder findFirst (Ljava/lang/Class;)Lsun/management/spi/PlatformMBeanProvider$PlatformComponent; 19 <appendix> member <vmtarget> ; # java/lang/management/ManagementFactory$PlatformMBeanFinder$$Lambda+0x000002b54c074780
instanceKlass java/util/HashMap$HashMapSpliterator
instanceKlass jdk/management/jfr/internal/FlightRecorderMXBeanProvider$SingleMBeanComponent
instanceKlass jdk/management/jfr/FlightRecorderMXBean
instanceKlass java/lang/management/DefaultPlatformMBeanProvider$11
instanceKlass java/lang/management/DefaultPlatformMBeanProvider$10
instanceKlass java/lang/management/DefaultPlatformMBeanProvider$9
instanceKlass sun/management/ManagementFactoryHelper$LoggingMXBeanAccess$1
instanceKlass sun/management/ManagementFactoryHelper$LoggingMXBeanAccess
instanceKlass java/lang/management/DefaultPlatformMBeanProvider$8
instanceKlass java/lang/management/DefaultPlatformMBeanProvider$7
instanceKlass java/lang/management/DefaultPlatformMBeanProvider$6
instanceKlass java/lang/management/DefaultPlatformMBeanProvider$5
instanceKlass java/lang/management/DefaultPlatformMBeanProvider$4
instanceKlass java/lang/management/DefaultPlatformMBeanProvider$3
instanceKlass java/lang/management/DefaultPlatformMBeanProvider$2
instanceKlass java/lang/management/DefaultPlatformMBeanProvider$1
instanceKlass com/sun/management/internal/PlatformMBeanProviderImpl$5
instanceKlass sun/management/VMManagementImpl
instanceKlass sun/management/VMManagement
instanceKlass sun/management/ManagementFactoryHelper
instanceKlass sun/management/NotificationEmitterSupport
instanceKlass javax/management/NotificationEmitter
instanceKlass javax/management/NotificationBroadcaster
instanceKlass com/sun/management/DiagnosticCommandMBean
instanceKlass javax/management/DynamicMBean
instanceKlass com/sun/management/internal/PlatformMBeanProviderImpl$4
instanceKlass com/sun/management/internal/PlatformMBeanProviderImpl$3
instanceKlass com/sun/management/internal/PlatformMBeanProviderImpl$2
instanceKlass com/sun/management/internal/PlatformMBeanProviderImpl$1
instanceKlass sun/management/spi/PlatformMBeanProvider$PlatformComponent
instanceKlass  @bci com/sun/management/internal/PlatformMBeanProviderImpl <clinit> ()V 8 <appendix> argL0 ; # com/sun/management/internal/PlatformMBeanProviderImpl$$Lambda+0x000002b54c06f878
instanceKlass java/util/concurrent/Callable
instanceKlass sun/management/spi/PlatformMBeanProvider
instanceKlass java/lang/management/ManagementFactory$PlatformMBeanFinder$1
instanceKlass java/lang/management/ManagementFactory$PlatformMBeanFinder
instanceKlass java/lang/management/GarbageCollectorMXBean
instanceKlass java/lang/management/MemoryManagerMXBean
instanceKlass java/lang/management/PlatformManagedObject
instanceKlass  @bci java/lang/management/ManagementFactory loadNativeLib ()V 0 <appendix> argL0 ; # java/lang/management/ManagementFactory$$Lambda+0x000002b54c06e3e8
instanceKlass java/lang/management/ManagementFactory
instanceKlass org/gradle/launcher/daemon/server/health/gc/GarbageCollectionMonitor
instanceKlass org/gradle/internal/time/DefaultTimer
instanceKlass com/google/errorprone/annotations/DoNotMock
instanceKlass java/lang/Deprecated
instanceKlass org/gradle/internal/service/scopes/ListenerService
instanceKlass org/gradle/internal/service/scopes/StatefulListener
instanceKlass org/gradle/internal/event/DefaultListenerManager$EventBroadcast
instanceKlass org/gradle/internal/event/DefaultListenerManager
instanceKlass org/gradle/internal/buildprocess/execution/BuildSessionLifecycleBuildActionExecutor
instanceKlass org/gradle/internal/buildprocess/execution/StartParamsValidatingActionExecutor
instanceKlass org/gradle/initialization/BuildRequestMetaData
instanceKlass org/gradle/internal/exception/ExceptionAnalyser
instanceKlass org/gradle/initialization/exception/ExceptionCollector
instanceKlass org/gradle/problems/buildtree/ProblemDiagnosticsFactory
instanceKlass org/gradle/internal/buildprocess/execution/SessionFailureReportingActionExecutor
instanceKlass org/gradle/StartParameter
instanceKlass org/gradle/concurrent/ParallelismConfiguration
instanceKlass org/gradle/internal/buildprocess/execution/SetupLoggingActionExecutor
# instanceKlass java/lang/invoke/LambdaForm$MH+0x000002b54c0ea400
# instanceKlass java/lang/invoke/LambdaForm$MH+0x000002b54c0ea000
# instanceKlass java/lang/invoke/LambdaForm$MH+0x000002b54c0e9c00
# instanceKlass java/lang/invoke/LambdaForm$MH+0x000002b54c0e9800
# instanceKlass java/lang/invoke/LambdaForm$MH+0x000002b54c0e9400
# instanceKlass java/lang/invoke/LambdaForm$MH+0x000002b54c0e9000
# instanceKlass java/lang/invoke/LambdaForm$DMH+0x000002b54c0e8c00
instanceKlass org/gradle/internal/classloader/HashingClassLoaderFactory
instanceKlass org/gradle/process/internal/worker/WorkerProcessFactory
instanceKlass org/gradle/internal/jvm/inspection/JvmMetadataDetector
instanceKlass org/gradle/internal/jvm/inspection/JvmVersionDetector
instanceKlass org/gradle/api/internal/initialization/loadercache/ClassLoaderCache
instanceKlass org/gradle/internal/execution/timeout/TimeoutHandler
instanceKlass org/gradle/cache/GlobalCacheLocations
instanceKlass org/gradle/api/internal/plugins/PluginRegistry
instanceKlass org/gradle/cache/internal/FileContentCacheFactory
instanceKlass org/gradle/cache/scopes/ScopedCacheBuilderFactory
instanceKlass org/gradle/initialization/ClassLoaderScopeRegistry
instanceKlass org/gradle/internal/hash/ClassLoaderHierarchyHasher
instanceKlass org/gradle/execution/plan/ToPlannedNodeConverter
instanceKlass org/gradle/internal/file/FileAccessTimeJournal
instanceKlass org/gradle/cache/UnscopedCacheBuilderFactory
instanceKlass org/gradle/internal/isolation/IsolatableFactory
instanceKlass org/gradle/internal/service/scopes/WorkerSharedUserHomeScopeServices
instanceKlass org/gradle/internal/service/scopes/DefaultGradleUserHomeScopeServiceRegistry
instanceKlass  @bci java/lang/invoke/BootstrapMethodInvoker invoke (Ljava/lang/Class;Ljava/lang/invoke/MethodHandle;Ljava/lang/String;Ljava/lang/Object;Ljava/lang/Object;Ljava/lang/Class;)Ljava/lang/Object; 462 <adapter> ; # java/lang/invoke/LambdaForm$MH+0x000002b54c0e8800
# instanceKlass java/lang/invoke/LambdaForm$MH+0x000002b54c0e8400
# instanceKlass java/lang/invoke/LambdaForm$MH+0x000002b54c0e8000
# instanceKlass java/lang/invoke/LambdaForm$MH+0x000002b54c0e5c00
# instanceKlass java/lang/invoke/LambdaForm$MH+0x000002b54c0e5800
# instanceKlass java/lang/invoke/LambdaForm$DMH+0x000002b54c0e5400
instanceKlass org/gradle/internal/problems/failure/StackTraceClassifier$1
instanceKlass org/gradle/internal/problems/failure/InternalStackTraceClassifier
instanceKlass org/gradle/internal/problems/failure/CompositeStackTraceClassifier
instanceKlass org/gradle/internal/problems/failure/StackTraceClassifier
instanceKlass org/gradle/internal/problems/failure/DefaultFailureFactory
instanceKlass org/gradle/internal/logging/text/AbstractStyledTextOutputFactory
# instanceKlass java/lang/invoke/LambdaForm$MH+0x000002b54c0e5000
# instanceKlass java/lang/invoke/LambdaForm$MH+0x000002b54c0e4c00
# instanceKlass java/lang/invoke/LambdaForm$MH+0x000002b54c0e4800
instanceKlass java/util/concurrent/atomic/AtomicBoolean
instanceKlass org/gradle/internal/instrumentation/agent/DefaultClassFileTransformer
instanceKlass org/gradle/internal/logging/text/AbstractLineChoppingStyledTextOutput$StateContext
instanceKlass java/text/DontCareFieldPosition$1
instanceKlass java/text/Format$FieldDelegate
instanceKlass java/util/Date
instanceKlass java/text/DigitList
instanceKlass java/text/FieldPosition
instanceKlass  @bci sun/util/locale/provider/JRELocaleProviderAdapter getDecimalFormatSymbolsProvider ()Ljava/text/spi/DecimalFormatSymbolsProvider; 8 <appendix> member <vmtarget> ; # sun/util/locale/provider/JRELocaleProviderAdapter$$Lambda+0x800000065
instanceKlass java/text/DecimalFormatSymbols
instanceKlass  @bci sun/util/locale/provider/JRELocaleProviderAdapter getNumberFormatProvider ()Ljava/text/spi/NumberFormatProvider; 8 <appendix> member <vmtarget> ; # sun/util/locale/provider/JRELocaleProviderAdapter$$Lambda+0x800000066
instanceKlass  @bci sun/util/locale/provider/JRELocaleProviderAdapter getDateFormatSymbolsProvider ()Ljava/text/spi/DateFormatSymbolsProvider; 8 <appendix> member <vmtarget> ; # sun/util/locale/provider/JRELocaleProviderAdapter$$Lambda+0x800000064
instanceKlass java/text/DateFormatSymbols
instanceKlass sun/util/calendar/CalendarUtils
instanceKlass sun/util/calendar/CalendarDate
instanceKlass sun/util/resources/Bundles$CacheKeyReference
instanceKlass  @bci java/util/ResourceBundle$ResourceBundleProviderHelper newResourceBundle (Ljava/lang/Class;)Ljava/util/ResourceBundle; 22 <appendix> member <vmtarget> ; # java/util/ResourceBundle$ResourceBundleProviderHelper$$Lambda+0x80000000f
instanceKlass java/util/ResourceBundle$ResourceBundleProviderHelper
instanceKlass  @bci sun/util/cldr/CLDRLocaleProviderAdapter applyAliases (Ljava/util/Locale;)Ljava/util/Locale; 4 <appendix> argL0 ; # sun/util/cldr/CLDRLocaleProviderAdapter$$Lambda+0x80000005e
instanceKlass sun/util/resources/Bundles$CacheKey
instanceKlass java/util/ResourceBundle$1
instanceKlass jdk/internal/access/JavaUtilResourceBundleAccess
instanceKlass sun/util/resources/Bundles
instanceKlass sun/util/resources/LocaleData$LocaleDataStrategy
instanceKlass sun/util/resources/Bundles$Strategy
instanceKlass sun/util/resources/LocaleData$1
instanceKlass sun/util/resources/LocaleData
instanceKlass sun/util/locale/provider/LocaleResources
instanceKlass java/util/stream/Nodes$ArrayNode
instanceKlass  @bci sun/util/locale/provider/LocaleProviderAdapter toLocaleArray (Ljava/util/Set;)[Ljava/util/Locale; 16 <appendix> argL0 ; # sun/util/locale/provider/LocaleProviderAdapter$$Lambda+0x800000068
instanceKlass  @bci sun/util/locale/provider/LocaleProviderAdapter toLocaleArray (Ljava/util/Set;)[Ljava/util/Locale; 6 <appendix> argL0 ; # sun/util/locale/provider/LocaleProviderAdapter$$Lambda+0x800000067
instanceKlass  @bci sun/util/cldr/CLDRLocaleProviderAdapter getCalendarDataProvider ()Ljava/util/spi/CalendarDataProvider; 8 <appendix> member <vmtarget> ; # sun/util/cldr/CLDRLocaleProviderAdapter$$Lambda+0x800000061
instanceKlass java/util/ResourceBundle
instanceKlass java/util/ResourceBundle$Control
instanceKlass sun/util/locale/provider/CalendarDataUtility$CalendarWeekParameterGetter
instanceKlass sun/util/locale/provider/LocaleServiceProviderPool$LocalizedObjectGetter
instanceKlass sun/util/locale/provider/LocaleServiceProviderPool
instanceKlass java/util/Locale$Builder
instanceKlass sun/util/locale/provider/CalendarDataUtility
instanceKlass sun/util/calendar/CalendarSystem$GregorianHolder
instanceKlass sun/util/calendar/CalendarSystem
instanceKlass java/util/Calendar$Builder
instanceKlass sun/util/locale/provider/AvailableLanguageTags
instanceKlass  @bci sun/util/locale/provider/JRELocaleProviderAdapter getCalendarProvider ()Lsun/util/spi/CalendarProvider; 8 <appendix> member <vmtarget> ; # sun/util/locale/provider/JRELocaleProviderAdapter$$Lambda+0x800000062
instanceKlass sun/util/resources/cldr/provider/CLDRLocaleDataMetaInfo
instanceKlass jdk/internal/jimage/decompressor/ZipDecompressor
instanceKlass jdk/internal/jimage/decompressor/ResourceDecompressor
instanceKlass jdk/internal/jimage/decompressor/ResourceDecompressorFactory
instanceKlass jdk/internal/jimage/decompressor/ResourceDecompressorRepository
instanceKlass jdk/internal/jimage/decompressor/CompressedResourceHeader
instanceKlass  @bci jdk/internal/jimage/BasicImageReader getResourceBuffer (Ljdk/internal/jimage/ImageLocation;)Ljava/nio/ByteBuffer; 168 <appendix> member <vmtarget> ; # jdk/internal/jimage/BasicImageReader$$Lambda+0x000002b54c06b8c8
instanceKlass jdk/internal/jimage/decompressor/ResourceDecompressor$StringsProvider
instanceKlass java/util/AbstractMap$SimpleEntry
instanceKlass jdk/internal/jimage/ImageBufferCache$2
instanceKlass jdk/internal/jimage/ImageBufferCache
instanceKlass jdk/internal/module/ModulePatcher$PatchedModuleReader
instanceKlass  @bci sun/util/cldr/CLDRLocaleProviderAdapter <init> ()V 4 <appendix> argL0 ; # sun/util/cldr/CLDRLocaleProviderAdapter$$Lambda+0x800000060
instanceKlass sun/util/locale/LocaleObjectCache
instanceKlass sun/util/locale/BaseLocale$Key
instanceKlass sun/util/locale/InternalLocaleBuilder$CaseInsensitiveChar
instanceKlass sun/util/locale/InternalLocaleBuilder
instanceKlass sun/util/locale/StringTokenIterator
instanceKlass sun/util/locale/ParseStatus
instanceKlass sun/util/locale/LanguageTag
instanceKlass sun/util/cldr/CLDRBaseLocaleDataMetaInfo
instanceKlass sun/util/locale/provider/LocaleDataMetaInfo
instanceKlass sun/util/locale/provider/ResourceBundleBasedAdapter
instanceKlass sun/util/locale/provider/LocaleProviderAdapter
instanceKlass java/util/spi/LocaleServiceProvider
instanceKlass sun/util/calendar/ZoneInfoFile$ZoneOffsetTransitionRule
instanceKlass jdk/internal/util/ByteArray
instanceKlass sun/util/calendar/ZoneInfoFile$1
instanceKlass sun/util/calendar/ZoneInfoFile
instanceKlass java/util/TimeZone
instanceKlass java/util/Calendar
instanceKlass java/text/AttributedCharacterIterator$Attribute
instanceKlass java/text/Format
instanceKlass org/gradle/internal/logging/sink/LogEventDispatcher
instanceKlass org/gradle/internal/logging/text/AbstractLineChoppingStyledTextOutput$SeenFromEol
instanceKlass org/gradle/internal/SystemProperties
instanceKlass org/gradle/internal/logging/text/AbstractLineChoppingStyledTextOutput$4
instanceKlass org/gradle/internal/logging/text/AbstractLineChoppingStyledTextOutput$3
instanceKlass org/gradle/internal/logging/text/AbstractLineChoppingStyledTextOutput$2
instanceKlass org/gradle/internal/logging/text/AbstractLineChoppingStyledTextOutput$1
instanceKlass org/gradle/internal/logging/text/AbstractLineChoppingStyledTextOutput$State
instanceKlass org/gradle/internal/logging/text/StreamBackedStandardOutputListener
instanceKlass org/gradle/internal/logging/text/AbstractStyledTextOutput
instanceKlass org/gradle/internal/logging/console/StyledTextOutputBackedRenderer
instanceKlass org/slf4j/helpers/FormattingTuple
instanceKlass org/slf4j/helpers/NormalizedParameters
instanceKlass org/slf4j/helpers/MessageFormatter
instanceKlass net/rubygrapefruit/platform/internal/FunctionResult
instanceKlass org/gradle/internal/logging/source/PrintStreamLoggingSystem$PrintStreamDestination
instanceKlass java/util/logging/ErrorManager
instanceKlass org/gradle/internal/logging/source/JavaUtilLoggingSystem$SnapshotImpl
instanceKlass org/gradle/internal/logging/config/LoggingSystemAdapter$SnapshotImpl
instanceKlass org/gradle/internal/logging/events/OutputEventListener$1
instanceKlass org/gradle/internal/dispatch/MethodInvocation
instanceKlass org/gradle/internal/logging/sink/OutputEventRenderer$SnapshotImpl
instanceKlass org/gradle/process/internal/shutdown/ShutdownHooks
instanceKlass org/gradle/launcher/daemon/bootstrap/DaemonMain$1
instanceKlass  @bci com/google/common/io/Files <clinit> ()V 0 <appendix> argL0 ; # com/google/common/io/Files$$Lambda+0x000002b54c0deae0
instanceKlass com/google/common/graph/SuccessorsFunction
instanceKlass com/google/common/io/ByteSink
instanceKlass com/google/common/io/LineProcessor
instanceKlass com/google/common/io/ByteSource
instanceKlass com/google/common/base/Predicate
instanceKlass com/google/common/io/Files
# instanceKlass java/lang/invoke/LambdaForm$MH+0x000002b54c0dd000
# instanceKlass java/lang/invoke/LambdaForm$MH+0x000002b54c0dcc00
instanceKlass org/gradle/util/internal/GFileUtils
instanceKlass  @bci java/util/regex/CharPredicates ASCII_WORD ()Ljava/util/regex/Pattern$BmpCharPredicate; 0 <appendix> argL0 ; # java/util/regex/CharPredicates$$Lambda+0x000002b54c068858
instanceKlass  @bci java/util/regex/CharPredicates ctype (I)Ljava/util/regex/Pattern$CharPredicate; 1 <appendix> member <vmtarget> ; # java/util/regex/CharPredicates$$Lambda+0x000002b54c0685c8
instanceKlass org/gradle/util/GradleVersion
# instanceKlass java/lang/invoke/LambdaForm$MH+0x000002b54c0dc800
instanceKlass sun/invoke/util/ValueConversions$WrapperCache
# instanceKlass java/lang/invoke/LambdaForm$MH+0x000002b54c0dc400
# instanceKlass java/lang/invoke/LambdaForm$BMH+0x000002b54c0dc000
instanceKlass net/rubygrapefruit/platform/internal/jni/PosixProcessFunctions
instanceKlass org/gradle/jvm/toolchain/internal/DefaultJavaLanguageVersion
instanceKlass org/gradle/jvm/toolchain/JavaLanguageVersion
instanceKlass com/google/common/base/Optional
instanceKlass org/gradle/internal/FileUtils$1
instanceKlass org/gradle/internal/FileUtils
instanceKlass org/gradle/launcher/daemon/context/DefaultDaemonContext$Serializer
instanceKlass org/gradle/launcher/daemon/toolchain/DaemonJvmCriteria
instanceKlass org/gradle/launcher/daemon/context/DefaultDaemonContext
instanceKlass org/gradle/internal/nativeintegration/ReflectiveEnvironment
instanceKlass org/gradle/internal/nativeintegration/processenvironment/AbstractProcessEnvironment
instanceKlass net/rubygrapefruit/platform/internal/DefaultProcess
instanceKlass net/rubygrapefruit/platform/internal/WrapperProcess
instanceKlass net/rubygrapefruit/platform/file/WindowsFiles
instanceKlass net/rubygrapefruit/platform/file/Files
instanceKlass org/gradle/internal/invocation/BuildAction
instanceKlass org/gradle/launcher/daemon/server/api/DaemonCommandAction
instanceKlass org/gradle/launcher/daemon/registry/DaemonDir
instanceKlass org/gradle/launcher/daemon/server/DaemonLogFile
instanceKlass org/gradle/launcher/daemon/server/stats/DaemonRunningStats
instanceKlass org/gradle/launcher/daemon/server/health/DaemonHealthCheck
instanceKlass org/gradle/launcher/daemon/server/health/DaemonHealthStats
instanceKlass org/gradle/launcher/daemon/server/MasterExpirationStrategy
instanceKlass org/gradle/launcher/daemon/server/health/HealthExpirationStrategy
instanceKlass org/gradle/launcher/daemon/server/health/gc/GarbageCollectorMonitoringStrategy
instanceKlass org/gradle/launcher/daemon/server/Daemon
instanceKlass org/gradle/internal/serialize/Serializer
instanceKlass org/gradle/tooling/internal/provider/runner/OperationDependencyLookup
instanceKlass org/gradle/tooling/internal/provider/runner/ToolingApiBuildEventListenerFactory
instanceKlass org/gradle/internal/build/event/BuildEventListenerFactory
instanceKlass org/gradle/tooling/internal/provider/LauncherServices$ToolingGlobalScopeServices
instanceKlass org/gradle/tooling/internal/provider/ExecuteBuildActionRunner
instanceKlass org/gradle/internal/buildtree/BuildActionRunner
instanceKlass org/gradle/plugin/internal/PluginUseServices$GlobalScopeServices
instanceKlass org/gradle/platform/base/internal/registry/ComponentModelBaseServices$GlobalScopeServices
instanceKlass org/gradle/nativeplatform/NativeBinarySpec
instanceKlass org/gradle/platform/base/BinarySpec
instanceKlass org/gradle/platform/base/Binary
instanceKlass org/gradle/api/CheckableComponentSpec
instanceKlass org/gradle/api/BuildableComponentSpec
instanceKlass org/gradle/platform/base/ComponentSpec
instanceKlass org/gradle/model/ModelElement
instanceKlass org/gradle/api/Buildable
instanceKlass org/gradle/nativeplatform/TargetMachineBuilder
instanceKlass org/gradle/nativeplatform/TargetMachine
instanceKlass org/gradle/nativeplatform/internal/DefaultTargetMachineFactory
instanceKlass org/gradle/nativeplatform/TargetMachineFactory
instanceKlass org/gradle/nativeplatform/internal/NativePlatformResolver
instanceKlass org/gradle/platform/base/internal/PlatformResolver
instanceKlass org/gradle/nativeplatform/platform/internal/NativePlatformInternal
instanceKlass org/gradle/nativeplatform/platform/NativePlatform
instanceKlass org/gradle/platform/base/Platform
instanceKlass org/gradle/nativeplatform/platform/internal/OperatingSystemInternal
instanceKlass org/gradle/nativeplatform/platform/OperatingSystem
instanceKlass org/gradle/api/Named
instanceKlass org/gradle/nativeplatform/platform/internal/NativePlatforms
instanceKlass org/gradle/internal/logging/text/DiagnosticsVisitor
instanceKlass org/gradle/initialization/BuildEventConsumer
instanceKlass org/gradle/internal/build/event/BuildEventSubscriptions
instanceKlass org/gradle/internal/build/event/OperationResultPostProcessorFactory
instanceKlass org/gradle/language/java/internal/JavaLanguageServices$JavaGlobalScopeServices
instanceKlass org/gradle/kotlin/dsl/support/ImplicitImports
instanceKlass org/gradle/api/internal/GradleApiImplicitImportsProvider
instanceKlass org/gradle/kotlin/dsl/support/GlobalServices
# instanceKlass java/lang/invoke/LambdaForm$MH+0x000002b54c0d4400
instanceKlass org/gradle/jvm/toolchain/internal/install/JavaToolchainHttpRedirectVerifierFactory
instanceKlass com/google/common/base/Supplier
instanceKlass org/gradle/platform/internal/CurrentBuildPlatform
instanceKlass org/gradle/jvm/toolchain/internal/DefaultToolchainSpec
instanceKlass org/gradle/jvm/toolchain/internal/JavaToolchainSpecInternal
instanceKlass org/gradle/jvm/toolchain/JavaToolchainSpec
instanceKlass org/gradle/jvm/internal/services/ToolchainsJvmServices$GlobalServices
instanceKlass org/gradle/internal/snapshot/impl/DirectorySnapshotterStatistics$Collector
instanceKlass org/gradle/api/internal/changedetection/state/FileHasherStatistics$Collector
instanceKlass org/gradle/internal/service/scopes/VirtualFileSystemServices$GlobalScopeServices
# instanceKlass java/lang/invoke/LambdaForm$MH+0x000002b54c0d4000
instanceKlass java/lang/invoke/MethodHandle$1
instanceKlass org/gradle/internal/properties/bean/PropertyWalker
instanceKlass org/gradle/internal/service/scopes/ExecutionGlobalServices$AnnotationHandlerRegistration
instanceKlass org/gradle/internal/service/scopes/ExecutionGlobalServices$AnnotationHandlerRegistar
instanceKlass org/gradle/internal/instrumentation/api/annotations/ReplacesEagerProperty
instanceKlass org/gradle/api/model/ReplacedBy
instanceKlass org/gradle/api/tasks/Internal
instanceKlass org/gradle/api/tasks/TaskAction
instanceKlass org/gradle/api/internal/plugins/software/SoftwareType
instanceKlass org/gradle/api/services/ServiceReference
instanceKlass org/gradle/api/tasks/OutputFiles
instanceKlass org/gradle/api/tasks/OutputFile
instanceKlass org/gradle/api/tasks/OutputDirectory
instanceKlass org/gradle/api/tasks/OutputDirectories
instanceKlass org/gradle/api/tasks/options/OptionValues
instanceKlass org/gradle/api/tasks/Nested
instanceKlass org/gradle/api/tasks/LocalState
instanceKlass org/gradle/api/tasks/InputFiles
instanceKlass org/gradle/api/tasks/InputFile
instanceKlass org/gradle/api/tasks/InputDirectory
instanceKlass org/gradle/api/artifacts/transform/InputArtifactDependencies
instanceKlass org/gradle/api/artifacts/transform/InputArtifact
instanceKlass org/gradle/api/tasks/Input
instanceKlass org/gradle/api/tasks/Destroys
instanceKlass org/gradle/api/tasks/Console
instanceKlass org/gradle/internal/execution/history/ImmutableWorkspaceMetadataStore
instanceKlass org/gradle/api/internal/project/taskfactory/TaskClassInfoStore
instanceKlass org/gradle/internal/execution/WorkExecutionTracker
instanceKlass org/gradle/internal/properties/annotations/FunctionAnnotationHandler
instanceKlass org/gradle/internal/execution/WorkInputListeners
instanceKlass org/gradle/internal/reflect/annotations/TypeAnnotationMetadataStore
instanceKlass org/gradle/internal/service/scopes/ExecutionGlobalServices
instanceKlass org/gradle/internal/serialize/beans/services/BeanConstructors
instanceKlass org/gradle/internal/resource/transport/sftp/SftpClientFactory
instanceKlass org/gradle/internal/resource/transport/sftp/SftpResourcesServices$GlobalScopeServices
instanceKlass java/lang/FunctionalInterface
instanceKlass org/gradle/internal/resource/transport/http/HttpClientHelper$Factory
instanceKlass org/gradle/internal/resource/transport/http/SslContextFactory
instanceKlass org/gradle/internal/resource/transport/http/HttpResourcesServices$GlobalScopeServices
instanceKlass org/gradle/internal/resource/transport/gcp/gcs/GcsResourcesServices$GlobalScopeServices
instanceKlass org/gradle/internal/resource/transport/aws/s3/S3ResourcesServices$GlobalScopeServices
instanceKlass org/gradle/tooling/internal/provider/serialization/ClassLoaderCache
instanceKlass org/gradle/api/internal/tasks/userinput/UserInputReader$UserInput
instanceKlass org/gradle/api/internal/tasks/userinput/DefaultUserInputReader
instanceKlass org/gradle/api/internal/tasks/userinput/UserInputReader
instanceKlass org/gradle/internal/operations/BuildOperationAncestryTracker
instanceKlass org/gradle/internal/build/event/BuildEventServices$1
instanceKlass kotlin/annotation/Target
instanceKlass kotlin/annotation/Retention
instanceKlass kotlin/Metadata
instanceKlass org/gradle/internal/file/BufferProvider
instanceKlass org/gradle/caching/internal/BuildCacheServices$1
instanceKlass org/gradle/buildinit/plugins/internal/action/InitBuiltInCommand
instanceKlass org/gradle/reporting/ReportRenderer
instanceKlass org/gradle/api/reporting/components/internal/DiagnosticsServices$1
instanceKlass org/gradle/api/plugins/internal/HelpBuiltInCommand
instanceKlass org/gradle/configuration/project/BuiltInCommand
instanceKlass org/gradle/api/component/SoftwareComponentFactory
instanceKlass org/gradle/api/publish/internal/service/PublishServices$GlobalScopeServices
instanceKlass org/gradle/api/internal/tasks/testing/report/generic/MetadataRendererRegistry$MetadataRenderer
instanceKlass com/google/common/cache/CacheLoader
instanceKlass org/gradle/api/internal/tasks/testing/report/generic/MetadataRendererRegistry
instanceKlass org/gradle/api/internal/tasks/testing/TestingBasePluginServices$TestingGlobalScopeServices
instanceKlass org/gradle/internal/reflect/annotations/AnnotationCategory
instanceKlass org/gradle/internal/fingerprint/FileNormalizer
instanceKlass org/gradle/api/problems/ProblemSpec
instanceKlass org/gradle/api/problems/DocLink
instanceKlass org/gradle/internal/component/model/ExcludeMetadata
instanceKlass org/gradle/api/internal/artifacts/ivyservice/moduleconverter/dependencies/DefaultExcludeRuleConverter
instanceKlass org/gradle/api/internal/artifacts/DefaultImmutableModuleIdentifierFactory
instanceKlass org/gradle/api/internal/artifacts/ImmutableModuleIdentifierFactory
instanceKlass org/apache/ivy/util/MessageLogger
instanceKlass org/gradle/api/internal/artifacts/ivyservice/DefaultIvyContextManager
instanceKlass org/gradle/api/internal/artifacts/ivyservice/IvyContextManager
instanceKlass org/gradle/api/internal/artifacts/ivyservice/ivyresolve/strategy/Version
instanceKlass org/gradle/api/internal/artifacts/ivyservice/ivyresolve/strategy/VersionParser
instanceKlass org/gradle/api/Transformer
instanceKlass sun/invoke/util/VerifyAccess$1
instanceKlass java/lang/reflect/WildcardType
instanceKlass org/gradle/internal/resource/ExternalResourceName
instanceKlass org/gradle/api/Describable
instanceKlass org/gradle/cache/internal/ProducerGuard
instanceKlass org/gradle/api/internal/artifacts/dsl/dependencies/PlatformSupport
instanceKlass org/gradle/api/internal/tasks/properties/AbstractTypeScheme
instanceKlass org/gradle/api/internal/tasks/properties/TypeScheme
instanceKlass org/gradle/api/internal/tasks/properties/InspectionSchemeFactory
instanceKlass org/gradle/api/internal/artifacts/ivyservice/moduleconverter/dependencies/ExcludeRuleConverter
instanceKlass org/gradle/internal/properties/annotations/TypeAnnotationHandler
instanceKlass org/gradle/internal/resource/connector/ResourceConnectorFactory
instanceKlass org/gradle/api/internal/artifacts/ivyservice/moduleconverter/dependencies/DependencyMetadataFactory
instanceKlass org/gradle/api/internal/artifacts/DependencyManagementGlobalScopeServices
instanceKlass org/gradle/internal/buildoption/InternalOption
instanceKlass org/gradle/internal/buildoption/Option
instanceKlass org/gradle/internal/service/DefaultServiceLocator$ServiceFactory
instanceKlass org/gradle/internal/service/scopes/AbstractGradleModuleServices
instanceKlass org/gradle/internal/service/scopes/GradleModuleServices
# instanceKlass java/lang/invoke/LambdaForm$MH+0x000002b54c0b9400
# instanceKlass java/lang/invoke/LambdaForm$MH+0x000002b54c0b9000
# instanceKlass java/lang/invoke/LambdaForm$MH+0x000002b54c0b8c00
# instanceKlass java/lang/invoke/LambdaForm$MH+0x000002b54c0b8800
instanceKlass  @cpi org/gradle/internal/model/StateTransitionController 355 form vmentry <vmtarget> ; # java/lang/invoke/LambdaForm$DMH+0x000002b54c0b8400
# instanceKlass java/lang/invoke/LambdaForm$DMH+0x000002b54c0b8000
instanceKlass org/gradle/internal/classpath/intercept/JvmBytecodeInterceptorFactoryProvider$CompositeJvmBytecodeInterceptorFactoryProvider
instanceKlass org/gradle/internal/classpath/GroovyCallInterceptorsProvider$CompositeGroovyCallInterceptorsProvider
instanceKlass  @bci org/gradle/internal/classpath/GroovyCallInterceptorsProvider$ClassLoaderSourceGroovyCallInterceptorsProvider <init> (Ljava/lang/ClassLoader;Ljava/lang/String;)V 10 <appendix> member <vmtarget> ; # org/gradle/internal/classpath/GroovyCallInterceptorsProvider$ClassLoaderSourceGroovyCallInterceptorsProvider$$Lambda+0x000002b54c0b4080
instanceKlass org/gradle/internal/classpath/GroovyCallInterceptorsProvider$ClassLoaderSourceGroovyCallInterceptorsProvider
instanceKlass  @bci org/gradle/internal/classpath/intercept/JvmBytecodeInterceptorFactoryProvider$ClassLoaderSourceJvmBytecodeInterceptorFactoryProvider <init> (Ljava/lang/ClassLoader;Ljava/lang/String;)V 10 <appendix> member <vmtarget> ; # org/gradle/internal/classpath/intercept/JvmBytecodeInterceptorFactoryProvider$ClassLoaderSourceJvmBytecodeInterceptorFactoryProvider$$Lambda+0x000002b54c0b3c18
instanceKlass org/gradle/internal/classpath/intercept/JvmBytecodeInterceptorFactoryProvider$ClassLoaderSourceJvmBytecodeInterceptorFactoryProvider
instanceKlass org/gradle/internal/classpath/intercept/JvmBytecodeInterceptorSet
instanceKlass org/gradle/internal/classpath/intercept/DefaultJvmBytecodeInterceptorFactorySet
instanceKlass  @bci org/gradle/internal/classpath/GroovyCallInterceptorsProvider$ClassSourceGroovyCallInterceptorsProvider <init> (Ljava/lang/String;)V 9 <appendix> member <vmtarget> ; # org/gradle/internal/classpath/GroovyCallInterceptorsProvider$ClassSourceGroovyCallInterceptorsProvider$$Lambda+0x000002b54c0b3380
instanceKlass org/gradle/internal/classpath/Instrumented
instanceKlass org/gradle/internal/classpath/GroovyCallInterceptorsProvider$ClassSourceGroovyCallInterceptorsProvider
instanceKlass org/gradle/internal/classpath/intercept/DefaultCallSiteInterceptorSet
instanceKlass org/gradle/internal/classpath/intercept/JvmBytecodeInterceptorFactoryProvider
instanceKlass org/gradle/internal/classpath/GroovyCallInterceptorsProvider
instanceKlass org/gradle/internal/classpath/intercept/CallSiteDecorator
instanceKlass org/gradle/internal/classpath/intercept/JvmBytecodeInterceptorFactorySet
instanceKlass org/gradle/internal/classpath/intercept/CallSiteInterceptorSet
instanceKlass org/gradle/internal/classpath/intercept/CallInterceptorRegistry
instanceKlass groovy/lang/MetaClass
instanceKlass groovy/lang/MetaObjectProtocol
instanceKlass groovy/lang/GroovySystem
instanceKlass groovy/lang/MetaClassRegistry
instanceKlass groovy/lang/GroovyObject
instanceKlass java/util/ComparableTimSort
instanceKlass org/gradle/internal/classloader/FilteringClassLoader$Trie$Builder
instanceKlass org/gradle/internal/classloader/FilteringClassLoader$Trie
instanceKlass org/gradle/internal/classloader/FilteringClassLoader$TrieSet
instanceKlass  @bci java/lang/ClassLoader definePackage (Ljava/lang/String;Ljava/lang/Module;)Ljava/lang/Package; 73 <appendix> member <vmtarget> ; # java/lang/ClassLoader$$Lambda+0x000002b54c066de0
instanceKlass  @bci jdk/internal/loader/BootLoader$PackageHelper findModule (Ljava/lang/String;)Ljava/lang/Module; 90 <appendix> member <vmtarget> ; # jdk/internal/loader/BootLoader$PackageHelper$$Lambda+0x000002b54c066bb8
instanceKlass jdk/internal/loader/BootLoader$PackageHelper
instanceKlass  @bci java/util/stream/StreamSpliterators$WrappingSpliterator forEachRemaining (Ljava/util/function/Consumer;)V 33 <appendix> member <vmtarget> ; # java/util/stream/StreamSpliterators$WrappingSpliterator$$Lambda+0x000002b54c066700
instanceKlass java/util/stream/StreamSpliterators
instanceKlass java/util/stream/AbstractSpinedBuffer
instanceKlass java/util/stream/Node$Builder
instanceKlass java/util/stream/Node$OfDouble
instanceKlass java/util/stream/Node$OfLong
instanceKlass java/util/stream/Node$OfInt
instanceKlass java/util/stream/Node$OfPrimitive
instanceKlass java/util/stream/Nodes$EmptyNode
instanceKlass java/util/stream/Node
instanceKlass java/util/stream/Nodes
instanceKlass  @bci java/lang/ClassLoader getPackages ()[Ljava/lang/Package; 38 <appendix> argL0 ; # java/lang/ClassLoader$$Lambda+0x000002b54c065a18
instanceKlass java/util/function/IntFunction
instanceKlass  @bci jdk/internal/loader/BootLoader packages ()Ljava/util/stream/Stream; 6 <appendix> argL0 ; # jdk/internal/loader/BootLoader$$Lambda+0x000002b54c0653e8
instanceKlass java/util/stream/Streams$2
instanceKlass java/util/stream/StreamSpliterators$AbstractWrappingSpliterator
instanceKlass  @bci java/util/stream/AbstractPipeline spliterator ()Ljava/util/Spliterator; 103 <appendix> member <vmtarget> ; # java/util/stream/AbstractPipeline$$Lambda+0x000002b54c064a60
instanceKlass java/util/stream/Streams$ConcatSpliterator
instanceKlass  @bci java/lang/ClassLoader packages ()Ljava/util/stream/Stream; 13 <appendix> member <vmtarget> ; # java/lang/ClassLoader$$Lambda+0x000002b54c0642d8
instanceKlass org/gradle/internal/classloader/ClassLoaderUtils$Java9PackagesFetcher
instanceKlass org/gradle/internal/classloader/ClassLoaderUtils$AbstractClassLoaderLookuper
instanceKlass org/gradle/internal/classloader/ClassLoaderUtils$ClassLoaderPackagesFetcher
instanceKlass org/gradle/internal/classloader/ClassLoaderUtils$ClassDefiner
instanceKlass org/gradle/internal/classloader/ClassLoaderUtils
instanceKlass org/gradle/initialization/GradleApiSpecAggregator$DefaultSpec
instanceKlass kotlin/jvm/internal/Intrinsics
instanceKlass kotlin/collections/SetsKt__SetsJVMKt
instanceKlass com/google/common/collect/Hashing
instanceKlass com/google/common/math/IntMath$1
instanceKlass com/google/common/math/MathPreconditions
instanceKlass com/google/common/math/IntMath
instanceKlass org/apache/groovy/json/DefaultFastStringServiceFactory
instanceKlass org/apache/groovy/json/FastStringServiceFactory
instanceKlass org/gradle/internal/reflect/ReflectionCache$CacheEntry
instanceKlass com/google/common/collect/ImmutableCollection$Builder
instanceKlass com/google/common/collect/ImmutableSet$SetBuilderImpl
instanceKlass java/util/TimSort
instanceKlass java/util/Arrays$LegacyMergeSort
instanceKlass org/gradle/internal/service/DefaultServiceLocator$ServiceImplementationComparator
instanceKlass org/gradle/kotlin/dsl/provider/KotlinGradleApiSpecProvider
instanceKlass org/gradle/initialization/GradleApiSpecProvider$SpecAdapter
instanceKlass org/gradle/initialization/GradleApiSpecProvider
instanceKlass org/gradle/initialization/GradleApiSpecProvider$Spec
instanceKlass org/gradle/initialization/GradleApiSpecAggregator
instanceKlass com/google/common/base/Function
instanceKlass org/gradle/internal/reflect/CachedInvokable
instanceKlass org/gradle/internal/reflect/ReflectionCache
instanceKlass org/gradle/internal/reflect/DirectInstantiator
instanceKlass org/gradle/initialization/DefaultClassLoaderRegistry
instanceKlass org/gradle/internal/installation/GradleRuntimeShadedJarDetector
instanceKlass com/google/common/base/Preconditions
instanceKlass com/google/common/collect/PeekingIterator
instanceKlass com/google/common/collect/Iterators
instanceKlass java/net/URLClassLoader$2
instanceKlass com/google/common/collect/ObjectArrays
instanceKlass com/google/common/collect/UnmodifiableIterator
instanceKlass kotlin/jvm/JvmClassMappingKt
instanceKlass org/gradle/api/plugins/internal/DelegatingConvention
instanceKlass org/gradle/api/plugins/ExtensionContainer
instanceKlass org/gradle/internal/classpath/transforms/CommonTypes
instanceKlass org/objectweb/asm/Type
instanceKlass kotlin/reflect/KClass
instanceKlass kotlin/reflect/KClassifier
instanceKlass kotlin/reflect/KAnnotatedElement
instanceKlass kotlin/reflect/KDeclarationContainer
instanceKlass org/objectweb/asm/ClassVisitor
instanceKlass org/gradle/initialization/ConventionInterfaceGenerator
instanceKlass org/gradle/initialization/DefaultLegacyTypesSupport
instanceKlass org/gradle/api/internal/jvm/JavaVersionParser
instanceKlass org/gradle/api/internal/DynamicModulesClassPathProvider
instanceKlass org/gradle/api/internal/DefaultClassPathProvider
instanceKlass org/gradle/api/internal/ClassPathProvider
instanceKlass org/gradle/api/internal/DefaultClassPathRegistry
# instanceKlass java/lang/invoke/LambdaForm$MH+0x000002b54c0a0000
# instanceKlass java/lang/invoke/LambdaForm$MH+0x000002b54c09dc00
# instanceKlass java/lang/invoke/LambdaForm$MH+0x000002b54c09d800
instanceKlass org/gradle/api/internal/classpath/DefaultPluginModuleRegistry
# instanceKlass java/lang/invoke/LambdaForm$MH+0x000002b54c09d400
# instanceKlass java/lang/invoke/LambdaForm$MH+0x000002b54c09d000
# instanceKlass java/lang/invoke/LambdaForm$MH+0x000002b54c09cc00
# instanceKlass java/lang/invoke/LambdaForm$DMH+0x000002b54c09c800
instanceKlass org/gradle/internal/classpath/TransformedClassPath
instanceKlass org/gradle/internal/classloader/InstrumentingClassLoader
instanceKlass org/gradle/internal/service/DefaultServiceLocator
instanceKlass org/gradle/internal/classloader/DefaultClassLoaderFactory
instanceKlass org/gradle/api/internal/classpath/DefaultModuleRegistry$DefaultModule
instanceKlass org/gradle/internal/IoActions
instanceKlass org/gradle/util/internal/GUtil
instanceKlass  @bci org/gradle/api/internal/classpath/DefaultModuleRegistry loadOptionalModule (Ljava/lang/String;)Lorg/gradle/api/internal/classpath/Module; 4 <appendix> member <vmtarget> ; # org/gradle/api/internal/classpath/DefaultModuleRegistry$$Lambda+0x000002b54c09b388
# instanceKlass java/lang/invoke/LambdaForm$MH+0x000002b54c09c400
# instanceKlass java/lang/invoke/LambdaForm$MH+0x000002b54c09c000
instanceKlass org/gradle/api/internal/classpath/ManifestUtil
instanceKlass org/gradle/internal/classpath/DefaultClassPath$ImmutableUniqueList$Builder
instanceKlass org/gradle/internal/classloader/ClassLoaderSpec
instanceKlass org/gradle/internal/classloader/ClassLoaderHierarchy
instanceKlass org/gradle/internal/classloader/ClassLoaderVisitor
instanceKlass  @bci org/gradle/api/internal/classpath/DefaultModuleRegistry <clinit> ()V 0 <appendix> argL0 ; # org/gradle/api/internal/classpath/DefaultModuleRegistry$$Lambda+0x000002b54c09a028
instanceKlass org/gradle/api/internal/classpath/Module
instanceKlass org/gradle/internal/buildevents/BuildLoggerFactory
instanceKlass org/gradle/execution/DefaultWorkValidationWarningRecorder
instanceKlass org/gradle/execution/WorkValidationWarningReporter
instanceKlass org/gradle/internal/execution/steps/ValidateStep$ValidationWarningRecorder
instanceKlass javax/inject/Inject
instanceKlass org/gradle/initialization/layout/BuildLayoutFactory
instanceKlass org/gradle/internal/service/scopes/EventScope
instanceKlass org/gradle/internal/scripts/DefaultScriptFileResolverListeners
instanceKlass org/gradle/internal/scripts/ScriptFileResolverListeners
instanceKlass org/gradle/internal/id/UUIDGenerator
instanceKlass org/gradle/internal/remote/MessagingServer
instanceKlass org/gradle/internal/remote/internal/IncomingConnector
instanceKlass org/gradle/internal/remote/MessagingClient
instanceKlass org/gradle/internal/remote/internal/OutgoingConnector
instanceKlass org/gradle/internal/id/IdGenerator
instanceKlass org/gradle/internal/remote/services/MessagingServices
instanceKlass org/gradle/api/internal/file/DefaultFileLookup
instanceKlass org/gradle/internal/service/scopes/Scope$Settings
instanceKlass org/jspecify/annotations/NullMarked
instanceKlass org/gradle/internal/instantiation/managed/ManagedObjectProvider
instanceKlass org/gradle/internal/service/scopes/Scope$Project
instanceKlass org/gradle/internal/service/scopes/Scope$Build
instanceKlass org/gradle/internal/service/scopes/Scope$BuildTree
instanceKlass org/gradle/internal/service/scopes/Scope$BuildSession
instanceKlass org/gradle/internal/service/scopes/Scope$CrossBuildSession
instanceKlass org/gradle/internal/service/scopes/Scope$UserHome
instanceKlass java/lang/annotation/Documented
instanceKlass org/gradle/internal/service/ServiceScopeValidatorWorkarounds
instanceKlass org/gradle/api/internal/DocumentationRegistry
instanceKlass org/gradle/internal/remote/internal/inet/InetAddressFactory
instanceKlass org/gradle/api/internal/file/FileLookup
instanceKlass jdk/internal/foreign/MemorySessionImpl
instanceKlass java/lang/foreign/MemorySegment$Scope
instanceKlass org/gradle/api/internal/file/DefaultFilePropertyFactory
instanceKlass org/gradle/api/internal/classpath/DefaultModuleRegistry
instanceKlass org/gradle/api/internal/provider/PropertyHost
instanceKlass org/gradle/internal/state/ManagedFactoryRegistry
instanceKlass org/gradle/api/internal/file/FileFactory
instanceKlass org/gradle/internal/operations/BuildOperationListener
instanceKlass org/gradle/cache/GlobalCache
instanceKlass org/gradle/api/internal/classpath/GlobalCacheRootsProvider
instanceKlass org/gradle/internal/properties/annotations/AbstractAnnotationHandler
instanceKlass org/gradle/internal/properties/annotations/PropertyAnnotationHandler
instanceKlass org/gradle/internal/properties/annotations/AnnotationHandler
instanceKlass org/gradle/internal/instantiation/InjectAnnotationHandler
instanceKlass org/gradle/model/internal/manage/schema/extract/ModelSchemaExtractionStrategy
instanceKlass org/gradle/model/internal/manage/schema/extract/ModelSchemaAspectExtractionStrategy
instanceKlass sun/reflect/generics/reflectiveObjects/LazyReflectiveObjectGenerator
instanceKlass sun/reflect/generics/tree/TypeVariableSignature
instanceKlass sun/reflect/generics/tree/ClassSignature
instanceKlass sun/reflect/generics/reflectiveObjects/ParameterizedTypeImpl
instanceKlass org/gradle/model/internal/inspect/MethodModelRuleExtractor
instanceKlass sun/reflect/generics/tree/MethodTypeSignature
instanceKlass sun/reflect/generics/tree/Signature
instanceKlass sun/reflect/generics/tree/FormalTypeParameter
instanceKlass java/lang/reflect/TypeVariable
instanceKlass sun/reflect/generics/repository/AbstractRepository
instanceKlass org/gradle/api/internal/model/NamedObjectInstantiator
instanceKlass org/gradle/internal/state/ManagedFactory
instanceKlass org/gradle/api/internal/tasks/TaskDependencyFactory
instanceKlass org/gradle/api/internal/file/FilePropertyFactory
instanceKlass org/gradle/api/internal/plugins/PluginInspector
instanceKlass org/gradle/api/internal/classpath/RuntimeApiInfo
instanceKlass org/gradle/api/internal/classpath/ModuleRegistry
instanceKlass org/gradle/api/internal/cache/StringInterner
instanceKlass com/google/common/collect/Interner
instanceKlass org/gradle/internal/instrumentation/agent/AgentInitializer
instanceKlass org/gradle/model/internal/inspect/ModelRuleSourceDetector
instanceKlass org/gradle/model/internal/manage/schema/extract/ModelSchemaAspectExtractor
instanceKlass org/gradle/internal/service/CachingServiceLocator
instanceKlass org/gradle/internal/operations/CurrentBuildOperationRef
instanceKlass org/gradle/internal/instantiation/InstanceGenerator
instanceKlass org/gradle/api/internal/file/FileResolver
instanceKlass org/gradle/internal/file/RelativeFilePathResolver
instanceKlass org/gradle/model/internal/inspect/ModelRuleExtractor
instanceKlass org/gradle/model/internal/manage/instance/ManagedProxyFactory
instanceKlass org/gradle/internal/scripts/ScriptFileResolvedListener
instanceKlass org/gradle/internal/service/DefaultServiceRegistry$RegistrationWrapper
instanceKlass java/lang/Class$AnnotationData
instanceKlass  @bci org/gradle/internal/service/DefaultServiceRegistry$FixedInstanceService instanceRealized (Ljava/lang/Object;)V 13 <appendix> member <vmtarget> ; # org/gradle/internal/service/DefaultServiceRegistry$FixedInstanceService$$Lambda+0x000002b54c08fdd8
instanceKlass org/gradle/internal/service/scopes/ServiceScope
instanceKlass org/gradle/internal/service/ServiceScopeValidator
instanceKlass org/gradle/internal/service/DefaultServiceRegistry$CompositeServiceProvider
instanceKlass org/gradle/internal/service/DefaultServiceRegistry$ParentServices
instanceKlass org/gradle/cache/internal/Synchronizer
instanceKlass org/gradle/cache/internal/CacheSupport
instanceKlass org/gradle/cache/internal/CacheAccessSerializer
instanceKlass org/gradle/launcher/daemon/registry/DaemonRegistry
instanceKlass org/gradle/cache/Cache
instanceKlass org/gradle/launcher/daemon/registry/DaemonRegistryServices
instanceKlass org/gradle/launcher/daemon/context/DaemonContext
instanceKlass org/gradle/launcher/daemon/server/scaninfo/DaemonScanInfo
instanceKlass org/gradle/launcher/daemon/server/expiry/DaemonExpirationStrategy
instanceKlass org/gradle/launcher/daemon/server/DaemonServerConnector
instanceKlass org/gradle/launcher/daemon/server/DaemonServices
instanceKlass org/gradle/launcher/exec/BuildExecutor
instanceKlass org/gradle/launcher/exec/BuildActionExecutor
instanceKlass org/gradle/internal/buildprocess/BuildProcessScopeServices
instanceKlass  @bci org/gradle/internal/service/scopes/GlobalScopeServices <init> (ZLorg/gradle/internal/instrumentation/agent/AgentStatus;Lorg/gradle/internal/classpath/ClassPath;Lorg/gradle/internal/installation/CurrentGradleInstallation;)V 14 <appendix> member <vmtarget> ; # org/gradle/internal/service/scopes/GlobalScopeServices$$Lambda+0x000002b54c08ceb0
instanceKlass org/gradle/internal/environment/GradleBuildEnvironment
instanceKlass org/gradle/groovy/scripts/internal/ScriptSourceHasher
instanceKlass org/gradle/api/model/ObjectFactory
instanceKlass org/gradle/internal/reflect/Instantiator
instanceKlass org/gradle/api/tasks/util/internal/PatternSpecFactory
instanceKlass org/gradle/internal/file/excludes/FileSystemDefaultExcludesListener
instanceKlass org/gradle/internal/instantiation/InstantiatorFactory
instanceKlass org/gradle/internal/instantiation/PropertyRoleAnnotationHandler
instanceKlass org/gradle/api/internal/classpath/PluginModuleRegistry
instanceKlass org/gradle/initialization/ClassLoaderRegistry
instanceKlass org/gradle/process/internal/health/memory/JvmMemoryInfo
instanceKlass org/gradle/model/internal/manage/schema/ModelSchemaStore
instanceKlass org/gradle/configuration/ImportsReader
instanceKlass org/gradle/api/internal/ClassPathRegistry
instanceKlass org/gradle/model/internal/manage/binding/StructBindingsStore
instanceKlass org/gradle/model/internal/manage/schema/extract/ModelSchemaExtractor
instanceKlass org/gradle/internal/execution/history/changes/ExecutionStateChangeDetector
instanceKlass org/gradle/internal/execution/history/OverlappingOutputDetector
instanceKlass org/gradle/cache/CacheCleanupStrategyFactory
instanceKlass org/gradle/cache/internal/InMemoryCacheDecoratorFactory
instanceKlass org/gradle/internal/service/ServiceLocator
instanceKlass org/gradle/internal/operations/BuildOperationProgressEventEmitter
instanceKlass org/gradle/internal/service/scopes/GradleUserHomeScopeServiceRegistry
instanceKlass org/gradle/api/internal/collections/DomainObjectCollectionFactory
instanceKlass org/gradle/process/internal/health/memory/OsMemoryInfo
instanceKlass org/gradle/process/internal/ExecFactory
instanceKlass org/gradle/api/internal/ProcessOperations
instanceKlass org/gradle/process/internal/JavaForkOptionsFactory
instanceKlass org/gradle/process/internal/JavaExecHandleFactory
instanceKlass org/gradle/process/internal/ExecHandleFactory
instanceKlass org/gradle/process/internal/ExecActionFactory
instanceKlass org/gradle/initialization/JdkToolsInitializer
instanceKlass org/gradle/internal/scripts/ScriptFileResolver
instanceKlass org/gradle/process/internal/health/memory/MemoryManager
instanceKlass org/gradle/internal/operations/BuildOperationRunner
instanceKlass org/gradle/internal/classloader/ClassLoaderFactory
instanceKlass org/gradle/api/internal/provider/PropertyFactory
instanceKlass org/gradle/initialization/LegacyTypesSupport
instanceKlass org/gradle/internal/logging/progress/ProgressLoggerFactory
instanceKlass org/gradle/internal/logging/progress/ProgressListener
instanceKlass org/gradle/internal/operations/BuildOperationIdFactory
instanceKlass org/gradle/internal/operations/BuildOperationListenerManager
instanceKlass org/gradle/cache/internal/CrossBuildInMemoryCacheFactory
instanceKlass org/gradle/cache/internal/ClassCacheFactory
instanceKlass org/gradle/internal/operations/DefaultBuildOperationRunner$BuildOperationExecutionListener
instanceKlass org/gradle/internal/file/Deleter
instanceKlass org/gradle/internal/hash/StreamHasher
instanceKlass org/gradle/cache/internal/CacheFactory
instanceKlass org/gradle/internal/event/ScopedListenerManager
instanceKlass org/gradle/internal/event/ListenerManager
instanceKlass org/gradle/api/tasks/util/internal/PatternSetFactory
instanceKlass org/gradle/cache/FileLockManager
instanceKlass org/gradle/cache/internal/ProcessMetaDataProvider
instanceKlass org/gradle/process/internal/ClientExecHandleBuilderFactory
instanceKlass org/gradle/internal/file/PathToFileResolver
instanceKlass org/gradle/internal/concurrent/ExecutorFactory
instanceKlass org/gradle/internal/instantiation/managed/ManagedObjectRegistry
instanceKlass org/gradle/initialization/BuildCancellationToken
instanceKlass org/gradle/cache/internal/locklistener/FileLockContentionHandler
instanceKlass org/gradle/cache/internal/locklistener/InetAddressProvider
instanceKlass org/gradle/api/internal/file/collections/DirectoryFileTreeFactory
instanceKlass org/gradle/api/internal/file/FileCollectionFactory
instanceKlass org/gradle/internal/service/scopes/BasicGlobalScopeServices
instanceKlass org/gradle/internal/service/scopes/Scope$Global
instanceKlass org/gradle/internal/service/scopes/Scope
instanceKlass org/gradle/internal/installation/GradleInstallation$1
instanceKlass org/gradle/internal/installation/GradleInstallation
instanceKlass org/gradle/internal/classloader/ClasspathUtil
instanceKlass org/gradle/internal/installation/CurrentGradleInstallationLocator
instanceKlass org/gradle/internal/installation/CurrentGradleInstallation
instanceKlass  @bci org/gradle/internal/instrumentation/agent/DefaultAgentStatus <clinit> ()V 3 <appendix> argL0 ; # org/gradle/internal/instrumentation/agent/DefaultAgentStatus$$Lambda+0x000002b54c086718
instanceKlass  @cpi org/gradle/internal/instrumentation/agent/DefaultAgentStatus 60 form vmentry <vmtarget> ; # java/lang/invoke/LambdaForm$DMH+0x000002b54c080800
# instanceKlass java/lang/invoke/LambdaForm$DMH+0x000002b54c080400
instanceKlass org/gradle/internal/instrumentation/agent/AgentControl
instanceKlass  @bci org/gradle/internal/lazy/Lazy locking ()Lorg/gradle/internal/lazy/Lazy$Factory; 0 <appendix> argL0 ; # org/gradle/internal/lazy/Lazy$$Lambda+0x000002b54c0862f0
instanceKlass org/gradle/internal/lazy/LockingLazy
instanceKlass org/gradle/internal/lazy/Lazy$Factory
instanceKlass org/gradle/internal/lazy/Lazy
instanceKlass org/gradle/internal/instrumentation/agent/DefaultAgentStatus
instanceKlass org/gradle/internal/instrumentation/agent/AgentStatus
instanceKlass org/gradle/api/specs/Spec
instanceKlass org/gradle/internal/classpath/DefaultClassPath
instanceKlass org/gradle/internal/classpath/ClassPath
instanceKlass org/gradle/internal/buildprocess/BuildProcessState
instanceKlass org/gradle/launcher/daemon/server/DaemonProcessState
instanceKlass org/gradle/internal/logging/services/DefaultLoggingManager$StartableLoggingSystem
instanceKlass org/gradle/internal/logging/services/DefaultLoggingManager$StartableLoggingRouter
instanceKlass org/gradle/internal/logging/services/DefaultLoggingManager
instanceKlass jdk/internal/logger/DefaultLoggerFinder$1
instanceKlass java/util/logging/Logger$SystemLoggerHelper$1
instanceKlass java/util/logging/Logger$SystemLoggerHelper
instanceKlass java/util/logging/LogManager$4
instanceKlass jdk/internal/logger/BootstrapLogger$BootstrapExecutors
instanceKlass jdk/internal/logger/BootstrapLogger$RedirectedLoggers
instanceKlass java/util/concurrent/CopyOnWriteArrayList$COWIterator
instanceKlass java/util/Spliterators$ArraySpliterator
instanceKlass jdk/internal/logger/BootstrapLogger$DetectBackend$1
instanceKlass jdk/internal/logger/BootstrapLogger$DetectBackend
instanceKlass jdk/internal/logger/BootstrapLogger
instanceKlass sun/util/logging/PlatformLogger$ConfigurableBridge
instanceKlass sun/util/logging/PlatformLogger$Bridge
instanceKlass java/lang/System$Logger
instanceKlass java/util/stream/Streams
instanceKlass java/util/stream/Stream$Builder
instanceKlass java/util/stream/Streams$AbstractStreamBuilderImpl
instanceKlass  @bci java/util/logging/Level$KnownLevel findByName (Ljava/lang/String;Ljava/util/function/Function;)Ljava/util/Optional; 29 <appendix> argL0 ; # java/util/logging/Level$KnownLevel$$Lambda+0x800000022
instanceKlass java/util/ArrayList$ArrayListSpliterator
instanceKlass  @bci java/util/logging/Level findLevel (Ljava/lang/String;)Ljava/util/logging/Level; 13 <appendix> argL0 ; # java/util/logging/Level$$Lambda+0x800000010
instanceKlass java/util/Hashtable$Enumerator
instanceKlass java/util/Collections$SynchronizedCollection
instanceKlass java/util/Properties$EntrySet
instanceKlass java/util/Collections$3
instanceKlass java/util/logging/LogManager$LoggerContext$1
instanceKlass java/util/logging/LogManager$VisitedLoggers
instanceKlass  @bci Settings_gradle$1 execute (Lorg/gradle/plugin/management/PluginManagementSpec;)V 171 <appendix> form vmentry <vmtarget> ; # java/lang/invoke/LambdaForm$MH+0x000002b54c080000
instanceKlass java/util/logging/LogManager$2
instanceKlass java/lang/System$LoggerFinder
instanceKlass java/util/logging/LogManager$LoggingProviderAccess
instanceKlass sun/util/logging/internal/LoggingProviderImpl$LogManagerAccess
instanceKlass java/lang/Shutdown$Lock
instanceKlass java/lang/Shutdown
instanceKlass java/lang/ApplicationShutdownHooks$1
instanceKlass java/lang/ApplicationShutdownHooks
instanceKlass java/util/Collections$SynchronizedMap
instanceKlass java/util/logging/LogManager$LogNode
instanceKlass java/util/logging/LogManager$LoggerContext
instanceKlass java/util/logging/LogManager$1
instanceKlass java/util/logging/LogManager
instanceKlass java/util/logging/Logger$ConfigurationData
instanceKlass java/util/logging/Logger$LoggerBundle
instanceKlass java/util/logging/Handler
instanceKlass java/util/logging/Logger
instanceKlass  @bci java/util/logging/Level$KnownLevel add (Ljava/util/logging/Level;)V 49 <appendix> argL0 ; # java/util/logging/Level$KnownLevel$$Lambda+0x800000021
instanceKlass  @bci java/util/logging/Level$KnownLevel add (Ljava/util/logging/Level;)V 19 <appendix> argL0 ; # java/util/logging/Level$KnownLevel$$Lambda+0x800000020
instanceKlass java/util/logging/Level
instanceKlass org/gradle/internal/logging/source/JavaUtilLoggingSystem
instanceKlass org/gradle/internal/logging/slf4j/Slf4jLoggingConfigurer
instanceKlass org/gradle/internal/logging/config/LoggingSystemAdapter
instanceKlass org/gradle/internal/logging/LoggingManagerInternal
instanceKlass org/gradle/internal/logging/StandardOutputCapture
instanceKlass org/gradle/api/logging/LoggingManager
instanceKlass org/gradle/internal/logging/services/DefaultLoggingManagerFactory
instanceKlass org/gradle/internal/logging/source/StdErrLoggingSystem
instanceKlass org/gradle/internal/logging/source/PrintStreamLoggingSystem$SnapshotImpl
instanceKlass org/gradle/internal/logging/source/PrintStreamLoggingSystem$OutputEventDestination
instanceKlass org/gradle/internal/logging/source/PrintStreamLoggingSystem$1
instanceKlass org/gradle/internal/logging/events/operations/StyledTextBuildOperationProgressDetails
instanceKlass org/gradle/internal/operations/logging/StyledTextBuildOperationProgressDetails
instanceKlass org/gradle/internal/io/TextStream
instanceKlass org/gradle/internal/logging/source/PrintStreamLoggingSystem
instanceKlass org/gradle/internal/logging/source/StdOutLoggingSystem
# instanceKlass java/lang/invoke/LambdaForm$MH+0x000002b54c03bc00
# instanceKlass java/lang/invoke/LambdaForm$MH+0x000002b54c03b800
instanceKlass org/gradle/internal/service/AnnotatedServiceLifecycleHandler
instanceKlass  @bci org/gradle/internal/service/DefaultServiceRegistry$ManagedObjectServiceProvider instanceRealized (Ljava/lang/Object;)V 12 <appendix> member <vmtarget> ; # org/gradle/internal/service/DefaultServiceRegistry$ManagedObjectServiceProvider$$Lambda+0x000002b54c03c230
instanceKlass  @cpi org/gradle/plugin/use/internal/PluginRequestCollector 252 form vmentry <vmtarget> ; # java/lang/invoke/LambdaForm$DMH+0x000002b54c03b400
instanceKlass java/lang/reflect/ParameterizedType
instanceKlass java/lang/invoke/VarHandle$AccessDescriptor
instanceKlass org/gradle/internal/logging/services/TextStreamOutputEventListener
instanceKlass org/gradle/internal/logging/sink/OutputEventListenerManager$1
instanceKlass org/gradle/internal/logging/sink/OutputEventListenerManager
instanceKlass org/gradle/internal/logging/services/LoggingServiceRegistry$1
instanceKlass org/gradle/internal/logging/LoggingManagerFactory
instanceKlass org/gradle/internal/logging/config/LoggingConfigurer
instanceKlass org/gradle/internal/logging/config/LoggingSourceSystem
instanceKlass org/gradle/internal/logging/services/LoggingServiceRegistry
instanceKlass org/gradle/launcher/daemon/configuration/DefaultDaemonServerConfiguration
instanceKlass org/gradle/api/internal/file/temp/DefaultTemporaryFileProvider
# instanceKlass java/lang/invoke/LambdaForm$MH+0x000002b54c03b000
# instanceKlass java/lang/invoke/LambdaForm$MH+0x000002b54c03ac00
# instanceKlass java/lang/invoke/LambdaForm$MH+0x000002b54c03a800
instanceKlass java/lang/Class$EnclosingMethodInfo
instanceKlass  @cpi org/gradle/internal/watch/registry/impl/AbstractFileWatcherUpdater 407 form vmentry <vmtarget> ; # java/lang/invoke/LambdaForm$DMH+0x000002b54c03a400
instanceKlass org/gradle/internal/jvm/Jvm
instanceKlass org/gradle/internal/jvm/JavaInfo
instanceKlass net/rubygrapefruit/platform/file/FileSystems
instanceKlass net/rubygrapefruit/platform/SystemInfo
instanceKlass net/rubygrapefruit/platform/memory/Memory
instanceKlass net/rubygrapefruit/platform/WindowsRegistry
instanceKlass org/gradle/internal/file/StatStatistics
instanceKlass org/gradle/internal/file/StatStatistics$Collector
instanceKlass org/gradle/internal/nativeintegration/filesystem/services/GenericFileSystem
instanceKlass org/gradle/internal/service/InjectUtil
# instanceKlass java/lang/invoke/LambdaForm$MH+0x000002b54c03a000
# instanceKlass java/lang/invoke/LambdaForm$MH+0x000002b54c039c00
# instanceKlass java/lang/invoke/LambdaForm$MH+0x000002b54c039800
instanceKlass  @cpi org/gradle/internal/snapshot/AbstractIncompleteFileSystemNode$2 183 form vmentry <vmtarget> ; # java/lang/invoke/LambdaForm$DMH+0x000002b54c039400
# instanceKlass java/lang/invoke/LambdaForm$MH+0x000002b54c039000
# instanceKlass java/lang/invoke/LambdaForm$DMH+0x000002b54c038c00
# instanceKlass java/lang/invoke/LambdaForm$DMH+0x000002b54c038800
instanceKlass  @cpi org/gradle/cache/internal/DefaultInMemoryCacheDecoratorFactory 222 form vmentry <vmtarget> ; # java/lang/invoke/LambdaForm$DMH+0x000002b54c038400
instanceKlass java/lang/invoke/MethodHandleImpl$ArrayAccessor
instanceKlass java/lang/invoke/MethodHandleImpl$LoopClauses
instanceKlass java/lang/invoke/MethodHandleImpl$CasesHolder
# instanceKlass java/lang/invoke/LambdaForm$MH+0x000002b54c038000
instanceKlass org/gradle/internal/service/DefaultServiceRegistry$1
instanceKlass org/gradle/internal/service/DefaultServiceRegistry$ClassInspector$ClassDetails
instanceKlass org/gradle/util/internal/CollectionUtils
instanceKlass  @bci org/gradle/internal/service/DefaultServiceRegistry$SingletonService <init> (Lorg/gradle/internal/service/DefaultServiceRegistry;Lorg/gradle/internal/service/ServiceAccessScope;Ljava/util/List;)V 43 <appendix> argL0 ; # org/gradle/internal/service/DefaultServiceRegistry$SingletonService$$Lambda+0x000002b54c034578
instanceKlass java/util/concurrent/ConcurrentLinkedQueue$Node
instanceKlass org/gradle/internal/service/PrivateService
instanceKlass org/gradle/internal/reflect/JavaMethod
instanceKlass org/gradle/internal/service/AbstractServiceMethod
instanceKlass org/gradle/util/internal/ArrayUtils
instanceKlass com/google/errorprone/annotations/Keep
instanceKlass java/lang/annotation/Target
instanceKlass sun/reflect/annotation/AnnotationInvocationHandler
instanceKlass sun/reflect/annotation/AnnotationParser$1
instanceKlass java/lang/annotation/Inherited
instanceKlass java/lang/annotation/Retention
instanceKlass sun/reflect/annotation/ExceptionProxy
instanceKlass  @bci sun/reflect/annotation/AnnotationParser parseClassArray (ILjava/nio/ByteBuffer;Ljdk/internal/reflect/ConstantPool;Ljava/lang/Class;)Ljava/lang/Object; 10 <appendix> member <vmtarget> ; # sun/reflect/annotation/AnnotationParser$$Lambda+0x000002b54c05c0e0
instanceKlass sun/reflect/annotation/AnnotationType$1
instanceKlass sun/reflect/annotation/AnnotationType
instanceKlass java/lang/reflect/GenericArrayType
instanceKlass sun/reflect/generics/visitor/Reifier
instanceKlass sun/reflect/generics/visitor/TypeTreeVisitor
instanceKlass sun/reflect/generics/factory/CoreReflectionFactory
instanceKlass sun/reflect/generics/factory/GenericsFactory
instanceKlass sun/reflect/generics/scope/AbstractScope
instanceKlass sun/reflect/generics/scope/Scope
instanceKlass sun/reflect/generics/tree/ClassTypeSignature
instanceKlass sun/reflect/generics/tree/SimpleClassTypeSignature
instanceKlass sun/reflect/generics/tree/FieldTypeSignature
instanceKlass sun/reflect/generics/tree/BaseType
instanceKlass sun/reflect/generics/tree/TypeSignature
instanceKlass sun/reflect/generics/tree/ReturnType
instanceKlass sun/reflect/generics/tree/TypeArgument
instanceKlass sun/reflect/generics/tree/TypeTree
instanceKlass sun/reflect/generics/tree/Tree
instanceKlass sun/reflect/generics/parser/SignatureParser
instanceKlass org/gradle/internal/service/Provides
instanceKlass org/gradle/internal/nativeintegration/filesystem/services/GenericFileSystem$Factory
instanceKlass org/gradle/api/internal/file/temp/TemporaryFileProvider
instanceKlass org/gradle/internal/service/RelevantMethods$RelevantMethodsBuilder
instanceKlass org/gradle/internal/Cast
instanceKlass org/gradle/internal/service/ServiceMethod
instanceKlass org/gradle/internal/service/MethodHandleBasedServiceMethodFactory
instanceKlass org/gradle/internal/service/DefaultServiceMethodFactory
instanceKlass org/gradle/internal/service/ServiceMethodFactory
instanceKlass org/gradle/internal/service/RelevantMethods
instanceKlass org/gradle/internal/service/DefaultServiceAccessToken
instanceKlass org/gradle/internal/service/TypeStringFormatter
instanceKlass org/gradle/internal/service/DefaultServiceRegistry$ClassInspector
instanceKlass org/gradle/internal/service/ServiceAccess$1
instanceKlass org/gradle/internal/service/ServiceAccessToken
instanceKlass org/gradle/internal/service/ServiceAccessScope
instanceKlass org/gradle/internal/service/ServiceAccess
instanceKlass org/gradle/internal/service/DefaultServiceRegistry$ThisAsService
instanceKlass org/gradle/internal/concurrent/CompositeStoppable$1
instanceKlass org/gradle/internal/concurrent/CompositeStoppable
instanceKlass org/gradle/internal/service/AnnotatedServiceLifecycleHandler$Registration
instanceKlass org/gradle/internal/service/DefaultServiceRegistry$OwnServices
instanceKlass org/gradle/internal/service/ServiceRegistration
instanceKlass org/gradle/internal/service/ServiceProvider$Visitor
instanceKlass org/gradle/internal/service/DefaultServiceRegistry$ManagedObjectServiceProvider
instanceKlass org/gradle/internal/service/Service
instanceKlass org/gradle/internal/service/ServiceProvider
instanceKlass org/gradle/internal/concurrent/Stoppable
instanceKlass org/gradle/internal/nativeintegration/jansi/JansiStorage
instanceKlass org/fusesource/jansi/Ansi
instanceKlass org/fusesource/jansi/internal/OSInfo
instanceKlass org/gradle/internal/nativeintegration/jansi/JansiLibrary
instanceKlass org/gradle/internal/nativeintegration/services/NativeServices$FileEventFunctionsProvider
instanceKlass org/gradle/internal/nativeintegration/services/NativeServices$NativeFeatures$1$1
instanceKlass org/gradle/fileevents/internal/AbstractFileEventFunctions
instanceKlass  @bci org/gradle/fileevents/internal/NativeLogger$LogLevel <clinit> ()V 119 <appendix> member <vmtarget> ; # org/gradle/fileevents/internal/NativeLogger$LogLevel$$Lambda+0x000002b54c02b6e8
instanceKlass  @bci org/gradle/fileevents/internal/NativeLogger$LogLevel <clinit> ()V 93 <appendix> member <vmtarget> ; # org/gradle/fileevents/internal/NativeLogger$LogLevel$$Lambda+0x000002b54c02b4b0
instanceKlass  @bci org/gradle/fileevents/internal/NativeLogger$LogLevel <clinit> ()V 67 <appendix> member <vmtarget> ; # org/gradle/fileevents/internal/NativeLogger$LogLevel$$Lambda+0x000002b54c02b278
instanceKlass  @bci org/gradle/fileevents/internal/NativeLogger$LogLevel <clinit> ()V 41 <appendix> member <vmtarget> ; # org/gradle/fileevents/internal/NativeLogger$LogLevel$$Lambda+0x000002b54c02b040
instanceKlass  @bci org/gradle/fileevents/internal/NativeLogger$LogLevel <clinit> ()V 15 <appendix> member <vmtarget> ; # org/gradle/fileevents/internal/NativeLogger$LogLevel$$Lambda+0x000002b54c02ae08
instanceKlass  @cpi org/gradle/internal/execution/steps/IdentifyStep 135 form vmentry <vmtarget> ; # java/lang/invoke/LambdaForm$DMH+0x000002b54c02c000
instanceKlass org/gradle/fileevents/internal/NativeLogger
instanceKlass org/gradle/fileevents/FileEvents
instanceKlass org/gradle/internal/os/OperatingSystem
instanceKlass org/gradle/internal/nativeintegration/services/NativeServices$1
instanceKlass org/gradle/internal/nativeintegration/filesystem/FileSystem
instanceKlass org/gradle/internal/file/FileSystem
instanceKlass org/gradle/internal/file/Stat
instanceKlass org/gradle/internal/file/Chmod
instanceKlass org/gradle/internal/file/FileModeMutator
instanceKlass org/gradle/internal/file/FileModeAccessor
instanceKlass org/gradle/internal/file/FileCanonicalizer
instanceKlass org/gradle/internal/nativeintegration/filesystem/Symlink
instanceKlass org/gradle/internal/nativeintegration/filesystem/services/FileSystemServices
instanceKlass org/gradle/internal/service/DefaultServiceRegistry
instanceKlass org/gradle/internal/service/ContainsServices
instanceKlass org/gradle/internal/service/CloseableServiceRegistry
instanceKlass net/rubygrapefruit/platform/internal/jni/NativeLibraryFunctions
instanceKlass jdk/internal/loader/NativeLibraries$Unloader
instanceKlass java/nio/channels/spi/AbstractInterruptibleChannel$1
instanceKlass sun/nio/ch/Interruptible
instanceKlass sun/nio/ch/FileKey
instanceKlass sun/nio/ch/FileLockTable
instanceKlass sun/nio/ch/NativeThread
instanceKlass java/nio/channels/FileLock
instanceKlass sun/nio/ch/NativeThreadSet
instanceKlass sun/nio/ch/IOUtil
instanceKlass sun/nio/ch/NativeDispatcher
instanceKlass java/nio/file/attribute/FileAttribute
instanceKlass java/nio/channels/spi/AbstractInterruptibleChannel
instanceKlass java/nio/channels/InterruptibleChannel
instanceKlass java/nio/channels/ScatteringByteChannel
instanceKlass java/nio/channels/GatheringByteChannel
instanceKlass java/nio/channels/SeekableByteChannel
instanceKlass java/nio/channels/ByteChannel
instanceKlass java/nio/channels/WritableByteChannel
instanceKlass java/nio/channels/ReadableByteChannel
instanceKlass java/nio/channels/Channel
instanceKlass java/util/Formatter$Flags
instanceKlass java/util/Formattable
instanceKlass java/util/Formatter$FormatSpecifier
instanceKlass java/util/Formatter$Conversion
instanceKlass java/util/Formatter$FixedString
instanceKlass java/util/Formatter$FormatString
instanceKlass  @bci java/util/regex/Pattern Single (I)Ljava/util/regex/Pattern$BmpCharPredicate; 1 <appendix> member <vmtarget> ; # java/util/regex/Pattern$$Lambda+0x800000028
instanceKlass java/util/Formatter
instanceKlass net/rubygrapefruit/platform/internal/LibraryDef
instanceKlass java/util/Arrays$ArrayItr
instanceKlass net/rubygrapefruit/platform/internal/NativeLibraryLocator
instanceKlass net/rubygrapefruit/platform/internal/NativeLibraryLoader
instanceKlass net/rubygrapefruit/platform/Process
instanceKlass net/rubygrapefruit/platform/internal/Platform
instanceKlass net/rubygrapefruit/platform/Native
instanceKlass java/lang/ProcessEnvironment$CheckedEntry
instanceKlass java/lang/ProcessEnvironment$CheckedEntrySet$1
instanceKlass java/lang/ProcessEnvironment$EntryComparator
instanceKlass java/lang/ProcessEnvironment$NameComparator
instanceKlass org/gradle/internal/service/ServiceRegistryBuilder
instanceKlass org/gradle/internal/nativeintegration/jansi/JansiLibraryFactory
instanceKlass org/gradle/internal/nativeintegration/jansi/JansiStorageLocator
instanceKlass org/gradle/internal/nativeintegration/jansi/JansiBootPathConfigurer
instanceKlass org/gradle/initialization/GradleUserHomeDirProvider
instanceKlass org/gradle/internal/service/ServiceRegistry
instanceKlass org/gradle/internal/service/ServiceLookup
instanceKlass org/gradle/internal/file/FileMetadataAccessor
instanceKlass org/gradle/internal/nativeintegration/NativeCapabilities
instanceKlass org/gradle/internal/nativeintegration/ProcessEnvironment
instanceKlass net/rubygrapefruit/platform/ProcessLauncher
instanceKlass net/rubygrapefruit/platform/NativeIntegration
instanceKlass org/gradle/internal/nativeintegration/network/HostnameLookup
instanceKlass org/gradle/internal/nativeintegration/console/ConsoleDetector
instanceKlass org/gradle/internal/nativeintegration/services/NativeServices
instanceKlass org/gradle/internal/service/ServiceRegistrationProvider
instanceKlass org/gradle/internal/serialize/AbstractDecoder
instanceKlass org/gradle/internal/serialize/Decoder
instanceKlass org/gradle/launcher/bootstrap/EntryPoint$RecordingExecutionListener
# instanceKlass java/lang/invoke/LambdaForm$MH+0x000002b54c01cc00
# instanceKlass java/lang/invoke/LambdaForm$MH+0x000002b54c01c800
# instanceKlass java/lang/invoke/LambdaForm$MH+0x000002b54c01c400
instanceKlass org/gradle/internal/logging/events/operations/LogEventBuildOperationProgressDetails
instanceKlass org/gradle/internal/operations/logging/LogEventBuildOperationProgressDetails
instanceKlass org/gradle/internal/logging/slf4j/BuildOperationAwareLogger
instanceKlass org/slf4j/helpers/BasicMarker
instanceKlass org/slf4j/helpers/Reporter
instanceKlass org/gradle/internal/logging/sink/OutputEventRenderer$2
instanceKlass org/gradle/internal/dispatch/ReflectionDispatch
instanceKlass org/gradle/internal/logging/sink/OutputEventRenderer$1
instanceKlass org/gradle/internal/logging/sink/OutputEventRenderer$LazyListener
# instanceKlass java/lang/invoke/LambdaForm$MH+0x000002b54c01c000
instanceKlass java/lang/reflect/Proxy$ProxyBuilder$1
instanceKlass jdk/internal/org/objectweb/asm/Edge
instanceKlass  @bci java/lang/reflect/ProxyGenerator addProxyMethod (Ljava/lang/reflect/Method;Ljava/lang/Class;)V 23 <appendix> argL0 ; # java/lang/reflect/ProxyGenerator$$Lambda+0x000002b54c0524e0
instanceKlass  @bci java/lang/reflect/ProxyGenerator addProxyMethod (Ljava/lang/reflect/ProxyGenerator$ProxyMethod;)V 10 <appendix> argL0 ; # java/lang/reflect/ProxyGenerator$$Lambda+0x000002b54c0522a0
instanceKlass java/util/StringJoiner
instanceKlass java/lang/reflect/ProxyGenerator$ProxyMethod
instanceKlass  @bci java/lang/reflect/Proxy getLoader (Ljava/lang/Module;)Ljava/lang/ClassLoader; 6 <appendix> member <vmtarget> ; # java/lang/reflect/Proxy$$Lambda+0x000002b54c0518e8
instanceKlass  @bci java/lang/module/ModuleDescriptor$Builder packages (Ljava/util/Set;)Ljava/lang/module/ModuleDescriptor$Builder; 17 <appendix> argL0 ; # java/lang/module/ModuleDescriptor$Builder$$Lambda+0x800000002
instanceKlass jdk/internal/module/Checks
instanceKlass java/lang/module/ModuleDescriptor$Builder
instanceKlass  @bci java/lang/reflect/Proxy$ProxyBuilder getDynamicModule (Ljava/lang/ClassLoader;)Ljava/lang/Module; 4 <appendix> argL0 ; # java/lang/reflect/Proxy$ProxyBuilder$$Lambda+0x000002b54c0514a8
instanceKlass java/lang/PublicMethods
instanceKlass java/lang/reflect/Proxy$ProxyBuilder
instanceKlass  @bci java/lang/reflect/Proxy getProxyConstructor (Ljava/lang/Class;Ljava/lang/ClassLoader;[Ljava/lang/Class;)Ljava/lang/reflect/Constructor; 35 <appendix> argL0 ; # java/lang/reflect/Proxy$$Lambda+0x000002b54c0501d8
instanceKlass java/lang/ClassValue$Version
instanceKlass java/lang/ClassValue$Identity
instanceKlass java/lang/ClassValue
instanceKlass java/lang/reflect/Proxy
instanceKlass org/gradle/internal/dispatch/ProxyDispatchAdapter$DispatchingInvocationHandler
instanceKlass java/lang/reflect/InvocationHandler
instanceKlass org/gradle/internal/dispatch/ProxyDispatchAdapter
instanceKlass org/gradle/internal/logging/events/operations/ProgressStartBuildOperationProgressDetails
instanceKlass org/gradle/internal/operations/logging/ProgressStartBuildOperationProgressDetails
instanceKlass org/gradle/internal/logging/sink/OutputEventTransformer
instanceKlass org/gradle/internal/exceptions/NonGradleCauseExceptionsHolder
instanceKlass org/gradle/internal/exceptions/MultiCauseException
instanceKlass org/gradle/internal/exceptions/ResolutionProvider
instanceKlass org/gradle/internal/event/AbstractBroadcastDispatch
instanceKlass org/gradle/internal/event/ListenerBroadcast
instanceKlass org/gradle/internal/dispatch/Dispatch
instanceKlass org/gradle/internal/logging/console/ColorMap
instanceKlass org/gradle/internal/nativeintegration/console/ConsoleMetaData
instanceKlass org/gradle/internal/logging/format/LogHeaderFormatter
instanceKlass org/gradle/internal/Factory
instanceKlass org/gradle/internal/logging/text/StyledTextOutput
instanceKlass org/gradle/internal/logging/config/LoggingSystem$Snapshot
instanceKlass org/gradle/internal/logging/events/InteractiveEvent
instanceKlass org/gradle/api/logging/StandardOutputListener
instanceKlass org/gradle/internal/logging/events/OutputEvent
instanceKlass org/gradle/internal/logging/sink/OutputEventRenderer
instanceKlass org/gradle/internal/logging/config/LoggingRouter
instanceKlass org/gradle/internal/logging/LoggingOutputInternal
instanceKlass org/gradle/api/logging/LoggingOutput
instanceKlass org/gradle/internal/logging/config/LoggingSystem
instanceKlass org/gradle/internal/logging/console/UserInputReceiver$Normalizer
instanceKlass org/gradle/internal/logging/console/DefaultUserInputReceiver
instanceKlass org/slf4j/spi/LoggingEventBuilder
instanceKlass org/gradle/internal/logging/slf4j/OutputEventListenerBackedLoggerContext$NoOpLogger
instanceKlass org/gradle/api/logging/Logger
instanceKlass java/lang/invoke/VarForm
instanceKlass java/lang/invoke/VarHandleGuards
instanceKlass java/lang/invoke/VarHandles
instanceKlass java/util/concurrent/atomic/AtomicReference
instanceKlass org/gradle/internal/time/TimeSource$1
instanceKlass org/gradle/internal/time/TimeSource
instanceKlass org/gradle/internal/time/MonotonicClock
instanceKlass org/gradle/internal/time/Clock
instanceKlass org/gradle/internal/time/CountdownTimer
instanceKlass org/gradle/internal/time/Timer
instanceKlass org/gradle/internal/time/Time
instanceKlass org/gradle/internal/logging/events/OutputEventListener
instanceKlass org/gradle/internal/logging/console/GlobalUserInputReceiver
instanceKlass org/gradle/internal/logging/slf4j/OutputEventListenerBackedLoggerContext
instanceKlass org/slf4j/MDC
instanceKlass java/util/ServiceLoader$ProviderImpl
instanceKlass java/util/ServiceLoader$Provider
instanceKlass java/util/ServiceLoader$1
instanceKlass org/gradle/internal/logging/slf4j/StaticLoggerProvider
instanceKlass java/nio/charset/CoderResult
instanceKlass sun/net/www/protocol/jar/JarFileFactory
instanceKlass sun/net/www/protocol/jar/URLJarFile$URLJarFileCloseController
instanceKlass java/net/URLClassLoader$3$1
instanceKlass java/net/URLClassLoader$3
instanceKlass jdk/internal/loader/URLClassPath$1
instanceKlass java/lang/CompoundEnumeration
instanceKlass jdk/internal/loader/BuiltinClassLoader$1
instanceKlass java/util/Collections$EmptyEnumeration
instanceKlass java/util/ServiceLoader$3
instanceKlass java/util/ServiceLoader$2
instanceKlass java/util/ServiceLoader$LazyClassPathLookupIterator
instanceKlass java/util/Spliterators$1Adapter
instanceKlass java/util/ServiceLoader$ModuleServicesLookupIterator
instanceKlass java/util/ServiceLoader
instanceKlass org/slf4j/helpers/Util
instanceKlass org/slf4j/helpers/NOPMDCAdapter
instanceKlass org/slf4j/helpers/NOPLoggerFactory
instanceKlass org/slf4j/helpers/NOP_FallbackServiceProvider
instanceKlass org/slf4j/helpers/ThreadLocalMapOfStacks
instanceKlass org/slf4j/helpers/BasicMDCAdapter
instanceKlass org/slf4j/Marker
instanceKlass org/slf4j/helpers/BasicMarkerFactory
instanceKlass java/util/concurrent/LinkedBlockingQueue$Node
instanceKlass java/util/concurrent/BlockingQueue
instanceKlass org/slf4j/Logger
instanceKlass org/slf4j/helpers/SubstituteLoggerFactory
instanceKlass org/slf4j/ILoggerFactory
instanceKlass org/slf4j/spi/MDCAdapter
instanceKlass org/slf4j/helpers/SubstituteServiceProvider
instanceKlass org/slf4j/event/LoggingEvent
instanceKlass org/slf4j/spi/SLF4JServiceProvider
instanceKlass org/slf4j/LoggerFactory
instanceKlass org/slf4j/IMarkerFactory
instanceKlass org/slf4j/MarkerFactory
instanceKlass org/gradle/api/logging/Logging
instanceKlass org/gradle/launcher/daemon/configuration/DaemonServerConfiguration
instanceKlass org/gradle/launcher/bootstrap/ExecutionListener
instanceKlass org/gradle/api/Action
instanceKlass org/gradle/internal/logging/text/StyledTextOutputFactory
instanceKlass org/gradle/api/logging/configuration/LoggingConfiguration
instanceKlass org/gradle/initialization/BuildClientMetaData
instanceKlass org/gradle/internal/problems/failure/FailureFactory
instanceKlass org/gradle/launcher/bootstrap/ExecutionCompleter
instanceKlass org/gradle/launcher/bootstrap/EntryPoint
instanceKlass java/util/TreeMap$PrivateEntryIterator
instanceKlass java/util/TreeMap$Entry
instanceKlass java/util/NavigableMap
instanceKlass java/util/SortedMap
instanceKlass java/util/NavigableSet
instanceKlass java/util/SortedSet
instanceKlass  @bci java/io/FilePermissionCollection add (Ljava/security/Permission;)V 68 <appendix> argL0 ; # java/io/FilePermissionCollection$$Lambda+0x000002b54c04a8a0
instanceKlass java/security/Security$1
instanceKlass jdk/internal/access/JavaSecurityPropertiesAccess
instanceKlass java/util/concurrent/ConcurrentHashMap$MapEntry
instanceKlass java/io/FileInputStream$1
instanceKlass  @bci java/security/Security <clinit> ()V 9 <appendix> argL0 ; # java/security/Security$$Lambda+0x80000000b
instanceKlass java/security/Security
instanceKlass sun/security/util/SecurityProperties
instanceKlass sun/security/util/FilePermCompat
instanceKlass java/io/FilePermission$1
instanceKlass jdk/internal/access/JavaIOFilePermissionAccess
instanceKlass sun/net/www/MessageHeader
instanceKlass java/net/URLConnection
instanceKlass java/net/URLClassLoader$1
instanceKlass org/gradle/internal/classloader/InstrumentingClassLoader
instanceKlass jdk/internal/jimage/ImageLocation
instanceKlass jdk/internal/jimage/decompressor/Decompressor
instanceKlass jdk/internal/jimage/ImageStringsReader
instanceKlass jdk/internal/jimage/ImageStrings
instanceKlass jdk/internal/jimage/ImageHeader
instanceKlass jdk/internal/jimage/NativeImageBuffer$1
instanceKlass jdk/internal/jimage/NativeImageBuffer
instanceKlass jdk/internal/jimage/BasicImageReader$1
instanceKlass jdk/internal/jimage/BasicImageReader
instanceKlass jdk/internal/jimage/ImageReader
instanceKlass jdk/internal/jimage/ImageReaderFactory$1
instanceKlass java/nio/file/FileSystems$DefaultFileSystemHolder$1
instanceKlass java/nio/file/FileSystems$DefaultFileSystemHolder
instanceKlass java/nio/file/FileSystems
instanceKlass java/nio/file/Paths
instanceKlass jdk/internal/jimage/ImageReaderFactory
instanceKlass jdk/internal/module/SystemModuleFinders$SystemImage
instanceKlass jdk/internal/module/SystemModuleFinders$SystemModuleReader
instanceKlass java/lang/module/ModuleReader
instanceKlass jdk/internal/loader/BuiltinClassLoader$5
instanceKlass jdk/internal/loader/BuiltinClassLoader$2
instanceKlass jdk/internal/module/Resources
instanceKlass java/io/RandomAccessFile$1
instanceKlass org/gradle/api/Action
instanceKlass org/gradle/internal/IoActions
instanceKlass java/util/Properties$LineReader
instanceKlass java/util/regex/Pattern$TreeInfo
instanceKlass  @bci java/util/regex/Pattern union (Ljava/util/regex/Pattern$CharPredicate;Ljava/util/regex/Pattern$CharPredicate;Z)Ljava/util/regex/Pattern$CharPredicate; 6 <appendix> member <vmtarget> ; # java/util/regex/Pattern$$Lambda+0x800000031
instanceKlass  @bci java/util/regex/Pattern Range (II)Ljava/util/regex/Pattern$CharPredicate; 23 <appendix> member <vmtarget> ; # java/util/regex/Pattern$$Lambda+0x800000029
instanceKlass java/util/regex/Pattern$BitClass
instanceKlass org/gradle/util/internal/GUtil
instanceKlass  @bci org/gradle/api/internal/classpath/DefaultModuleRegistry loadOptionalModule (Ljava/lang/String;)Lorg/gradle/api/internal/classpath/Module; 4 <appendix> member <vmtarget> ; # org/gradle/api/internal/classpath/DefaultModuleRegistry$$Lambda+0x000002b54c009a88
instanceKlass  @cpi org/gradle/internal/watch/registry/impl/HierarchicalFileWatcherUpdater 281 form vmentry <vmtarget> ; # java/lang/invoke/LambdaForm$DMH+0x000002b54c00c000
instanceKlass org/gradle/internal/classpath/TransformedClassPath
instanceKlass java/util/LinkedHashMap$LinkedHashIterator
instanceKlass java/util/Collections$EmptyIterator
instanceKlass java/util/Collections$1
instanceKlass org/gradle/api/internal/classpath/DefaultModuleRegistry$DefaultModule
instanceKlass java/util/regex/IntHashSet
instanceKlass java/util/regex/Matcher
instanceKlass java/util/regex/MatchResult
instanceKlass  @bci java/util/regex/Pattern DOT ()Ljava/util/regex/Pattern$CharPredicate; 0 <appendix> argL0 ; # java/util/regex/Pattern$$Lambda+0x000002b54c047630
instanceKlass  @bci java/util/regex/CharPredicates ASCII_DIGIT ()Ljava/util/regex/Pattern$BmpCharPredicate; 0 <appendix> argL0 ; # java/util/regex/CharPredicates$$Lambda+0x800000024
instanceKlass java/util/regex/Pattern$BmpCharPredicate
instanceKlass java/util/regex/Pattern$CharPredicate
instanceKlass java/util/regex/CharPredicates
instanceKlass java/util/regex/ASCII
instanceKlass java/util/regex/Pattern$Node
instanceKlass java/util/regex/Pattern
instanceKlass org/gradle/internal/service/CachingServiceLocator
instanceKlass java/io/Reader
instanceKlass java/lang/Readable
instanceKlass org/gradle/internal/service/DefaultServiceLocator
instanceKlass org/gradle/internal/service/ServiceLocator
instanceKlass org/gradle/internal/classloader/DefaultClassLoaderFactory
instanceKlass org/gradle/api/internal/DefaultClassPathProvider
instanceKlass org/gradle/api/internal/ClassPathProvider
instanceKlass org/gradle/api/internal/DefaultClassPathRegistry
instanceKlass org/gradle/api/internal/classpath/ManifestUtil
instanceKlass org/gradle/internal/Cast
instanceKlass java/util/AbstractList$Itr
instanceKlass org/gradle/internal/classpath/DefaultClassPath$ImmutableUniqueList$Builder
instanceKlass org/gradle/internal/classloader/ClassLoaderSpec
instanceKlass org/gradle/internal/classloader/ClassLoaderVisitor
instanceKlass org/gradle/internal/classpath/DefaultClassPath
instanceKlass org/gradle/internal/classpath/ClassPath
instanceKlass org/gradle/internal/installation/GradleInstallation$1
instanceKlass java/io/FileFilter
instanceKlass org/gradle/internal/installation/GradleInstallation
instanceKlass java/net/URI$Parser
instanceKlass org/gradle/internal/classloader/ClasspathUtil
instanceKlass org/gradle/internal/installation/CurrentGradleInstallationLocator
instanceKlass org/gradle/internal/installation/CurrentGradleInstallation
instanceKlass  @bci org/gradle/api/internal/classpath/DefaultModuleRegistry <clinit> ()V 0 <appendix> argL0 ; # org/gradle/api/internal/classpath/DefaultModuleRegistry$$Lambda+0x000002b54c0048e0
instanceKlass  @cpi org/gradle/api/internal/collections/IterationOrderRetainingSetElementSource 211 form vmentry <vmtarget> ; # java/lang/invoke/LambdaForm$DMH+0x000002b54c006000
instanceKlass org/gradle/api/specs/Spec
instanceKlass org/gradle/api/internal/classpath/Module
instanceKlass org/gradle/api/internal/classpath/DefaultModuleRegistry
instanceKlass org/gradle/api/internal/classpath/GlobalCacheRootsProvider
instanceKlass org/gradle/internal/classloader/ClassLoaderHierarchy
instanceKlass org/gradle/internal/classloader/ClassLoaderFactory
instanceKlass org/gradle/api/internal/ClassPathRegistry
instanceKlass org/gradle/api/internal/classpath/ModuleRegistry
instanceKlass org/gradle/launcher/bootstrap/ProcessBootstrap
instanceKlass jdk/internal/misc/PreviewFeatures
instanceKlass jdk/internal/misc/MainMethodFinder
instanceKlass org/gradle/launcher/daemon/bootstrap/GradleDaemon
instanceKlass sun/security/util/ManifestEntryVerifier
instanceKlass jdk/internal/misc/ThreadTracker
instanceKlass java/util/jar/JarFile$ThreadTrackHolder
instanceKlass sun/nio/cs/ArrayDecoder
instanceKlass java/nio/charset/CharsetDecoder
instanceKlass sun/launcher/LauncherHelper
instanceKlass  @bci jdk/internal/reflect/DirectConstructorHandleAccessor invokeImpl ([Ljava/lang/Object;)Ljava/lang/Object; 88 <adapter> ; # java/lang/invoke/LambdaForm$MH+0x000002b54c002800
# instanceKlass java/lang/invoke/LambdaForm$MH+0x000002b54c002400
# instanceKlass java/lang/invoke/LambdaForm$MH+0x000002b54c002000
# instanceKlass java/lang/invoke/LambdaForm$MH+0x000002b54c001c00
# instanceKlass java/lang/invoke/LambdaForm$MH+0x000002b54c001800
# instanceKlass java/lang/invoke/LambdaForm$MH+0x000002b54c001400
instanceKlass  @cpi org/gradle/internal/watch/vfs/impl/DefaultFileSystemWatchingStatistics 134 form vmentry <vmtarget> ; # java/lang/invoke/LambdaForm$DMH+0x000002b54c001000
instanceKlass java/lang/instrument/ClassFileTransformer
instanceKlass org/gradle/instrumentation/agent/Agent
instanceKlass java/security/SecureClassLoader$DebugHolder
instanceKlass java/security/Permission
instanceKlass java/security/Guard
instanceKlass java/security/PermissionCollection
instanceKlass java/security/SecureClassLoader$1
instanceKlass java/util/zip/Checksum$1
instanceKlass java/util/zip/CRC32
instanceKlass java/util/zip/Checksum
instanceKlass sun/nio/ByteBuffered
instanceKlass java/lang/Package$VersionInfo
instanceKlass java/lang/NamedPackage
instanceKlass jdk/internal/loader/Resource
instanceKlass java/util/StringTokenizer
instanceKlass java/util/jar/Attributes$Name
instanceKlass java/util/jar/Attributes
instanceKlass java/util/jar/JarVerifier
instanceKlass sun/security/action/GetIntegerAction
instanceKlass sun/security/util/Debug
instanceKlass sun/security/util/SignatureFileVerifier
instanceKlass java/util/zip/ZipFile$InflaterCleanupAction
instanceKlass java/util/zip/Inflater$InflaterZStreamRef
instanceKlass java/util/zip/Inflater
instanceKlass java/util/zip/ZipEntry
instanceKlass java/util/zip/ZipFile$2
instanceKlass java/nio/Bits$1
instanceKlass jdk/internal/misc/VM$BufferPool
instanceKlass java/nio/Bits
instanceKlass sun/nio/ch/DirectBuffer
instanceKlass jdk/internal/perf/PerfCounter$CoreCounters
instanceKlass jdk/internal/perf/Perf
instanceKlass jdk/internal/perf/Perf$GetPerfAction
instanceKlass jdk/internal/perf/PerfCounter
instanceKlass sun/util/locale/LocaleUtils
instanceKlass sun/util/locale/BaseLocale
instanceKlass java/util/Locale
instanceKlass java/nio/file/attribute/FileTime
instanceKlass java/lang/StringCoding
instanceKlass java/util/zip/ZipUtils
instanceKlass java/util/zip/ZipFile$Source$End
instanceKlass java/io/RandomAccessFile$2
instanceKlass jdk/internal/access/JavaIORandomAccessFileAccess
instanceKlass java/io/RandomAccessFile
instanceKlass java/io/DataInput
instanceKlass java/io/DataOutput
instanceKlass sun/nio/fs/WindowsNativeDispatcher$CompletionStatus
instanceKlass sun/nio/fs/WindowsNativeDispatcher$AclInformation
instanceKlass sun/nio/fs/WindowsNativeDispatcher$Account
instanceKlass sun/nio/fs/WindowsNativeDispatcher$DiskFreeSpace
instanceKlass sun/nio/fs/WindowsNativeDispatcher$VolumeInformation
instanceKlass sun/nio/fs/WindowsNativeDispatcher$FirstStream
instanceKlass sun/nio/fs/WindowsNativeDispatcher$FirstFile
instanceKlass java/util/Enumeration
instanceKlass java/util/concurrent/ConcurrentHashMap$Traverser
instanceKlass java/util/concurrent/ForkJoinPool$ManagedBlocker
instanceKlass java/util/concurrent/locks/AbstractQueuedSynchronizer$Node
instanceKlass sun/nio/fs/WindowsNativeDispatcher
instanceKlass sun/nio/fs/NativeBuffer$Deallocator
instanceKlass sun/nio/fs/NativeBuffer
instanceKlass java/lang/ThreadLocal$ThreadLocalMap
instanceKlass java/lang/ThreadLocal
instanceKlass sun/nio/fs/NativeBuffers
instanceKlass sun/nio/fs/WindowsFileAttributes
instanceKlass java/nio/file/attribute/DosFileAttributes
instanceKlass sun/nio/fs/AbstractBasicFileAttributeView
instanceKlass sun/nio/fs/DynamicFileAttributeView
instanceKlass sun/nio/fs/WindowsFileAttributeViews
instanceKlass sun/nio/fs/Util
instanceKlass java/nio/file/attribute/BasicFileAttributeView
instanceKlass java/nio/file/attribute/FileAttributeView
instanceKlass java/nio/file/attribute/AttributeView
instanceKlass java/nio/file/Files
instanceKlass java/nio/file/CopyOption
instanceKlass java/nio/file/attribute/BasicFileAttributes
instanceKlass sun/nio/fs/WindowsPath
instanceKlass java/util/zip/ZipFile$Source$Key
instanceKlass sun/nio/fs/WindowsPathParser$Result
instanceKlass sun/nio/fs/WindowsPathParser
instanceKlass java/nio/file/FileSystem
instanceKlass java/nio/file/OpenOption
instanceKlass java/nio/file/spi/FileSystemProvider
instanceKlass sun/nio/fs/DefaultFileSystemProvider
instanceKlass java/util/zip/ZipFile$Source
instanceKlass java/lang/ref/Cleaner$Cleanable
instanceKlass jdk/internal/ref/CleanerImpl
instanceKlass java/lang/ref/Cleaner$1
instanceKlass java/lang/ref/Cleaner
instanceKlass jdk/internal/ref/CleanerFactory$1
instanceKlass java/util/concurrent/ThreadFactory
instanceKlass jdk/internal/ref/CleanerFactory
instanceKlass java/util/zip/ZipCoder
instanceKlass java/util/zip/ZipFile$CleanableResource
instanceKlass java/lang/Runtime$Version
instanceKlass java/util/jar/JavaUtilJarAccessImpl
instanceKlass jdk/internal/access/JavaUtilJarAccess
instanceKlass jdk/internal/loader/FileURLMapper
instanceKlass jdk/internal/loader/URLClassPath$JarLoader$1
instanceKlass java/util/zip/ZipFile$1
instanceKlass jdk/internal/access/JavaUtilZipFileAccess
instanceKlass java/util/zip/ZipFile
instanceKlass java/util/zip/ZipConstants
instanceKlass jdk/internal/loader/URLClassPath$Loader
instanceKlass jdk/internal/loader/URLClassPath$3
instanceKlass java/security/PrivilegedExceptionAction
instanceKlass sun/net/util/URLUtil
instanceKlass sun/instrument/TransformerManager$TransformerInfo
instanceKlass sun/instrument/TransformerManager
instanceKlass jdk/internal/loader/NativeLibraries$3
instanceKlass jdk/internal/loader/NativeLibrary
instanceKlass java/util/ArrayDeque$DeqIterator
instanceKlass jdk/internal/loader/NativeLibraries$NativeLibraryContext$1
instanceKlass jdk/internal/loader/NativeLibraries$NativeLibraryContext
instanceKlass jdk/internal/loader/NativeLibraries$2
instanceKlass jdk/internal/loader/NativeLibraries$1
instanceKlass jdk/internal/loader/NativeLibraries$LibraryPaths
instanceKlass  @bci sun/instrument/InstrumentationImpl <clinit> ()V 16 <appendix> argL0 ; # sun/instrument/InstrumentationImpl$$Lambda+0x000002b54c0424e0
instanceKlass sun/instrument/InstrumentationImpl
instanceKlass java/lang/instrument/Instrumentation
instanceKlass java/lang/invoke/StringConcatFactory
instanceKlass jdk/internal/module/ModuleBootstrap$SafeModuleFinder
instanceKlass  @bci java/lang/WeakPairMap computeIfAbsent (Ljava/lang/Object;Ljava/lang/Object;Ljava/util/function/BiFunction;)Ljava/lang/Object; 18 <appendix> member <vmtarget> ; # java/lang/WeakPairMap$$Lambda+0x000002b54c041d68
instanceKlass  @bci java/lang/Module implAddExportsOrOpens (Ljava/lang/String;Ljava/lang/Module;ZZ)V 145 <appendix> argL0 ; # java/lang/Module$$Lambda+0x000002b54c041410
instanceKlass  @bci jdk/internal/module/ModuleBootstrap decode (Ljava/lang/String;Ljava/lang/String;Z)Ljava/util/Map; 193 <appendix> argL0 ; # jdk/internal/module/ModuleBootstrap$$Lambda+0x000002b54c0411d0
instanceKlass java/lang/ModuleLayer$Controller
instanceKlass java/util/concurrent/CopyOnWriteArrayList
instanceKlass jdk/internal/module/ServicesCatalog$ServiceProvider
instanceKlass jdk/internal/loader/AbstractClassLoaderValue$Memoizer
instanceKlass jdk/internal/module/ModuleLoaderMap$Modules
instanceKlass jdk/internal/module/ModuleLoaderMap$Mapper
instanceKlass jdk/internal/module/ModuleLoaderMap
instanceKlass java/lang/module/ResolvedModule
instanceKlass java/util/Collections$UnmodifiableCollection$1
instanceKlass java/util/SequencedMap
instanceKlass java/util/SequencedSet
instanceKlass java/lang/ModuleLayer
instanceKlass java/util/ImmutableCollections$ListItr
instanceKlass java/util/ListIterator
instanceKlass java/lang/module/ModuleFinder$1
instanceKlass java/nio/file/Path
instanceKlass java/nio/file/Watchable
instanceKlass java/lang/module/Resolver
instanceKlass java/lang/module/Configuration
instanceKlass  @bci java/util/stream/FindOps$FindSink$OfRef <clinit> ()V 43 <appendix> argL0 ; # java/util/stream/FindOps$FindSink$OfRef$$Lambda+0x800000047
instanceKlass  @bci java/util/stream/FindOps$FindSink$OfRef <clinit> ()V 38 <appendix> argL0 ; # java/util/stream/FindOps$FindSink$OfRef$$Lambda+0x800000049
instanceKlass  @bci java/util/stream/FindOps$FindSink$OfRef <clinit> ()V 16 <appendix> argL0 ; # java/util/stream/FindOps$FindSink$OfRef$$Lambda+0x800000048
instanceKlass  @bci java/util/stream/FindOps$FindSink$OfRef <clinit> ()V 11 <appendix> argL0 ; # java/util/stream/FindOps$FindSink$OfRef$$Lambda+0x80000004a
instanceKlass java/util/stream/FindOps$FindOp
instanceKlass java/util/stream/FindOps$FindSink
instanceKlass java/util/stream/FindOps
instanceKlass  @bci jdk/internal/module/DefaultRoots exportsAPI (Ljava/lang/module/ModuleDescriptor;)Z 9 <appendix> argL0 ; # jdk/internal/module/DefaultRoots$$Lambda+0x800000050
instanceKlass java/util/stream/Sink$ChainedReference
instanceKlass java/util/stream/ReduceOps$AccumulatingSink
instanceKlass java/util/stream/TerminalSink
instanceKlass java/util/stream/Sink
instanceKlass java/util/function/Consumer
instanceKlass java/util/stream/ReduceOps$Box
instanceKlass java/util/stream/ReduceOps$ReduceOp
instanceKlass java/util/stream/TerminalOp
instanceKlass java/util/stream/ReduceOps
instanceKlass  @bci java/util/stream/Collectors castingIdentity ()Ljava/util/function/Function; 0 <appendix> argL0 ; # java/util/stream/Collectors$$Lambda+0x800000041
instanceKlass  @bci java/util/stream/Collectors toSet ()Ljava/util/stream/Collector; 14 <appendix> argL0 ; # java/util/stream/Collectors$$Lambda+0x80000003f
instanceKlass java/util/function/BinaryOperator
instanceKlass  @bci java/util/stream/Collectors toSet ()Ljava/util/stream/Collector; 9 <appendix> argL0 ; # java/util/stream/Collectors$$Lambda+0x800000038
instanceKlass java/util/function/BiConsumer
instanceKlass  @bci java/util/stream/Collectors toSet ()Ljava/util/stream/Collector; 4 <appendix> argL0 ; # java/util/stream/Collectors$$Lambda+0x800000044
instanceKlass java/util/stream/Collector
instanceKlass java/util/Collections$UnmodifiableCollection
instanceKlass java/util/stream/Collectors
instanceKlass  @bci jdk/internal/module/DefaultRoots compute (Ljava/lang/module/ModuleFinder;Ljava/lang/module/ModuleFinder;)Ljava/util/Set; 42 <appendix> argL0 ; # jdk/internal/module/DefaultRoots$$Lambda+0x80000004d
instanceKlass  @bci jdk/internal/module/DefaultRoots compute (Ljava/lang/module/ModuleFinder;Ljava/lang/module/ModuleFinder;)Ljava/util/Set; 32 <appendix> member <vmtarget> ; # jdk/internal/module/DefaultRoots$$Lambda+0x800000051
instanceKlass  @bci jdk/internal/module/DefaultRoots compute (Ljava/lang/module/ModuleFinder;Ljava/lang/module/ModuleFinder;)Ljava/util/Set; 21 <appendix> argL0 ; # jdk/internal/module/DefaultRoots$$Lambda+0x80000004e
instanceKlass  @bci org/apache/commons/io/IOUtils <clinit> ()V 36 <appendix> form vmentry <vmtarget> ; # java/lang/invoke/LambdaForm$MH+0x000002b54c000800
instanceKlass  @bci jdk/internal/module/DefaultRoots compute (Ljava/lang/module/ModuleFinder;Ljava/lang/module/ModuleFinder;)Ljava/util/Set; 11 <appendix> argL0 ; # jdk/internal/module/DefaultRoots$$Lambda+0x80000004f
instanceKlass java/lang/invoke/LambdaProxyClassArchive
instanceKlass java/lang/invoke/InfoFromMemberName
instanceKlass java/lang/invoke/MethodHandleInfo
instanceKlass jdk/internal/org/objectweb/asm/ConstantDynamic
instanceKlass jdk/internal/org/objectweb/asm/Handle
instanceKlass sun/security/action/GetBooleanAction
instanceKlass java/lang/invoke/AbstractValidatingLambdaMetafactory
instanceKlass java/lang/invoke/BootstrapMethodInvoker
instanceKlass java/util/function/Predicate
instanceKlass java/lang/WeakPairMap$Pair$Lookup
instanceKlass java/lang/WeakPairMap$Pair
instanceKlass java/lang/WeakPairMap
instanceKlass java/lang/Module$ReflectionData
instanceKlass java/lang/invoke/LambdaMetafactory
# instanceKlass java/lang/invoke/LambdaForm$MH+0x000002b54c000400
instanceKlass java/lang/invoke/MethodHandles$Lookup$ClassDefiner
instanceKlass java/lang/invoke/MethodHandles$Lookup$ClassFile
instanceKlass jdk/internal/org/objectweb/asm/Handler
instanceKlass jdk/internal/org/objectweb/asm/Attribute
instanceKlass jdk/internal/org/objectweb/asm/FieldVisitor
instanceKlass java/util/ArrayList$Itr
instanceKlass sun/invoke/empty/Empty
instanceKlass sun/invoke/util/VerifyType
instanceKlass java/lang/invoke/InvokerBytecodeGenerator$ClassData
instanceKlass jdk/internal/org/objectweb/asm/AnnotationVisitor
instanceKlass jdk/internal/org/objectweb/asm/Frame
instanceKlass jdk/internal/org/objectweb/asm/Label
instanceKlass jdk/internal/org/objectweb/asm/Type
instanceKlass jdk/internal/org/objectweb/asm/MethodVisitor
instanceKlass sun/invoke/util/BytecodeDescriptor
instanceKlass jdk/internal/org/objectweb/asm/ByteVector
instanceKlass jdk/internal/org/objectweb/asm/Symbol
instanceKlass jdk/internal/org/objectweb/asm/SymbolTable
instanceKlass jdk/internal/org/objectweb/asm/ClassVisitor
instanceKlass java/lang/invoke/LambdaFormBuffer
instanceKlass java/lang/invoke/LambdaFormEditor$TransformKey
instanceKlass java/lang/invoke/LambdaFormEditor
instanceKlass java/lang/invoke/Invokers$Holder
instanceKlass java/lang/invoke/DelegatingMethodHandle$Holder
instanceKlass java/lang/invoke/DirectMethodHandle$2
instanceKlass java/lang/invoke/ClassSpecializer$Factory
instanceKlass java/lang/invoke/ClassSpecializer$SpeciesData
instanceKlass java/lang/invoke/ClassSpecializer$1
instanceKlass java/lang/invoke/ClassSpecializer
instanceKlass java/lang/invoke/InvokerBytecodeGenerator$1
instanceKlass java/lang/invoke/InvokerBytecodeGenerator
instanceKlass java/lang/invoke/LambdaForm$Holder
instanceKlass java/lang/invoke/LambdaForm$Name
instanceKlass java/lang/reflect/Array
instanceKlass java/lang/invoke/Invokers
instanceKlass sun/invoke/util/ValueConversions
instanceKlass java/lang/invoke/DirectMethodHandle$Holder
instanceKlass java/lang/Void
instanceKlass sun/invoke/util/Wrapper$Format
instanceKlass java/lang/invoke/MethodHandleImpl$1
instanceKlass jdk/internal/access/JavaLangInvokeAccess
instanceKlass java/lang/invoke/LambdaForm$NamedFunction
instanceKlass java/lang/invoke/MethodHandleImpl
instanceKlass jdk/internal/reflect/MethodHandleAccessorFactory$LazyStaticHolder
instanceKlass java/lang/invoke/MethodTypeForm
instanceKlass jdk/internal/util/StrongReferenceKey
instanceKlass jdk/internal/util/ReferenceKey
instanceKlass jdk/internal/util/ReferencedKeyMap
instanceKlass java/lang/invoke/MethodType$1
instanceKlass sun/reflect/annotation/AnnotationParser
instanceKlass java/lang/Class$3
instanceKlass java/lang/PublicMethods$Key
instanceKlass java/lang/PublicMethods$MethodList
instanceKlass java/util/EnumMap$1
instanceKlass java/util/stream/StreamOpFlag$MaskBuilder
instanceKlass java/util/stream/Stream
instanceKlass java/util/stream/BaseStream
instanceKlass java/util/stream/PipelineHelper
instanceKlass java/util/stream/StreamSupport
instanceKlass java/util/Spliterators$IteratorSpliterator
instanceKlass java/util/Spliterator$OfDouble
instanceKlass java/util/Spliterator$OfLong
instanceKlass java/util/Spliterator$OfInt
instanceKlass java/util/Spliterator$OfPrimitive
instanceKlass java/util/Spliterator
instanceKlass java/util/Spliterators$EmptySpliterator
instanceKlass java/util/Spliterators
instanceKlass jdk/internal/module/DefaultRoots
instanceKlass jdk/internal/loader/BuiltinClassLoader$LoadedModule
instanceKlass jdk/internal/loader/AbstractClassLoaderValue
instanceKlass jdk/internal/module/ServicesCatalog
instanceKlass java/util/Deque
instanceKlass java/util/Queue
instanceKlass sun/net/util/IPAddressUtil$MASKS
instanceKlass sun/net/util/IPAddressUtil
instanceKlass java/net/URLStreamHandler
instanceKlass sun/net/www/ParseUtil
instanceKlass java/net/URL$3
instanceKlass jdk/internal/access/JavaNetURLAccess
instanceKlass java/net/URL$DefaultFactory
instanceKlass java/net/URLStreamHandlerFactory
instanceKlass jdk/internal/loader/URLClassPath
instanceKlass java/security/Principal
instanceKlass java/security/ProtectionDomain$Key
instanceKlass java/security/ProtectionDomain$JavaSecurityAccessImpl
instanceKlass jdk/internal/access/JavaSecurityAccess
instanceKlass java/lang/ClassLoader$ParallelLoaders
instanceKlass java/security/cert/Certificate
instanceKlass jdk/internal/loader/ArchivedClassLoaders
instanceKlass java/util/concurrent/ConcurrentHashMap$CollectionView
instanceKlass jdk/internal/loader/ClassLoaderHelper
instanceKlass jdk/internal/loader/NativeLibraries
instanceKlass java/lang/Module$EnableNativeAccess
instanceKlass jdk/internal/loader/BootLoader
instanceKlass java/util/Optional
instanceKlass jdk/internal/module/SystemModuleFinders$SystemModuleFinder
instanceKlass java/lang/module/ModuleFinder
instanceKlass jdk/internal/module/SystemModuleFinders$3
instanceKlass jdk/internal/module/ModuleHashes$HashSupplier
instanceKlass jdk/internal/module/SystemModuleFinders$2
instanceKlass java/util/function/Supplier
instanceKlass java/lang/module/ModuleReference
instanceKlass jdk/internal/module/ModuleResolution
instanceKlass java/util/Collections$UnmodifiableMap
instanceKlass jdk/internal/module/ModuleHashes$Builder
instanceKlass jdk/internal/module/ModuleHashes
instanceKlass jdk/internal/module/ModuleTarget
instanceKlass java/util/ImmutableCollections$Set12$1
instanceKlass java/lang/reflect/AccessFlag$18
instanceKlass java/lang/reflect/AccessFlag$17
instanceKlass java/lang/reflect/AccessFlag$16
instanceKlass java/lang/reflect/AccessFlag$15
instanceKlass java/lang/reflect/AccessFlag$14
instanceKlass java/lang/reflect/AccessFlag$13
instanceKlass java/lang/reflect/AccessFlag$12
instanceKlass java/lang/reflect/AccessFlag$11
instanceKlass java/lang/reflect/AccessFlag$10
instanceKlass java/lang/reflect/AccessFlag$9
instanceKlass java/lang/reflect/AccessFlag$8
instanceKlass java/lang/reflect/AccessFlag$7
instanceKlass java/lang/reflect/AccessFlag$6
instanceKlass java/lang/reflect/AccessFlag$5
instanceKlass java/lang/reflect/AccessFlag$4
instanceKlass java/lang/reflect/AccessFlag$3
instanceKlass java/lang/reflect/AccessFlag$2
instanceKlass java/lang/reflect/AccessFlag$1
instanceKlass java/lang/module/ModuleDescriptor$Version
instanceKlass java/lang/module/ModuleDescriptor$Provides
instanceKlass java/lang/module/ModuleDescriptor$Opens
instanceKlass java/util/ImmutableCollections$SetN$SetNIterator
instanceKlass java/lang/module/ModuleDescriptor$Exports
instanceKlass java/lang/module/ModuleDescriptor$Requires
instanceKlass jdk/internal/module/Builder
instanceKlass jdk/internal/module/SystemModules$all
instanceKlass jdk/internal/module/SystemModules
instanceKlass jdk/internal/module/SystemModulesMap
instanceKlass java/net/URI$1
instanceKlass jdk/internal/access/JavaNetUriAccess
instanceKlass java/net/URI
instanceKlass jdk/internal/module/SystemModuleFinders
instanceKlass jdk/internal/module/ArchivedModuleGraph
instanceKlass jdk/internal/module/ArchivedBootLayer
instanceKlass jdk/internal/module/ModuleBootstrap$Counters
instanceKlass jdk/internal/module/ModulePatcher
instanceKlass java/io/FileSystem
instanceKlass java/io/DefaultFileSystem
instanceKlass java/io/File
instanceKlass java/lang/module/ModuleDescriptor$1
instanceKlass jdk/internal/access/JavaLangModuleAccess
instanceKlass sun/invoke/util/VerifyAccess
instanceKlass java/util/KeyValueHolder
instanceKlass java/util/ImmutableCollections$MapN$MapNIterator
instanceKlass java/lang/StrictMath
instanceKlass java/lang/invoke/MethodHandles$Lookup
instanceKlass java/lang/invoke/MemberName$Factory
instanceKlass java/lang/invoke/MethodHandles
instanceKlass java/lang/module/ModuleDescriptor
instanceKlass jdk/internal/module/ModuleBootstrap
instanceKlass java/lang/Character$CharacterCache
instanceKlass java/util/HexFormat
instanceKlass jdk/internal/util/ClassFileDumper
instanceKlass sun/security/action/GetPropertyAction
instanceKlass java/lang/invoke/MethodHandleStatics
instanceKlass jdk/internal/misc/Blocker
instanceKlass java/util/concurrent/locks/AbstractQueuedSynchronizer$ConditionObject
instanceKlass java/util/concurrent/locks/Condition
instanceKlass java/util/Collections
instanceKlass java/lang/Thread$ThreadIdentifiers
instanceKlass sun/io/Win32ErrorMode
instanceKlass jdk/internal/misc/OSEnvironment
instanceKlass java/lang/Integer$IntegerCache
instanceKlass jdk/internal/misc/Signal$NativeHandler
instanceKlass java/util/Hashtable$Entry
instanceKlass jdk/internal/misc/Signal
instanceKlass java/lang/Terminator$1
instanceKlass jdk/internal/misc/Signal$Handler
instanceKlass java/lang/Terminator
instanceKlass java/nio/ByteOrder
instanceKlass java/nio/Buffer$2
instanceKlass jdk/internal/access/JavaNioAccess
instanceKlass java/nio/Buffer$1
instanceKlass jdk/internal/misc/ScopedMemoryAccess
instanceKlass java/nio/charset/CodingErrorAction
instanceKlass sun/nio/cs/SingleByte
instanceKlass java/lang/StringUTF16
instanceKlass sun/nio/cs/MS1252$Holder
instanceKlass sun/nio/cs/ArrayEncoder
instanceKlass java/nio/charset/CharsetEncoder
instanceKlass java/io/Writer
instanceKlass java/io/PrintStream$1
instanceKlass jdk/internal/access/JavaIOPrintStreamAccess
instanceKlass jdk/internal/misc/InternalLock
instanceKlass java/io/OutputStream
instanceKlass java/io/Flushable
instanceKlass java/io/FileDescriptor$1
instanceKlass jdk/internal/access/JavaIOFileDescriptorAccess
instanceKlass java/io/FileDescriptor
instanceKlass jdk/internal/util/StaticProperty
instanceKlass jdk/internal/reflect/MethodHandleAccessorFactory
instanceKlass java/lang/reflect/Modifier
instanceKlass java/lang/Class$1
instanceKlass java/lang/Class$Atomic
instanceKlass java/lang/Class$ReflectionData
instanceKlass java/nio/charset/StandardCharsets
instanceKlass sun/nio/cs/HistoricallyNamedCharset
instanceKlass java/nio/charset/spi/CharsetProvider
instanceKlass java/nio/charset/Charset
instanceKlass java/util/HashMap$HashIterator
instanceKlass java/util/concurrent/locks/LockSupport
instanceKlass java/util/concurrent/ConcurrentHashMap$Node
instanceKlass java/util/concurrent/ConcurrentHashMap$CounterCell
instanceKlass java/util/concurrent/locks/ReentrantLock
instanceKlass java/util/concurrent/locks/Lock
instanceKlass java/lang/CharacterData
instanceKlass java/util/Arrays
instanceKlass jdk/internal/util/Preconditions$3
instanceKlass jdk/internal/util/Preconditions$2
instanceKlass jdk/internal/util/Preconditions$4
instanceKlass java/util/function/BiFunction
instanceKlass jdk/internal/util/Preconditions$1
instanceKlass java/util/function/Function
instanceKlass jdk/internal/util/Preconditions
instanceKlass java/lang/Runtime
instanceKlass java/lang/VersionProps
instanceKlass java/lang/StringConcatHelper
instanceKlass java/util/HashMap$Node
instanceKlass java/util/Map$Entry
instanceKlass jdk/internal/util/ArraysSupport
instanceKlass jdk/internal/util/SystemProps$Raw
instanceKlass jdk/internal/util/SystemProps
instanceKlass java/lang/System$2
instanceKlass jdk/internal/access/JavaLangAccess
instanceKlass java/lang/ref/NativeReferenceQueue$Lock
instanceKlass java/lang/ref/ReferenceQueue
instanceKlass java/lang/ref/Reference$1
instanceKlass jdk/internal/access/JavaLangRefAccess
instanceKlass jdk/internal/reflect/ReflectionFactory
instanceKlass java/lang/Math
instanceKlass java/lang/StringLatin1
instanceKlass jdk/internal/reflect/Reflection
instanceKlass jdk/internal/reflect/ReflectionFactory$GetReflectionFactoryAction
instanceKlass java/security/PrivilegedAction
instanceKlass jdk/internal/access/SharedSecrets
instanceKlass java/lang/reflect/ReflectAccess
instanceKlass jdk/internal/access/JavaLangReflectAccess
instanceKlass java/util/ImmutableCollections
instanceKlass java/util/Objects
instanceKlass java/util/Set
instanceKlass jdk/internal/misc/CDS
instanceKlass java/lang/Module$ArchivedData
instanceKlass jdk/internal/misc/VM
instanceKlass java/lang/String$CaseInsensitiveComparator
instanceKlass java/util/Comparator
instanceKlass java/io/ObjectStreamField
instanceKlass jdk/internal/vm/FillerObject
instanceKlass jdk/internal/vm/vector/VectorSupport$VectorPayload
instanceKlass jdk/internal/vm/vector/VectorSupport
instanceKlass java/lang/reflect/RecordComponent
instanceKlass java/util/Iterator
instanceKlass java/lang/Number
instanceKlass java/lang/Character
instanceKlass java/lang/Boolean
instanceKlass java/util/concurrent/locks/AbstractOwnableSynchronizer
instanceKlass java/lang/LiveStackFrame
instanceKlass java/lang/StackFrameInfo
instanceKlass java/lang/StackWalker$StackFrame
instanceKlass java/lang/StackStreamFactory$AbstractStackWalker
instanceKlass java/lang/StackWalker
instanceKlass java/nio/Buffer
instanceKlass java/lang/StackTraceElement
instanceKlass java/util/RandomAccess
instanceKlass java/util/List
instanceKlass java/util/SequencedCollection
instanceKlass java/util/AbstractCollection
instanceKlass java/util/Collection
instanceKlass java/lang/Iterable
instanceKlass java/util/concurrent/ConcurrentMap
instanceKlass java/util/AbstractMap
instanceKlass java/security/CodeSource
instanceKlass jdk/internal/loader/ClassLoaders
instanceKlass java/util/jar/Manifest
instanceKlass java/lang/Enum
instanceKlass java/net/URL
instanceKlass java/io/InputStream
instanceKlass java/io/Closeable
instanceKlass java/lang/AutoCloseable
instanceKlass jdk/internal/module/Modules
instanceKlass jdk/internal/misc/Unsafe
instanceKlass jdk/internal/misc/UnsafeConstants
instanceKlass java/lang/AbstractStringBuilder
instanceKlass java/lang/Appendable
instanceKlass java/lang/AssertionStatusDirectives
instanceKlass jdk/internal/foreign/abi/ABIDescriptor
instanceKlass jdk/internal/foreign/abi/NativeEntryPoint
instanceKlass java/lang/invoke/CallSite
instanceKlass java/lang/invoke/MethodType
instanceKlass java/lang/invoke/TypeDescriptor$OfMethod
instanceKlass java/lang/invoke/LambdaForm
instanceKlass java/lang/invoke/MethodHandleNatives
instanceKlass java/lang/invoke/ResolvedMethodName
instanceKlass java/lang/invoke/MemberName
instanceKlass java/lang/invoke/VarHandle
instanceKlass java/lang/invoke/MethodHandle
instanceKlass jdk/internal/reflect/CallerSensitive
instanceKlass java/lang/annotation/Annotation
instanceKlass jdk/internal/reflect/FieldAccessor
instanceKlass jdk/internal/reflect/ConstantPool
instanceKlass jdk/internal/reflect/ConstructorAccessor
instanceKlass jdk/internal/reflect/MethodAccessor
instanceKlass jdk/internal/reflect/MagicAccessorImpl
instanceKlass jdk/internal/vm/StackChunk
instanceKlass jdk/internal/vm/Continuation
instanceKlass jdk/internal/vm/ContinuationScope
instanceKlass java/lang/reflect/Parameter
instanceKlass java/lang/reflect/Member
instanceKlass java/lang/reflect/AccessibleObject
instanceKlass java/lang/Module
instanceKlass java/util/Map
instanceKlass java/util/Dictionary
instanceKlass java/lang/ThreadGroup
instanceKlass java/lang/Thread$UncaughtExceptionHandler
instanceKlass java/lang/Thread$Constants
instanceKlass java/lang/Thread$FieldHolder
instanceKlass java/lang/Thread
instanceKlass java/lang/Runnable
instanceKlass java/lang/ref/Reference
instanceKlass java/lang/Record
instanceKlass java/security/AccessController
instanceKlass java/security/AccessControlContext
instanceKlass java/security/ProtectionDomain
instanceKlass java/lang/SecurityManager
instanceKlass java/lang/Throwable
instanceKlass java/lang/System
instanceKlass java/lang/ClassLoader
instanceKlass java/lang/Cloneable
instanceKlass java/lang/Class
instanceKlass java/lang/invoke/TypeDescriptor$OfField
instanceKlass java/lang/invoke/TypeDescriptor
instanceKlass java/lang/reflect/Type
instanceKlass java/lang/reflect/GenericDeclaration
instanceKlass java/lang/reflect/AnnotatedElement
instanceKlass java/lang/String
instanceKlass java/lang/constant/ConstantDesc
instanceKlass java/lang/constant/Constable
instanceKlass java/lang/CharSequence
instanceKlass java/lang/Comparable
instanceKlass java/io/Serializable
ciInstanceKlass java/lang/Object 1 1 124 7 1 10 12 1 1 10 7 12 1 1 1 10 7 12 1 1 1 10 12 1 1 8 1 10 12 1 1 10 7 12 1 1 1 10 12 1 10 12 1 1 10 7 12 1 1 1 10 12 1 10 12 1 7 1 10 7 12 1 1 1 10 12 1 1 10 12 1 100 1 8 1 10 12 1 3 8 1 7 1 5 0 1 1 1 1 1 1 1 1 1 1 1 1 1 1 1 1 7 1 1 1 1 1 1 1 1 1 1 7 1 1 1 1 1 1 1 1 1 1 3 1 1
ciMethod java/lang/Object equals (Ljava/lang/Object;)Z 512 0 28055 0 -1
ciMethod java/lang/Object hashCode ()I 256 0 128 0 -1
ciInstanceKlass java/io/Serializable 1 0 7 100 1 100 1 1 1
ciInstanceKlass java/lang/System 1 1 834 10 7 12 1 1 1 9 7 12 1 1 1 10 12 1 10 12 1 1 10 12 1 1 10 12 1 9 12 1 1 10 7 12 1 1 1 11 100 12 1 1 1 10 100 12 1 1 1 10 12 1 1 10 12 1 1 100 1 8 1 10 12 1 10 7 12 1 1 1 10 100 12 1 1 1 18 12 1 1 10 7 12 1 1 1 7 1 10 12 1 1 10 7 12 1 1 1 10 12 1 10 7 12 1 1 1 9 100 12 1 1 1 10 7 12 1 1 1 11 7 12 1 1 1 10 12 1 1 10 7 12 1 1 1 7 1 10 10 12 1 1 8 1 10 12 1 8 1 10 12 1 9 12 1 1 8 1 10 7 12 1 1 1 10 12 1 1 100 1 8 1 10 9 12 1 1 8 1 10 12 1 1 10 100 12 1 1 1 8 1 10 12 1 7 1 10 12 1 8 1 10 12 1 10 12 1 1 100 1 10 12 10 12 1 9 12 1 1 9 12 1 1 10 7 12 1 1 1 10 7 12 1 1 1 10 12 1 1 10 12 1 10 12 1 10 7 12 1 1 1 10 12 1 100 1 100 1 8 1 10 12 1 10 12 1 1 7 1 10 12 1 100 1 8 1 10 10 12 1 100 1 8 1 10 8 1 10 7 12 1 1 8 1 10 12 100 1 8 1 10 10 12 1 1 10 100 12 1 1 1 100 1 18 12 1 100 1 9 100 12 1 1 1 10 12 1 100 1 10 12 1 1 10 12 1 1 10 7 12 1 1 1 10 12 1 1 10 12 1 10 12 1 10 12 1 1 10 12 1 7 1 10 12 1 9 7 12 1 1 1 10 7 12 1 1 1 10 12 1 10 12 1 10 7 12 1 1 1 7 1 8 1 10 9 12 1 9 12 1 10 12 1 10 7 12 1 1 10 12 1 10 12 1 1 8 1 10 12 1 1 8 1 11 12 1 10 12 11 12 1 1 11 7 12 1 1 1 11 7 12 1 1 11 12 1 1 7 1 11 12 1 10 12 1 8 1 10 12 1 1 8 1 8 1 8 1 8 1 11 12 1 10 12 1 10 12 1 10 12 1 8 1 10 12 1 1 8 1 9 12 1 8 1 10 7 12 1 1 8 1 7 1 9 7 12 1 1 1 10 12 1 7 1 9 12 10 9 12 7 1 10 12 9 12 1 1 8 1 10 12 1 1 8 1 10 7 12 1 1 10 12 1 10 12 1 1 11 7 12 1 1 10 12 10 7 12 1 1 1 9 12 1 1 7 1 8 1 10 12 1 1 10 7 12 1 1 1 7 1 10 12 1 1 10 12 1 8 1 8 1 10 8 1 8 1 8 1 8 1 10 10 7 12 1 1 10 12 1 10 12 1 1 10 12 1 1 10 12 1 10 100 12 1 1 1 10 7 1 8 1 10 10 10 12 1 1 10 12 1 1 8 1 10 12 1 8 1 8 1 10 12 1 10 7 12 1 1 1 10 12 1 1 7 1 10 10 12 1 10 12 1 9 12 1 1 3 1 3 1 1 1 1 1 1 1 1 1 1 1 1 100 1 1 100 1 1 1 1 1 1 1 1 1 1 1 100 1 7 1 1 1 1 1 1 1 1 1 1 1 1 1 1 1 1 1 1 1 1 1 1 1 1 1 1 1 1 1 1 1 1 1 1 1 1 1 1 1 1 1 1 1 1 1 1 1 1 1 1 1 1 1 1 1 1 1 1 100 1 1 1 1 1 1 1 1 1 1 1 1 1 1 1 1 1 1 1 1 1 1 1 1 1 1 1 1 1 1 1 1 1 100 1 1 16 15 10 12 1 1 16 15 10 12 16 1 15 10 100 12 1 1 1 1 1 1 1 1 1 100 1 100 1 1
staticfield java/lang/System in Ljava/io/InputStream; org/gradle/internal/daemon/clientinput/StdInStream
staticfield java/lang/System out Ljava/io/PrintStream; org/gradle/internal/io/LinePerThreadBufferingOutputStream
staticfield java/lang/System err Ljava/io/PrintStream; org/gradle/internal/io/LinePerThreadBufferingOutputStream
instanceKlass org/codehaus/groovy/reflection/ReflectionUtils$ClassContextHelper
ciInstanceKlass java/lang/SecurityManager 1 1 576 10 7 12 1 1 1 9 7 12 1 1 1 10 7 12 1 1 1 100 1 8 1 10 12 1 10 12 1 1 10 7 12 1 1 1 10 7 1 10 100 1 10 9 100 12 1 1 1 10 7 12 1 1 1 10 12 1 1 10 7 12 1 1 100 1 8 1 10 9 12 1 1 9 12 1 8 1 9 12 1 7 1 10 8 1 10 12 1 1 10 12 1 10 12 1 1 100 1 10 10 12 1 1 100 1 8 1 10 12 1 8 1 8 1 8 1 8 1 8 1 8 1 10 12 1 8 1 8 1 8 1 8 1 8 1 10 7 12 1 1 1 10 12 1 1 8 1 100 1 8 1 10 8 1 8 1 8 1 8 1 8 1 10 100 12 1 1 8 1 100 1 8 1 8 1 10 8 1 10 12 1 100 1 8 1 10 10 12 1 1 10 12 1 10 12 1 10 12 1 10 7 12 1 1 1 10 12 1 10 7 12 1 1 11 7 12 1 1 1 18 12 1 1 11 7 12 1 1 1 18 12 1 1 11 12 1 1 18 18 11 12 1 18 12 1 11 12 1 1 9 12 1 1 9 12 1 9 12 1 9 12 1 7 1 10 7 12 1 1 10 12 1 10 12 1 18 12 1 18 10 7 12 1 1 1 18 12 1 10 12 1 18 18 8 1 10 12 1 9 12 1 1 11 7 12 1 1 1 8 1 100 1 10 12 1 10 12 1 1 10 12 1 1 9 12 1 1 10 12 1 10 12 1 1 8 1 100 1 10 9 12 1 8 1 10 12 1 8 1 100 1 10 10 7 12 1 1 10 7 1 9 7 12 1 1 1 11 12 1 1 10 12 1 11 12 1 10 12 1 7 1 10 10 12 1 1 10 12 1 1 1 1 1 1 1 1 1 1 1 7 1 1 1 1 1 1 1 1 1 1 1 1 1 1 1 1 1 1 1 1 1 1 1 1 1 1 1 1 1 1 1 1 1 1 1 1 1 1 1 1 1 1 1 1 1 1 1 1 1 1 1 1 1 1 1 1 3 1 1 1 1 1 1 1 1 1 1 100 1 1 1 1 1 1 1 1 1 1 1 1 1 1 1 1 1 1 1 1 1 1 1 1 1 1 1 1 1 1 1 1 1 1 1 1 1 1 16 15 10 7 12 1 1 1 16 1 16 15 10 12 16 1 15 10 12 16 15 11 7 1 16 1 16 1 15 10 12 16 15 10 12 16 15 10 12 1 16 1 15 11 12 1 15 10 12 16 15 10 16 1 15 10 7 12 1 1 1 1 1 1 100 1 100 1 1
staticfield java/lang/SecurityManager packageAccessLock Ljava/lang/Object; java/lang/Object
staticfield java/lang/SecurityManager packageDefinitionLock Ljava/lang/Object; java/lang/Object
staticfield java/lang/SecurityManager nonExportedPkgs Ljava/util/Map; java/util/concurrent/ConcurrentHashMap
ciInstanceKlass java/security/AccessController 1 1 295 10 7 12 1 1 1 10 7 12 1 1 1 10 7 12 1 1 1 10 12 1 1 10 12 1 1 10 7 12 1 1 1 10 12 1 1 10 12 1 10 12 1 1 10 12 1 100 1 8 1 10 12 1 10 12 1 10 12 1 1 10 12 1 7 1 7 1 10 12 1 1 10 12 1 10 12 1 10 12 1 1 10 7 12 1 1 1 10 12 1 1 9 100 12 1 1 1 10 7 12 1 1 1 10 12 1 10 12 1 9 100 12 1 1 1 10 12 1 10 12 1 1 9 12 1 1 10 100 1 10 11 7 12 1 1 1 10 7 12 1 1 11 7 1 7 1 10 12 1 10 12 1 10 12 1 8 1 10 12 1 1 8 1 10 100 12 1 1 1 8 1 7 1 10 10 12 1 1 10 12 1 10 7 12 1 1 1 10 12 1 8 1 10 7 12 1 1 8 1 8 1 10 12 1 8 1 10 12 1 10 12 1 1 10 12 1 1 1 1 1 1 1 1 1 1 1 1 1 1 1 1 1 1 1 1 1 1 1 1 1 1 1 1 100 1 1 1 1 1 1 1 1 1 1 1 1 1 1 1 1 1 1 1 1 1 1 1 1 1 1 1 1 1 1 1 1 1 1 100 1 100 1 1 1 1 1 1 1 1 1 3 1 1 1
staticfield java/security/AccessController $assertionsDisabled Z 1
ciInstanceKlass java/security/ProtectionDomain 1 1 348 10 7 12 1 1 1 9 7 12 1 1 1 7 1 10 9 12 1 1 9 12 1 1 9 12 1 1 10 7 12 1 1 7 1 9 12 1 9 12 1 1 7 1 9 12 1 1 9 12 1 10 100 12 1 1 10 100 12 1 1 1 10 12 1 1 10 12 1 9 12 1 9 100 12 1 1 10 12 1 1 10 100 1 10 12 1 1 8 1 7 1 8 1 10 12 1 10 11 10 7 12 1 1 1 10 12 1 1 8 1 11 8 1 10 12 1 8 1 8 1 10 12 1 1 10 12 1 10 12 1 1 10 12 1 8 1 10 12 1 8 1 8 1 10 7 12 1 1 1 9 100 12 1 1 1 10 12 1 1 9 100 12 1 1 1 10 7 12 1 1 1 100 1 18 12 1 1 10 7 12 1 1 1 10 7 1 10 12 1 10 12 1 1 11 100 12 1 1 11 12 1 100 1 11 7 12 1 1 1 10 12 1 10 11 12 1 1 11 12 1 1 10 12 1 10 7 12 1 1 10 100 12 1 1 11 12 1 10 12 10 12 1 8 1 8 1 10 7 12 1 1 1 7 1 10 10 7 12 1 1 1 1 1 1 1 1 1 1 7 1 1 7 1 1 1 1 1 1 1 1 1 1 1 1 1 1 1 1 1 1 1 1 1 1 1 1 1 1 1 1 1 1 1 1 1 1 1 1 1 1 1 1 1 1 1 1 7 1 1 1 1 1 1 100 1 1 16 15 10 12 16 15 10 100 12 1 1 1 1 1 1 1 100 1 100 1 1
staticfield java/security/ProtectionDomain filePermCompatInPD Z 0
ciInstanceKlass java/security/CodeSource 1 1 398 10 7 12 1 1 1 9 7 12 1 1 1 9 12 1 1 9 12 1 1 9 12 1 1 10 7 12 1 1 1 9 12 1 1 10 100 12 1 1 10 100 10 7 12 1 1 1 10 100 12 1 1 1 10 12 1 1 7 1 10 10 100 12 1 1 1 10 100 12 1 1 1 10 12 1 1 100 1 10 12 1 1 10 12 1 1 10 12 1 1 10 12 1 10 10 10 12 1 1 10 7 12 1 1 1 10 12 1 10 12 1 10 12 1 8 1 10 12 1 10 12 1 10 12 1 1 10 12 1 8 1 10 12 1 1 10 7 1 10 10 12 1 1 8 1 10 12 1 10 12 1 10 12 1 8 1 8 1 9 12 1 1 100 1 8 1 10 12 1 10 12 1 1 8 1 10 12 1 8 1 8 1 8 1 10 100 12 1 1 10 12 1 1 10 12 1 10 12 1 1 10 12 1 1 10 12 1 1 100 1 100 1 10 12 1 10 12 10 12 1 1 10 100 12 1 1 10 12 1 7 1 10 12 10 100 12 1 1 1 10 8 1 10 12 1 10 12 1 10 12 1 1 100 1 10 12 1 1 100 1 7 1 8 1 8 1 10 10 12 1 1 10 100 12 1 1 1 7 1 10 12 10 12 1 1 11 7 12 1 1 10 10 12 1 11 10 12 1 8 1 100 1 10 12 1 10 12 1 1 10 12 1 11 12 1 1 7 1 1 1 1 5 0 1 1 1 1 1 1 1 1 1 1 1 1 1 1 1 1 1 1 1 1 1 1 1 1 1 1 1 1 1 1 1 1 1 1 1 1 1 1 1 1 1 1 1 1 1 1 1 1 1 1 1 1 1 1 1 1 1 1 1 1 1 1 1 1 1 1 100 1 1 1 1 1 1 1
ciInstanceKlass java/lang/Boolean 1 1 152 10 7 12 1 1 1 9 7 12 1 1 1 10 12 1 1 10 12 1 8 1 10 7 12 1 1 9 12 1 1 9 12 1 10 12 1 1 10 12 1 1 10 12 1 1 10 7 12 1 1 1 100 1 100 1 10 12 1 1 9 100 12 1 1 9 12 10 100 12 1 1 1 10 12 1 1 8 1 10 7 12 1 1 1 9 12 1 1 7 1 7 1 7 1 1 1 1 1 1 5 0 1 1 1 1 1 1 1 1 1 1 3 1 1 1 1 1 1 1 1 1 1 1 1 1 1 1 1 1 1 7 1 1 1 1 1 1 1 1 1 1 100 1 1 1 1 1 1 1 1 1
staticfield java/lang/Boolean TRUE Ljava/lang/Boolean; java/lang/Boolean
staticfield java/lang/Boolean FALSE Ljava/lang/Boolean; java/lang/Boolean
staticfield java/lang/Boolean TYPE Ljava/lang/Class; java/lang/Class
ciInstanceKlass java/lang/Comparable 1 0 12 100 1 100 1 1 1 1 1 1 1 1
ciInstanceKlass java/lang/constant/Constable 1 0 11 100 1 100 1 1 1 1 1 1 1
ciInstanceKlass java/util/Map 1 1 263 11 7 12 1 1 1 11 12 1 1 10 100 12 1 1 11 12 1 1 11 7 12 1 1 1 11 100 12 1 1 1 11 12 1 1 7 1 11 12 1 11 12 1 100 1 100 1 10 12 1 1 11 100 12 1 1 1 11 100 12 1 1 1 11 12 1 11 12 1 10 12 1 1 11 12 1 11 100 12 1 9 7 12 1 1 1 100 1 10 12 7 1 7 1 10 12 1 7 1 10 7 1 11 12 1 11 12 1 1 11 12 1 1 7 1 11 12 1 1 1 1 1 1 1 1 1 1 1 1 1 1 1 1 1 1 1 1 1 1 1 1 1 1 1 1 1 1 1 1 1 1 1 1 1 1 1 1 1 1 1 1 1 1 1 1 1 1 1 1 1 1 1 1 1 1 1 1 1 1 1 1 1 1 1 1 1 1 1 1 1 1 1 1 1 1 1 1 1 1 1 1 1 1 1 1 1 1 1 1 1 1 1 1 1 1 1 1 1 1 1 1 1 1 1 1 1 1 1 1 1 1 1 1 1 1 1 1 1 1 1 1 1 1 100 1 1 1 1 1 1 1 1 1 1 1 1 1 1 1 1 1 1
ciInstanceKlass java/lang/Class 1 1 1687 10 7 12 1 1 1 9 7 12 1 1 1 9 12 1 1 10 12 1 1 8 1 10 12 1 8 1 8 1 10 12 1 1 10 7 12 1 1 1 10 12 1 7 1 10 10 12 1 10 12 1 1 10 12 1 1 10 12 1 1 10 7 12 1 1 10 12 1 10 12 1 10 12 1 8 1 10 12 1 8 1 10 12 1 8 1 8 1 10 12 1 1 10 7 12 1 1 1 18 12 1 1 11 7 12 1 1 1 8 1 8 1 8 1 10 7 12 1 1 1 11 12 1 1 8 1 10 12 1 10 11 7 12 1 1 1 11 7 12 1 1 1 11 8 1 18 8 1 10 12 1 10 7 12 1 1 10 12 1 1 10 7 12 1 1 1 10 12 1 1 10 12 1 1 10 7 12 1 1 1 10 12 9 100 12 1 1 1 10 7 12 1 1 1 10 12 1 10 7 12 1 1 1 10 12 1 1 18 12 1 1 10 7 12 1 1 1 10 7 12 1 10 12 1 1 10 7 1 7 1 10 12 1 1 9 12 1 1 100 1 8 1 10 12 1 10 12 1 1 10 12 1 1 10 7 12 1 1 1 7 1 10 12 1 7 1 100 1 10 10 12 1 1 10 12 1 1 100 1 10 7 12 1 1 1 10 12 1 1 10 12 1 1 9 12 1 1 10 12 1 10 12 1 1 9 12 1 1 9 12 1 1 10 12 1 1 10 7 1 10 12 1 10 12 1 10 12 1 1 10 9 12 1 10 12 1 8 1 10 12 1 1 10 12 1 1 10 12 1 10 12 1 1 10 12 1 1 10 12 1 1 9 7 12 1 1 1 10 7 12 1 1 10 12 10 12 1 10 12 1 10 12 1 10 12 1 9 100 12 1 1 1 9 12 1 10 12 1 10 100 12 1 1 1 10 12 1 1 10 7 12 1 1 10 12 1 10 12 1 1 10 7 12 1 1 1 10 12 1 10 12 1 1 10 12 1 10 12 1 10 12 1 1 10 7 1 10 10 10 12 1 1 10 12 1 1 10 12 10 10 12 1 1 7 1 8 1 10 10 12 1 1 10 12 1 7 1 11 12 1 10 100 12 1 1 10 12 1 10 12 1 10 100 12 1 1 10 10 12 1 1 8 1 10 12 1 10 12 1 1 8 1 10 12 1 9 12 1 10 12 1 10 12 1 10 12 1 10 12 7 1 9 12 1 10 12 1 9 12 1 10 12 1 10 12 1 10 12 1 10 10 12 1 10 12 1 10 7 12 1 1 10 12 1 10 12 1 10 12 1 1 10 12 1 10 12 1 10 12 1 100 1 10 12 1 10 12 1 1 10 12 1 1 10 12 1 1 10 12 1 1 10 12 1 1 10 12 1 1 7 1 10 10 12 1 1 10 12 1 1 10 12 1 1 10 10 12 1 10 12 1 1 10 12 1 1 10 12 1 1 10 12 1 1 7 1 10 10 12 11 7 12 1 1 10 12 1 10 12 1 10 100 12 1 1 1 10 12 1 1 10 10 12 1 1 7 1 10 10 12 1 1 10 7 12 1 1 1 100 1 100 1 10 12 1 1 10 12 1 10 10 12 1 1 10 12 1 10 12 1 10 12 1 10 100 12 1 1 1 11 7 12 1 1 10 12 1 10 12 1 9 12 1 10 12 1 1 10 12 1 9 100 12 1 1 1 9 12 1 10 100 12 1 1 1 10 12 1 10 12 1 10 100 12 1 1 1 10 12 1 10 12 10 12 1 1 100 1 10 8 1 10 12 1 11 11 12 1 1 11 7 12 1 1 11 12 1 8 1 10 12 1 10 12 1 1 9 12 1 9 12 1 1 10 7 12 1 1 9 12 1 10 12 1 1 10 10 12 1 10 7 12 1 1 1 10 7 12 1 1 10 7 12 1 1 9 12 1 1 10 12 1 9 12 1 10 12 1 10 12 1 1 9 12 1 1 9 12 1 10 12 1 10 12 1 1 9 12 1 100 1 10 10 12 1 1 7 1 10 12 1 1 100 11 7 1 9 12 1 1 9 12 1 7 1 10 12 1 9 12 1 1 9 12 1 10 12 1 10 12 1 1 9 12 1 7 1 10 10 12 1 1 10 10 12 1 10 12 10 10 12 1 9 12 1 10 12 1 1 10 7 12 1 1 1 10 12 1 1 10 12 1 8 10 7 8 1 18 8 1 8 1 10 12 1 9 12 1 9 12 1 1 10 12 1 7 1 7 1 10 12 1 9 12 1 1 7 1 10 10 12 1 10 7 1 9 12 1 8 1 10 12 1 7 1 10 12 1 10 12 1 1 100 1 7 1 9 12 1 100 1 8 1 10 10 7 12 1 1 1 10 12 11 7 12 1 1 1 10 12 1 10 12 1 1 10 8 1 8 1 10 12 1 1 9 7 12 1 1 11 12 7 1 11 7 12 1 1 9 12 1 10 100 12 1 1 1 10 7 12 1 1 10 12 1 1 9 12 1 9 10 12 1 1 10 12 1 1 10 12 1 1 10 12 1 1 10 12 1 1 11 12 1 7 1 11 12 1 10 7 12 1 1 1 10 12 1 11 12 1 10 7 12 1 1 1 10 12 1 10 7 12 1 1 1 11 12 1 11 12 1 1 10 12 1 10 12 1 1 9 12 1 1 9 100 12 1 1 10 12 1 10 100 12 1 1 1 10 12 1 1 10 12 1 10 12 1 10 12 1 10 7 12 1 1 1 10 12 1 8 1 10 12 1 10 12 1 10 12 1 100 1 10 12 10 100 12 1 1 1 11 100 12 1 1 1 10 12 1 1 10 12 1 18 12 1 1 11 12 1 1 18 11 12 1 18 12 1 11 12 1 10 12 1 1 10 12 1 10 12 1 10 12 1 10 12 1 10 12 10 12 1 8 1 10 12 1 7 1 9 12 1 1 7 1 7 1 7 1 7 1 1 1 3 1 3 1 3 1 1 1 1 1 1 1 5 0 1 1 1 1 1 1 1 1 1 1 1 1 1 1 1 1 1 1 1 1 1 1 1 1 100 1 1 1 1 1 1 1 100 1 1 1 1 1 7 1 1 1 1 1 1 1 1 1 1 1 1 1 1 1 1 1 1 1 1 1 1 1 1 1 1 1 1 1 1 1 1 1 1 1 1 1 1 1 1 1 1 100 1 1 1 1 1 1 1 1 1 1 1 1 1 1 1 1 1 1 1 1 1 1 1 1 1 1 1 1 1 1 1 100 1 1 1 1 1 1 1 1 1 1 1 1 1 1 1 1 1 1 1 1 3 1 1 1 1 1 1 1 1 1 1 1 1 1 1 1 1 1 1 1 1 1 1 1 1 1 1 1 1 1 1 1 1 1 1 1 7 1 7 1 1 1 1 1 1 1 7 1 1 1 1 1 1 1 1 1 1 1 1 1 1 1 1 1 1 1 1 1 1 1 1 1 1 1 1 1 1 1 1 1 1 1 1 1 1 1 1 1 1 1 1 1 1 1 1 1 1 1 1 1 1 1 1 1 1 1 1 1 1 1 1 1 1 1 1 1 1 1 1 1 1 1 1 1 1 1 1 1 1 1 1 1 1 1 1 1 1 1 1 1 1 1 1 1 1 1 1 1 1 1 1 1 1 1 1 1 1 1 1 1 1 1 1 1 1 1 1 1 1 1 1 16 15 10 12 16 15 11 12 16 1 16 15 16 15 10 12 16 16 15 10 12 16 15 16 1 15 10 12 16 15 10 7 12 1 1 1 1 1 1 1 1 1 1 1 1 1 7 1 1 100 1 100 1 1 100 1 100 1 1 100 1 100 1 1
staticfield java/lang/Class EMPTY_CLASS_ARRAY [Ljava/lang/Class; 0 [Ljava/lang/Class;
staticfield java/lang/Class serialPersistentFields [Ljava/io/ObjectStreamField; 0 [Ljava/io/ObjectStreamField;
ciInstanceKlass java/lang/reflect/AnnotatedElement 1 1 164 11 7 12 1 1 1 11 12 1 1 7 1 10 100 12 1 1 1 10 12 1 1 10 12 1 1 10 12 1 10 100 12 1 1 1 11 12 1 1 11 7 12 1 1 10 7 12 1 1 1 10 12 1 10 100 12 1 1 1 18 12 1 1 11 100 12 1 1 18 12 1 18 12 1 1 10 100 12 1 1 1 11 100 12 1 1 1 7 1 10 100 12 1 1 1 1 1 1 1 1 1 1 1 1 1 1 1 1 1 1 1 1 1 1 1 1 1 100 1 1 1 1 1 1 1 1 1 1 1 16 15 16 1 16 1 15 11 12 16 16 1 15 10 100 12 1 1 1 16 1 15 10 100 12 1 1 1 1 100 1 100 1 1
ciInstanceKlass java/lang/invoke/TypeDescriptor 1 0 17 100 1 100 1 1 1 1 1 1 100 1 100 1 1 1 1
ciInstanceKlass java/lang/reflect/GenericDeclaration 1 0 30 7 1 7 1 7 1 1 1 1 1 1 1 1 100 1 8 1 1 12 10 1 1 1 8 1 1 1 8 1
ciInstanceKlass java/lang/reflect/Type 1 1 17 11 7 12 1 1 1 100 1 1 1 1 1 1 1 1 1
ciInstanceKlass java/lang/invoke/TypeDescriptor$OfField 1 0 21 100 1 100 1 100 1 1 1 1 1 1 1 1 1 1 1 1 1 1 1
ciInstanceKlass java/lang/StringBuilder 1 1 422 10 7 12 1 1 1 10 12 1 10 12 1 10 12 1 1 10 7 12 1 1 1 10 7 12 1 1 1 10 12 1 10 12 1 10 12 1 10 12 1 10 12 1 10 12 1 10 12 1 10 12 1 10 12 1 10 12 1 10 12 1 10 12 1 10 12 1 10 12 1 1 10 12 1 10 12 1 1 10 12 1 1 10 12 1 10 12 1 10 12 1 10 12 1 10 12 1 10 12 1 10 12 1 10 12 10 12 1 10 12 1 10 12 1 10 12 1 1 10 12 1 10 12 1 10 12 10 12 1 1 10 12 1 10 12 1 10 12 1 10 100 12 1 1 1 9 12 1 1 10 12 1 10 12 1 1 10 12 1 1 9 12 1 1 10 100 12 1 1 1 10 100 1 10 12 1 1 10 100 12 1 1 10 12 1 10 12 1 1 100 1 100 1 8 1 10 10 12 1 1 10 12 1 10 12 1 10 12 1 1 10 12 1 10 12 1 10 12 1 10 12 1 10 12 1 10 12 10 12 1 10 12 1 10 12 1 10 12 1 10 12 1 10 12 1 10 12 1 10 12 1 10 12 1 1 10 12 1 1 10 12 1 10 12 1 10 12 1 10 12 10 12 10 12 1 10 12 1 10 12 1 10 12 10 12 1 10 12 1 10 12 1 10 12 1 10 12 1 10 12 1 10 12 1 10 12 1 10 12 1 1 10 12 1 10 12 1 1 10 12 1 10 12 1 1 10 12 1 10 12 1 1 10 12 1 10 12 1 10 12 1 10 10 12 1 10 12 1 7 1 7 1 7 1 7 1 1 1 1 5 0 1 1 1 1 1 1 1 1 1 1 1 1 1 1 1 1 1 1 1 1 1 1 1 1 1 1 1 1 1 1 1 1 1 1 1 1 1 1 1 1 1 1 1 1 100 1 1 1 7 1 1 1 1 1 1 1 1 1 1 1
instanceKlass java/lang/StringBuilder
instanceKlass java/lang/StringBuffer
ciInstanceKlass java/lang/AbstractStringBuilder 1 1 609 7 1 10 7 12 1 1 1 9 7 12 1 1 1 9 12 1 9 12 1 1 9 12 1 1 10 7 12 1 1 1 10 12 1 1 7 1 3 3 10 12 1 10 12 1 1 11 7 1 100 1 7 1 10 8 1 10 12 1 10 12 1 10 12 1 1 10 12 1 10 12 1 9 12 1 10 12 1 9 12 1 1 10 12 1 1 10 7 12 1 1 1 10 10 12 1 10 12 1 10 12 1 1 10 12 1 1 10 7 12 1 1 1 10 7 12 1 1 1 7 1 8 1 10 10 12 1 1 100 1 10 12 10 12 1 1 10 10 7 12 1 1 1 10 12 1 1 10 12 1 1 10 12 1 1 10 12 1 1 10 10 7 12 1 1 1 10 12 1 100 1 10 10 7 12 1 1 1 9 12 1 1 9 12 1 10 12 1 1 10 10 12 1 1 10 12 10 12 1 10 12 1 1 10 12 1 1 10 12 1 1 10 12 1 10 12 1 1 10 12 1 1 10 12 1 10 12 1 1 8 1 10 12 1 1 10 12 1 10 12 1 10 12 1 10 12 1 10 12 1 10 12 1 10 7 12 1 1 10 12 1 10 12 1 10 100 12 1 1 1 100 1 100 1 10 12 1 10 7 12 1 1 10 12 1 10 12 1 1 10 12 1 10 12 1 1 10 12 1 10 12 1 1 10 12 1 1 10 10 7 12 1 1 1 10 12 1 10 12 1 10 12 1 1 10 12 1 10 12 1 10 12 1 10 12 1 10 12 1 10 12 1 10 12 1 10 12 1 1 10 12 1 10 12 1 10 12 10 12 1 1 18 12 1 1 100 1 10 100 12 1 1 1 18 10 12 1 1 10 12 1 1 10 12 1 10 12 1 1 11 12 1 1 10 12 1 10 12 10 10 10 12 1 10 5 0 10 10 12 1 1 100 1 8 1 10 10 12 1 1 10 100 12 1 1 1 10 12 1 10 12 1 1 100 1 10 12 100 1 10 100 1 10 7 1 1 1 1 1 1 1 1 1 1 1 100 1 1 1 1 1 1 1 1 1 1 1 1 1 1 1 1 1 1 1 1 1 1 1 1 1 1 1 1 1 1 1 1 1 1 1 1 1 1 1 1 1 1 1 1 1 1 1 1 1 1 1 1 1 1 1 1 1 1 1 1 1 1 1 1 1 1 1 1 1 1 1 1 1 1 1 1 1 1 1 1 1 1 1 1 1 1 1 1 1 1 1 1 1 1 1 1 1 1 1 100 1 1 1 1 1 1 1 1 1 1 1 1 1 1 1 1 1 100 1 1 1 1 1 1 7 1 1 16 1 15 10 12 16 15 10 12 15 10 100 12 1 1 1 1 1 1 1 100 1 100 1 1
staticfield java/lang/AbstractStringBuilder EMPTYVALUE [B 0
ciInstanceKlass java/lang/Appendable 1 0 14 100 1 100 1 1 1 1 7 1 1 1 1 1
ciInstanceKlass java/lang/CharSequence 1 1 131 11 7 12 1 1 1 18 12 1 1 100 1 10 100 12 1 1 1 18 10 100 12 1 1 1 11 12 1 1 11 7 1 11 12 1 1 10 100 12 1 1 1 11 12 1 1 100 1 10 12 1 1 10 100 12 1 1 1 100 1 10 10 12 1 1 7 1 1 1 1 1 1 1 1 1 1 1 1 1 1 1 1 1 1 1 1 1 1 1 1 1 1 1 1 1 1 1 1 1 16 1 15 11 12 16 15 11 12 15 10 100 12 1 1 1 1 1 100 1 100 1 1 100 1 1 100 1 100 1 1
ciInstanceKlass java/lang/AutoCloseable 1 0 12 100 1 100 1 1 1 1 7 1 1 1
ciInstanceKlass java/io/Closeable 1 0 14 100 1 100 1 100 1 1 1 1 7 1 1 1
instanceKlass sun/nio/fs/WindowsException
instanceKlass java/beans/PropertyVetoException
instanceKlass org/apache/maven/settings/building/SettingsBuildingException
instanceKlass com/jcraft/jsch/JSchException
instanceKlass java/util/concurrent/TimeoutException
instanceKlass javax/xml/xpath/XPathException
instanceKlass org/xml/sax/SAXException
instanceKlass javax/xml/parsers/ParserConfigurationException
instanceKlass kotlin/reflect/full/IllegalPropertyDelegateAccessException
instanceKlass kotlin/reflect/full/IllegalCallableAccessException
instanceKlass com/google/common/collect/RegularImmutableMap$BucketOverflowException
instanceKlass sun/security/pkcs11/wrapper/PKCS11Exception
instanceKlass java/security/GeneralSecurityException
instanceKlass java/lang/CloneNotSupportedException
instanceKlass java/util/concurrent/ExecutionException
instanceKlass java/text/ParseException
instanceKlass java/lang/InterruptedException
instanceKlass java/security/PrivilegedActionException
instanceKlass java/net/URISyntaxException
instanceKlass java/io/IOException
instanceKlass java/lang/ReflectiveOperationException
instanceKlass java/lang/RuntimeException
ciInstanceKlass java/lang/Exception 1 1 40 10 7 12 1 1 1 10 12 1 10 12 1 10 12 1 10 12 1 100 1 1 1 1 5 0 1 1 1 1 1 1 1 1 1 1 1 1 1 1
instanceKlass java/lang/Exception
instanceKlass java/lang/Error
ciInstanceKlass java/lang/Throwable 1 1 404 10 7 12 1 1 1 9 7 12 1 1 1 9 12 1 1 9 12 1 9 12 1 1 9 12 1 10 12 1 1 9 12 1 1 10 12 1 1 10 12 1 100 1 7 1 10 8 1 10 12 1 1 8 1 10 100 12 1 1 10 10 12 1 100 1 8 1 10 10 12 1 1 10 7 12 1 1 10 12 1 8 1 9 7 12 1 1 1 10 12 1 1 100 1 10 12 10 12 1 10 100 12 1 1 1 100 1 10 12 10 12 1 10 12 1 100 1 10 10 7 12 1 1 1 11 100 12 1 1 1 10 12 1 1 10 12 1 1 8 1 10 12 1 10 12 1 1 8 1 8 1 10 12 1 1 10 12 1 8 1 8 1 9 12 1 1 10 12 1 1 100 1 10 11 12 1 8 1 8 1 10 7 12 1 1 8 1 10 12 1 8 1 100 1 10 12 1 9 12 1 1 10 12 1 10 7 12 1 9 12 1 1 10 12 1 1 100 1 8 1 10 12 1 10 100 12 1 1 10 12 1 1 7 1 10 100 12 1 1 1 10 12 1 11 7 12 1 1 1 11 7 12 1 1 11 12 1 8 1 10 12 1 1 8 1 10 10 9 100 12 1 1 1 8 1 10 12 1 1 11 10 100 1 8 1 10 11 12 1 1 8 1 9 12 1 10 7 12 1 1 11 9 12 1 1 11 12 1 1 100 10 12 1 10 12 1 1 7 1 1 1 1 5 0 1 1 1 1 1 1 1 1 1 1 1 1 1 7 1 1 1 1 1 1 1 1 1 1 1 1 1 1 1 1 1 1 1 1 1 1 1 1 1 1 1 1 1 1 1 1 1 1 1 1 1 1 1 1 1 1 1 1 7 1 7 1 1 1 1 1 1 1 1 1 1 1 1 1 1 1 1 1 1
staticfield java/lang/Throwable UNASSIGNED_STACK [Ljava/lang/StackTraceElement; 0 [Ljava/lang/StackTraceElement;
staticfield java/lang/Throwable SUPPRESSED_SENTINEL Ljava/util/List; java/util/Collections$EmptyList
staticfield java/lang/Throwable EMPTY_THROWABLE_ARRAY [Ljava/lang/Throwable; 0 [Ljava/lang/Throwable;
staticfield java/lang/Throwable $assertionsDisabled Z 1
instanceKlass org/gradle/internal/configuration/inputs/AccessTrackingProperties
instanceKlass java/security/Provider
ciInstanceKlass java/util/Properties 1 1 690 10 7 12 1 1 1 100 1 10 7 12 1 1 7 1 10 12 1 9 12 1 1 9 12 1 1 9 12 1 1 10 7 12 1 1 1 10 12 1 1 8 1 10 7 12 1 1 1 7 1 10 12 1 10 12 1 1 8 1 10 12 1 7 1 10 12 10 12 1 1 9 12 1 1 10 12 1 1 7 1 10 12 1 10 12 1 10 12 1 1 100 1 8 1 10 12 1 10 12 1 10 12 1 1 10 12 1 7 1 3 10 10 100 12 1 1 1 10 12 1 10 12 1 1 8 1 10 12 1 10 12 1 1 8 1 10 100 12 1 1 10 12 1 1 10 12 1 10 12 1 1 100 1 10 12 1 10 12 1 1 100 1 9 100 12 1 1 1 10 12 1 10 12 1 1 10 12 1 1 10 12 1 1 100 1 9 12 1 1 7 1 7 1 10 12 1 7 1 11 7 12 1 1 1 11 12 1 1 11 7 12 1 1 1 11 7 12 1 1 1 11 12 1 1 11 12 1 11 12 1 10 12 1 1 8 1 10 12 1 10 100 12 1 1 10 12 1 100 1 10 10 12 1 10 12 1 100 1 10 10 12 1 1 10 7 12 1 1 9 100 12 1 1 10 12 1 1 10 100 12 1 1 1 100 1 100 1 100 1 10 8 1 8 1 10 12 1 10 12 1 10 12 1 1 10 10 12 1 1 10 12 1 1 7 1 10 10 12 1 11 7 12 1 1 10 7 12 1 1 1 8 1 10 100 12 1 1 11 11 7 1 8 1 10 100 1 11 10 12 1 10 10 12 1 10 12 1 1 10 12 1 1 10 12 1 1 10 12 1 10 12 1 10 10 12 1 10 12 1 10 12 1 10 10 12 1 1 10 12 1 1 10 10 12 1 10 12 1 10 12 1 10 12 1 10 12 1 1 10 12 1 1 10 12 1 10 12 1 10 12 1 1 10 12 10 12 1 1 10 12 1 1 10 12 1 10 12 1 1 10 12 1 1 10 12 10 11 12 1 4 11 10 12 1 1 10 100 12 1 1 11 12 1 10 12 1 1 10 100 12 1 1 10 12 1 100 1 8 1 10 12 1 10 10 100 12 1 1 1 100 1 6 0 10 12 1 1 11 100 12 1 1 1 10 12 1 10 12 1 1 1 1 1 5 0 1 1 1 1 1 1 1 1 1 1 1 1 1 1 1 1 1 1 1 1 1 1 1 1 1 1 1 1 1 1 1 1 1 1 1 1 1 1 1 100 1 1 1 1 1 1 1 1 1 1 1 1 1 1 1 1 1 1 1 1 100 1 1 1 1 1 1 1 1 1 1 1 1 7 1 7 1 1 1 1 1 100 1 1 1 1 1 1 1 1 1 1 1 1 1 1 1 1 1 1 1 1 1 1 1 1 1 1 1 1 1 1 1 1 1 1 1 1 1 1 1 1 1 1 1 1 1 1 1 1 1 1 1 1 1 1 1 1 1 1 1 1 1 1 1 1 1 1 1 1 1 1 1 1 1 1 1 1 1 7 1 1 1 1 1 1 1 1 1 1 1 100 1 1
staticfield java/util/Properties UNSAFE Ljdk/internal/misc/Unsafe; jdk/internal/misc/Unsafe
instanceKlass java/util/Hashtable
ciInstanceKlass java/util/Dictionary 1 1 36 10 7 12 1 1 1 100 1 1 1 1 1 1 1 1 1 1 1 1 1 1 1 1 1 1 1 1 1 1 1 1 1 1 1 1
instanceKlass java/util/Properties
ciInstanceKlass java/util/Hashtable 1 1 516 7 1 10 7 12 1 1 1 9 7 12 1 1 1 100 1 7 1 10 8 1 10 12 1 1 10 12 1 10 12 1 1 10 12 1 10 7 12 1 1 1 8 1 10 12 1 9 12 1 1 7 1 9 12 1 1 4 10 7 12 1 1 1 9 12 1 4 10 12 1 11 7 12 1 1 1 10 12 1 1 10 12 1 1 9 12 1 10 12 1 1 100 1 10 9 12 1 1 10 7 12 1 1 1 9 12 1 1 10 12 1 10 12 1 3 9 12 1 9 12 1 3 10 12 1 10 12 1 10 12 1 1 11 12 1 1 11 7 12 1 1 1 11 7 12 1 1 1 11 12 1 7 1 11 12 1 11 12 1 10 12 1 1 10 12 1 1 10 12 1 9 12 1 1 9 12 9 12 1 1 10 100 1 7 1 10 12 1 10 8 1 10 10 12 1 8 1 10 8 1 10 7 12 1 1 1 7 1 10 12 1 10 12 1 100 1 10 12 1 10 12 1 1 7 1 10 100 1 10 10 12 1 1 11 12 1 1 11 12 1 7 1 10 10 10 100 12 1 1 11 100 12 1 1 1 100 1 10 11 100 12 1 1 11 100 12 1 10 12 1 10 12 1 1 10 100 12 1 1 10 12 1 1 10 12 1 1 10 12 1 1 10 100 12 1 1 1 8 10 100 12 1 1 100 1 8 1 10 4 4 10 12 1 1 10 12 1 8 1 4 10 12 10 100 12 1 1 1 100 1 11 100 12 1 1 1 10 100 12 1 1 1 10 12 1 10 12 1 1 10 7 1 7 1 1 1 1 1 1 5 0 1 1 1 1 1 3 1 3 1 3 1 1 1 1 1 1 1 1 1 1 1 1 1 1 1 1 1 1 1 1 1 1 1 1 1 100 1 1 1 1 1 1 1 1 1 1 1 1 1 1 1 1 1 1 1 1 1 1 1 1 1 1 1 1 1 7 1 1 1 1 1 1 1 1 1 1 1 1 1 1 7 1 1 1 1 1 1 1 1 1 1 1 1 1 1 1 1 1 1 1 1 1 1 1 1 1 1 1 1 1 1 1 1 1 1 1 1 1 1 1 1 1 1 1 1 100 1 1 1 7 1 1 1 1 1 7 1 1 1 1 1 1 1 1 1 1 1 1 1 1 1 1 1 1
ciInstanceKlass java/lang/String 1 1 1451 10 7 12 1 1 1 8 1 9 7 12 1 1 1 9 12 1 1 9 12 1 1 9 12 1 1 10 12 1 10 12 1 1 10 12 1 1 9 12 1 10 7 12 1 1 1 10 12 1 1 10 12 1 10 7 12 1 1 1 10 12 1 1 10 12 1 1 10 12 1 10 12 1 1 10 12 1 10 7 12 1 1 1 7 1 9 7 12 1 1 1 10 7 12 1 1 1 10 12 1 1 10 12 1 1 10 7 12 1 1 1 10 12 1 1 9 7 12 1 1 10 12 9 7 12 1 1 10 12 1 1 3 10 12 1 1 7 1 11 12 1 1 11 12 1 11 12 1 1 10 100 12 1 1 1 10 12 1 1 9 100 12 1 1 1 10 12 1 1 10 12 1 11 12 1 1 10 12 1 10 12 10 12 1 1 10 7 12 1 1 1 10 7 12 1 1 1 10 12 1 1 7 1 7 1 10 12 1 10 12 1 10 12 1 1 10 12 1 1 100 1 10 12 1 1 100 1 10 12 1 1 10 12 1 1 10 12 1 10 10 12 1 100 1 100 1 7 1 10 12 1 10 12 1 1 10 12 1 1 10 12 1 10 12 1 1 10 12 1 1 10 100 12 1 1 100 1 11 10 7 12 1 1 11 12 1 11 12 1 10 12 1 1 10 12 1 10 12 10 12 1 1 10 10 100 12 1 1 1 10 100 12 1 1 10 12 1 1 10 100 12 1 1 10 12 1 10 12 1 1 10 12 1 1 10 12 1 10 12 1 10 12 1 1 100 1 10 12 1 1 10 12 10 12 1 10 12 1 1 10 12 1 1 10 7 12 1 1 1 10 12 1 10 12 1 1 10 12 1 10 12 1 3 3 10 12 1 1 10 12 1 10 12 1 1 10 12 1 1 10 12 1 1 10 12 1 10 12 1 1 10 12 1 1 10 12 1 10 12 1 10 12 1 10 12 1 1 10 12 1 10 12 1 10 12 1 10 12 1 10 12 1 10 12 1 10 7 1 10 8 1 10 12 1 1 10 12 1 8 1 10 12 1 1 10 12 10 12 1 8 1 10 10 12 1 1 10 12 1 1 10 12 1 1 10 7 1 10 10 12 1 10 12 1 10 12 1 10 10 12 1 10 12 1 10 12 1 10 12 1 10 12 1 10 12 1 10 12 1 1 10 12 1 1 10 12 1 1 10 10 12 1 1 10 10 12 1 100 1 10 10 12 1 1 10 12 1 1 10 7 1 10 12 1 10 12 1 10 7 12 1 1 1 10 12 1 10 12 1 1 10 12 1 11 7 1 11 12 10 12 1 10 12 1 1 10 12 1 1 10 10 12 1 10 12 1 9 12 1 1 11 7 12 1 1 1 10 12 10 10 12 1 10 12 1 1 10 10 12 1 10 12 1 10 12 1 1 10 12 1 1 10 10 12 1 1 10 12 1 10 10 12 1 10 12 10 10 12 10 10 12 1 10 12 1 10 10 12 10 7 12 1 1 1 10 12 10 10 12 10 12 1 10 12 10 12 10 10 12 1 10 12 1 1 10 12 1 1 10 10 12 1 10 7 12 1 1 1 10 12 1 1 10 10 7 12 1 1 1 11 10 12 1 10 12 1 1 10 12 1 1 10 7 12 1 1 1 10 12 1 10 12 1 10 12 1 10 12 1 10 12 1 10 12 1 100 1 7 1 8 1 10 10 10 12 1 10 12 1 1 8 1 10 12 1 3 3 10 12 1 10 12 1 1 10 12 7 1 10 10 12 1 1 10 12 1 10 12 1 10 12 1 1 10 12 1 1 11 7 12 1 1 1 7 1 10 12 1 10 12 1 1 8 1 10 12 1 1 10 12 1 11 7 12 1 1 1 11 7 12 1 1 11 12 1 10 12 1 10 12 1 1 10 10 7 12 1 1 1 10 12 1 10 12 1 10 10 12 10 12 1 1 10 10 12 1 10 10 12 1 10 10 12 1 10 10 12 1 10 12 1 1 10 10 12 1 8 1 10 12 1 1 18 12 1 1 11 100 12 1 1 1 7 1 3 18 12 1 18 12 1 8 1 10 100 12 1 1 1 11 12 1 1 10 12 10 10 12 1 10 11 12 1 1 10 12 1 1 11 12 1 18 3 11 10 12 1 11 11 10 12 1 10 12 1 1 8 1 10 12 1 10 12 1 10 12 1 1 10 10 12 1 11 100 12 1 7 1 100 1 10 12 100 1 10 10 7 12 1 1 1 100 1 10 7 1 10 10 12 1 10 10 12 1 8 1 10 10 12 1 8 1 8 1 10 12 1 10 12 1 10 10 12 10 7 12 1 1 10 7 12 1 1 10 7 12 1 1 8 1 10 12 1 10 12 1 10 9 12 1 10 12 9 7 12 1 1 1 10 12 1 10 12 1 10 12 1 10 12 10 12 1 10 12 1 8 1 10 100 12 1 1 1 10 12 10 12 1 1 10 12 10 10 12 10 12 7 1 9 12 1 1 7 1 10 7 1 7 1 7 1 7 1 1 1 1 1 1 5 0 1 1 1 1 1 3 1 3 1 1 1 1 1 1 1 1 1 1 1 1 1 1 1 100 1 1 1 1 1 1 1 1 1 1 1 1 1 1 1 1 1 1 1 1 1 1 1 1 1 1 1 1 1 1 1 100 1 1 1 1 1 1 1 1 1 1 1 1 7 1 1 1 1 1 1 1 1 1 1 1 1 1 1 1 1 1 1 1 1 1 1 1 1 1 1 1 1 1 1 1 1 1 1 1 1 1 1 1 1 1 1 1 1 1 1 1 1 1 1 1 1 1 1 1 1 1 1 1 1 1 1 1 1 1 1 1 1 1 1 1 1 1 1 1 1 1 1 1 1 1 1 1 1 1 1 1 1 1 1 1 1 1 1 1 1 1 1 1 1 1 1 1 1 1 1 1 1 1 1 1 1 1 1 1 1 1 1 1 1 1 1 1 1 1 1 1 1 1 1 1 1 1 1 1 1 1 1 1 1 1 1 1 1 1 1 1 1 1 1 1 1 1 1 1 1 1 1 1 1 1 1 1 1 1 1 1 1 1 1 1 1 1 1 100 1 1 1 1 1 1 1 1 1 1 1 1 1 1 1 1 1 1 1 1 1 1 1 100 1 1 1 1 1 1 1 1 1 1 1 1 1 1 1 7 1 1 1 1 1 1 1 1 1 1 1 1 1 1 1 16 15 10 12 16 15 10 12 15 10 12 15 10 12 15 10 100 12 1 1 1 1 1 1 1 100 1 100 1 1 1
staticfield java/lang/String COMPACT_STRINGS Z 1
staticfield java/lang/String serialPersistentFields [Ljava/io/ObjectStreamField; 0 [Ljava/io/ObjectStreamField;
staticfield java/lang/String CASE_INSENSITIVE_ORDER Ljava/util/Comparator; java/lang/String$CaseInsensitiveComparator
ciInstanceKlass java/lang/constant/ConstantDesc 1 0 37 100 1 100 1 1 1 1 100 1 1 1 1 100 1 100 1 100 1 100 1 100 1 100 1 100 1 100 1 100 1 1 100 1 100 1 1
ciInstanceKlass java/lang/InternalError 1 1 34 10 7 12 1 1 1 10 12 1 10 12 1 10 12 1 100 1 1 1 1 5 0 1 1 1 1 1 1 1 1 1 1 1
instanceKlass kotlin/reflect/jvm/internal/KotlinReflectionInternalError
instanceKlass kotlin/jvm/KotlinReflectionNotSupportedError
instanceKlass kotlin/NotImplementedError
instanceKlass com/google/common/util/concurrent/ExecutionError
instanceKlass java/util/ServiceConfigurationError
instanceKlass java/lang/AssertionError
instanceKlass java/lang/VirtualMachineError
instanceKlass java/lang/LinkageError
ciInstanceKlass java/lang/Error 1 1 40 10 7 12 1 1 1 10 12 1 10 12 1 10 12 1 10 12 1 100 1 1 1 1 5 0 1 1 1 1 1 1 1 1 1 1 1 1 1 1
instanceKlass java/lang/StackOverflowError
instanceKlass java/lang/OutOfMemoryError
instanceKlass java/lang/InternalError
ciInstanceKlass java/lang/VirtualMachineError 1 1 34 10 7 12 1 1 1 10 12 1 10 12 1 10 12 1 100 1 1 1 1 5 0 1 1 1 1 1 1 1 1 1 1 1
ciInstanceKlass java/util/Set 1 1 144 100 1 10 7 12 1 1 1 9 7 12 1 1 1 7 1 10 12 1 1 10 12 1 7 1 7 1 10 12 1 7 1 7 1 11 7 12 1 1 1 11 12 1 1 7 1 10 12 1 10 12 1 1 11 12 1 1 1 1 1 1 1 1 1 1 1 1 1 1 1 1 1 1 1 1 1 1 1 1 1 1 1 1 1 1 1 1 1 1 1 1 1 1 1 1 1 1 1 1 1 1 1 1 1 1 1 1 1 1 1 1 1 1 1 1 1 1 1 1 1 1 1 1 1 1 1 1 1 1 1 1 1 1 1 1 1 1 1 1 1 1 1 1
ciInstanceKlass java/util/Iterator 1 1 53 100 1 8 1 10 12 1 1 10 7 12 1 1 1 11 7 12 1 1 1 11 12 1 1 11 7 12 1 1 1 7 1 1 1 1 1 1 1 1 1 1 1 1 1 1 1 1 1 1 1 1 1
ciInstanceKlass java/util/Map$Entry 1 0 178 18 12 1 1 7 1 100 1 18 10 100 12 1 1 1 18 12 1 18 100 1 11 7 12 1 1 1 11 12 1 11 7 12 1 1 1 10 100 12 1 1 1 10 7 12 1 1 1 8 1 10 12 1 1 8 1 8 1 8 1 10 12 1 10 12 1 8 10 7 1 10 12 1 8 10 12 1 8 1 10 12 1 8 10 12 1 8 1 10 12 1 1 8 1 100 1 8 1 10 12 1 1 11 12 7 1 11 12 1 1 1 1 1 1 1 1 1 1 1 1 1 1 1 1 1 1 1 1 1 1 1 1 1 1 1 1 1 1 1 1 1 1 1 1 1 1 1 16 15 11 12 16 3 3 15 11 12 15 11 12 15 11 12 15 10 100 12 1 1 1 1 1 100 1 100 1 1
instanceKlass org/gradle/internal/io/StreamByteBuffer$StreamByteBufferInputStream
instanceKlass java/io/ObjectInputStream
instanceKlass com/google/common/io/BaseEncoding$StandardBaseEncoding$2
instanceKlass org/gradle/util/internal/BulkReadInputStream
instanceKlass org/apache/tools/ant/util/FileUtils$1
instanceKlass org/gradle/internal/remote/internal/inet/SocketConnection$SocketInputStream
instanceKlass org/gradle/internal/file/RandomAccessFileInputStream
instanceKlass org/gradle/internal/daemon/clientinput/StdInStream
instanceKlass com/esotericsoftware/kryo/io/Input
instanceKlass org/gradle/internal/serialize/kryo/KryoBackedDecoder$1
instanceKlass org/gradle/internal/serialize/AbstractDecoder$DecoderStream
instanceKlass org/gradle/internal/stream/EncodedStream$EncodedInput
instanceKlass java/util/zip/ZipFile$ZipFileInputStream
instanceKlass java/io/FilterInputStream
instanceKlass java/io/FileInputStream
instanceKlass java/io/ByteArrayInputStream
ciInstanceKlass java/io/InputStream 1 1 195 7 1 10 7 12 1 1 1 100 1 10 10 7 12 1 1 1 10 7 12 1 1 1 10 12 1 7 1 3 10 12 1 1 100 1 8 1 10 12 1 10 7 12 1 1 1 3 7 1 8 1 10 10 7 12 1 1 1 7 1 10 11 7 12 1 1 1 10 12 1 1 11 12 1 1 11 7 12 1 1 1 11 12 1 1 7 1 10 7 12 1 1 1 5 0 10 12 1 10 12 1 1 100 1 10 8 1 10 8 1 8 1 10 12 1 1 10 100 12 1 1 1 7 1 5 0 10 12 1 100 1 7 1 1 1 1 3 1 3 1 1 1 1 1 1 1 1 1 1 1 1 1 1 1 1 1 1 1 1 1 1 1 1 1 1 1 1 1 1 1 1 1 1 1 1 1 1 1 1 1 1 1 1 1 1 1 1 1 1 1 1 1 1 1
ciInstanceKlass java/io/FileDescriptor 1 1 175 10 7 12 1 1 1 9 7 12 1 1 1 5 0 9 12 1 1 10 12 1 1 10 12 1 1 9 12 1 1 10 100 12 1 1 1 10 12 1 10 12 1 1 9 12 1 1 10 7 12 1 1 8 1 10 7 12 1 1 1 10 12 1 10 12 1 9 12 1 1 9 12 1 1 7 1 10 11 7 12 1 1 1 9 12 1 11 12 1 1 11 7 12 1 1 1 11 12 1 1 7 1 11 12 1 7 1 10 12 1 1 7 1 10 10 12 1 7 1 10 10 7 12 1 1 1 10 12 1 9 12 1 1 9 12 1 9 12 1 1 1 1 1 1 1 1 1 1 1 1 1 100 1 1 1 1 1 1 1 1 1 1 1 1 1 1 1 1 1 1 1 1 1 1
staticfield java/io/FileDescriptor in Ljava/io/FileDescriptor; java/io/FileDescriptor
staticfield java/io/FileDescriptor out Ljava/io/FileDescriptor; java/io/FileDescriptor
staticfield java/io/FileDescriptor err Ljava/io/FileDescriptor; java/io/FileDescriptor
ciInstanceKlass jdk/internal/misc/Unsafe 1 1 1287 10 7 12 1 1 1 9 7 12 1 1 1 9 12 1 1 10 12 1 1 10 7 12 1 1 1 10 12 1 1 10 12 1 1 10 12 1 1 10 12 1 1 10 12 1 1 10 12 1 1 10 12 1 1 10 12 1 1 10 12 1 1 10 12 1 1 10 12 1 1 10 12 1 1 10 12 1 1 10 12 1 10 12 1 100 1 10 10 12 1 1 10 12 1 1 5 0 10 12 1 1 10 12 1 1 10 7 12 1 1 1 10 12 1 1 10 12 1 10 12 1 10 12 1 1 10 12 1 1 10 12 1 10 12 1 7 1 7 1 10 8 1 10 12 1 1 10 12 1 8 1 10 12 1 1 10 12 1 10 12 1 10 12 1 1 10 12 1 10 12 1 1 10 12 1 1 10 12 1 10 12 1 10 12 1 10 12 1 1 10 12 1 10 12 1 10 12 1 1 10 12 1 5 0 5 0 5 0 10 12 1 10 12 1 10 12 1 10 12 1 10 12 1 10 12 1 10 12 1 10 12 1 10 12 1 1 10 12 1 10 12 1 7 1 8 1 10 100 1 10 10 12 1 1 10 12 1 1 10 12 1 10 12 1 1 10 12 1 1 10 12 1 10 12 1 1 10 12 1 9 7 12 1 1 9 12 1 100 1 10 10 12 1 1 8 1 10 8 1 8 1 10 12 1 1 9 7 12 1 1 1 9 7 1 9 7 1 9 7 1 9 9 7 1 9 7 1 9 7 1 10 12 1 1 10 12 1 1 10 12 1 1 10 12 1 1 5 0 5 0 9 12 1 1 10 12 1 10 12 1 10 12 1 1 10 12 1 1 10 12 1 8 1 3 10 12 1 1 10 12 1 1 10 12 1 10 12 1 1 10 12 1 1 10 12 1 10 12 1 10 12 1 10 12 1 10 12 1 10 12 1 1 10 12 1 1 10 12 1 10 12 1 10 12 1 10 12 1 10 12 1 10 12 1 1 10 12 1 1 10 12 1 10 12 1 10 12 1 10 12 1 10 12 1 10 12 1 1 10 12 1 1 10 12 1 1 10 12 1 1 10 12 1 10 12 1 10 12 1 10 12 1 10 12 1 10 12 1 10 12 1 1 10 12 1 1 10 12 1 10 12 1 10 12 1 10 12 1 10 12 1 10 12 1 10 12 1 1 10 12 1 1 10 12 1 10 12 1 10 12 1 10 12 1 10 12 1 10 12 1 10 12 1 10 12 1 1 10 12 1 10 12 1 10 12 1 10 12 1 10 12 1 1 10 12 1 10 12 1 10 12 1 10 12 1 10 12 1 10 12 1 10 12 1 10 12 1 1 10 12 1 10 12 1 10 12 1 10 12 1 10 12 1 10 12 1 1 10 12 1 10 12 1 10 12 1 1 10 12 1 10 12 1 10 12 1 10 12 1 10 12 1 10 12 1 10 12 1 10 12 1 10 12 1 10 12 1 10 12 1 10 12 1 10 12 1 10 12 1 10 12 1 10 12 1 10 12 1 10 12 1 10 12 1 10 12 1 10 12 1 10 12 1 10 12 1 100 1 10 100 1 10 9 12 1 5 0 10 12 1 1 5 0 10 12 1 5 0 10 12 1 10 12 1 10 12 1 1 10 12 1 1 10 12 1 10 12 1 10 12 1 10 12 1 1 10 12 1 10 12 1 10 12 1 10 12 1 10 12 1 1 10 12 1 10 12 1 10 12 1 10 12 1 1 10 12 1 10 12 1 10 12 1 1 10 12 1 10 12 1 10 12 1 10 12 1 1 10 12 1 10 10 12 1 1 10 12 1 10 12 1 1 10 12 1 10 12 5 0 5 0 5 0 10 12 1 1 10 12 1 10 12 1 10 12 10 100 12 1 1 8 1 100 1 11 12 1 1 8 1 11 12 1 1 10 100 12 1 1 10 12 1 10 12 1 10 12 1 10 12 1 10 12 1 1 10 12 1 10 12 1 10 12 1 10 12 1 10 12 1 10 12 1 10 7 1 10 12 1 9 12 1 7 1 9 12 1 7 1 9 12 1 7 1 9 12 1 7 1 9 12 1 7 1 9 12 1 7 1 9 12 1 7 1 9 12 1 7 1 9 12 1 10 12 1 9 12 1 9 12 1 9 12 1 9 12 1 9 12 1 9 12 1 9 12 1 9 12 1 9 12 1 9 12 1 1 1 3 1 1 1 1 1 1 1 1 1 1 1 1 1 1 1 1 1 1 1 1 1 1 1 1 1 1 1 1 1 1 1 1 1 1 1 1 1 1 1 1 1 1 1 1 1 1 1 1 1 1 1 1 1 1 1 1 1 1 1 1 1 1 1 1 1 1 1 1 1 1 1 1 1 1 1 1 1 1 1 1 1 1 1 1 1 1 1 1 1 100 1 1 1 1 1 1 1 1 1 1 1 1 1 1 1 1 1 1 1 1 1 1 1 1 1 1 1 1 1 1 1 1 1 1 1 1 1 1 1 1 1 1 1 1 1 1 1 1 1 1 1 1 1 1 1 1 1 1 1 1 1 1 1 1 1 1 1 1 1 1 1 1 1 1 1 1 1 1 1 1 1 1 1 1 1 1 1 1 1 1 1 1 1 1 1 1 1 1 1 1 1 1 1 1 1 1 1 1 1 1 1 1 1 1 1 1 1 1 1 1 1 1 1 1 1 1 1 1 1 1 1 1 1 1 1 1 1 1 1 1 1 1 1 1 1 1 1 1 1 1 1 1 1 1 1 1 1 1 1 1 1 1 1 1 1 1 1 1 1 1 1 1 1 1 1 1 1 1 1 1 1 1 1 1 1 1 1 1 1 1 1 1 1 1 1 1 1 1 1 1 1 1 1 1 1 1 3 1 1 1 1 1 1 1 1 1 1 1 1 1 1 1 1 1 1 1 1 1
staticfield jdk/internal/misc/Unsafe theUnsafe Ljdk/internal/misc/Unsafe; jdk/internal/misc/Unsafe
staticfield jdk/internal/misc/Unsafe ARRAY_BOOLEAN_BASE_OFFSET I 16
staticfield jdk/internal/misc/Unsafe ARRAY_BYTE_BASE_OFFSET I 16
staticfield jdk/internal/misc/Unsafe ARRAY_SHORT_BASE_OFFSET I 16
staticfield jdk/internal/misc/Unsafe ARRAY_CHAR_BASE_OFFSET I 16
staticfield jdk/internal/misc/Unsafe ARRAY_INT_BASE_OFFSET I 16
staticfield jdk/internal/misc/Unsafe ARRAY_LONG_BASE_OFFSET I 16
staticfield jdk/internal/misc/Unsafe ARRAY_FLOAT_BASE_OFFSET I 16
staticfield jdk/internal/misc/Unsafe ARRAY_DOUBLE_BASE_OFFSET I 16
staticfield jdk/internal/misc/Unsafe ARRAY_OBJECT_BASE_OFFSET I 16
staticfield jdk/internal/misc/Unsafe ARRAY_BOOLEAN_INDEX_SCALE I 1
staticfield jdk/internal/misc/Unsafe ARRAY_BYTE_INDEX_SCALE I 1
staticfield jdk/internal/misc/Unsafe ARRAY_SHORT_INDEX_SCALE I 2
staticfield jdk/internal/misc/Unsafe ARRAY_CHAR_INDEX_SCALE I 2
staticfield jdk/internal/misc/Unsafe ARRAY_INT_INDEX_SCALE I 4
staticfield jdk/internal/misc/Unsafe ARRAY_LONG_INDEX_SCALE I 8
staticfield jdk/internal/misc/Unsafe ARRAY_FLOAT_INDEX_SCALE I 4
staticfield jdk/internal/misc/Unsafe ARRAY_DOUBLE_INDEX_SCALE I 8
staticfield jdk/internal/misc/Unsafe ARRAY_OBJECT_INDEX_SCALE I 4
staticfield jdk/internal/misc/Unsafe ADDRESS_SIZE I 8
instanceKlass org/gradle/internal/classloader/CachingClassLoader
instanceKlass org/gradle/internal/classloader/MultiParentClassLoader
instanceKlass org/gradle/internal/classloader/FilteringClassLoader$RetrieveSystemPackagesClassLoader
instanceKlass org/gradle/internal/classloader/FilteringClassLoader
instanceKlass org/gradle/internal/classloader/FilteringClassLoader
instanceKlass jdk/internal/reflect/DelegatingClassLoader
instanceKlass java/security/SecureClassLoader
ciInstanceKlass java/lang/ClassLoader 1 1 1108 9 7 12 1 1 1 10 7 12 1 1 1 9 12 1 1 10 7 12 1 1 1 7 1 10 12 1 1 10 12 1 1 9 12 1 1 10 12 1 1 100 1 10 12 1 10 12 1 1 10 7 12 1 1 1 100 1 8 1 10 12 1 10 7 12 1 1 1 10 7 12 1 10 7 1 10 7 1 7 1 7 1 10 12 1 10 12 1 9 12 1 1 10 10 7 12 1 1 1 9 12 1 1 9 12 1 9 12 1 1 9 12 1 9 12 1 1 9 12 1 1 7 1 10 12 1 9 12 1 1 10 12 1 1 10 7 12 1 1 1 9 12 1 9 12 1 1 9 12 1 10 12 1 1 9 12 10 12 1 1 7 1 10 8 1 10 12 1 1 10 12 1 10 7 1 7 1 10 12 1 1 10 7 12 1 1 1 8 1 10 12 1 10 12 1 10 12 1 1 10 12 1 1 10 12 1 1 10 12 1 1 10 12 1 1 10 12 1 7 1 10 12 1 10 7 12 1 1 1 10 12 1 1 10 12 1 10 12 1 10 12 1 10 12 1 10 12 1 1 10 10 12 1 10 12 1 10 100 12 1 1 10 12 1 1 10 12 1 1 10 12 1 100 1 10 12 1 7 1 10 12 1 10 7 12 1 1 1 10 10 12 1 1 10 12 1 1 7 1 8 1 10 8 1 10 12 1 10 12 1 100 1 8 1 10 12 1 1 10 12 1 1 10 10 12 1 1 10 12 1 1 10 12 1 1 10 7 1 10 12 1 1 10 12 1 1 10 12 1 1 10 12 1 1 10 12 1 1 10 12 1 1 10 12 1 10 7 12 1 1 1 10 12 1 10 12 1 10 12 1 1 10 12 1 10 12 1 10 12 1 10 12 1 1 10 12 1 10 12 1 1 8 1 9 12 1 10 12 1 1 8 1 8 1 10 7 12 1 1 100 1 10 10 12 10 12 1 10 12 1 10 12 1 10 12 1 1 10 7 12 1 1 10 12 1 10 7 1 7 1 10 12 1 1 10 12 1 10 7 1 10 12 1 100 1 18 12 1 10 100 12 1 1 1 10 100 12 1 1 1 10 7 12 1 1 10 12 1 10 12 1 100 1 10 12 1 8 1 10 10 12 1 1 10 12 1 10 12 1 1 7 1 10 12 1 10 12 1 1 10 7 12 1 1 10 12 1 8 1 100 1 10 10 12 1 9 12 1 10 7 12 1 1 10 12 1 7 1 8 1 10 12 1 10 8 1 8 1 10 12 1 1 10 12 1 1 10 12 1 1 10 7 12 1 1 7 1 100 1 10 12 1 1 7 1 7 1 10 7 12 1 1 10 12 1 10 12 1 1 10 12 1 10 12 1 1 10 12 1 1 9 100 12 1 1 1 10 12 1 1 10 12 1 10 12 1 10 12 1 1 10 12 1 8 1 7 1 18 12 1 1 10 12 1 1 10 12 1 10 12 1 10 12 1 8 1 10 12 1 10 12 1 18 12 1 11 7 12 1 1 1 7 1 10 12 1 1 10 12 1 10 11 12 1 1 10 18 10 12 1 1 11 7 12 1 18 12 1 11 12 1 1 10 12 10 12 1 1 10 12 1 1 100 1 8 1 10 10 12 1 8 1 8 1 10 100 12 1 1 10 12 1 100 1 10 10 12 1 8 1 8 1 8 1 10 12 1 10 12 1 1 10 12 1 10 7 12 1 1 1 11 7 12 1 1 100 1 10 11 10 12 1 10 12 1 10 12 1 1 9 7 12 1 1 9 12 1 1 9 12 9 12 1 9 12 1 9 12 1 8 10 12 1 1 10 7 12 1 1 1 10 12 1 1 10 12 1 1 10 12 1 10 10 12 1 11 12 1 1 10 100 12 1 1 1 100 1 10 12 1 10 12 1 10 12 1 1 1 1 1 1 1 1 1 1 1 1 1 1 1 1 1 1 1 1 1 1 1 1 1 1 1 1 100 1 1 1 1 1 1 1 1 1 1 1 1 1 1 1 1 1 1 1 1 1 100 1 1 1 1 1 1 1 1 1 1 7 1 1 1 1 1 1 1 1 1 1 1 1 1 1 1 1 1 1 1 1 1 1 1 1 1 1 1 1 1 1 1 1 1 1 1 1 1 1 1 1 1 100 1 1 1 1 1 1 1 1 1 1 1 1 1 1 1 1 1 1 1 7 1 1 1 1 1 1 1 1 1 1 1 1 1 1 1 1 1 1 1 1 1 1 1 1 1 1 1 1 1 1 1 1 1 1 1 1 1 1 1 1 1 1 1 1 1 1 1 1 1 1 100 1 1 1 1 1 1 1 1 1 1 1 1 1 1 1 1 1 1 1 1 1 1 1 1 1 1 1 1 1 1 1 1 1 1 1 1 1 1 1 1 1 1 1 1 1 1 16 1 15 10 12 16 1 16 15 10 12 16 1 16 1 15 10 12 16 15 10 12 16 15 10 12 16 15 10 7 12 1 1 1 1 1 100 1 100 1 1
staticfield java/lang/ClassLoader nocerts [Ljava/security/cert/Certificate; 0 [Ljava/security/cert/Certificate;
staticfield java/lang/ClassLoader $assertionsDisabled Z 1
ciInstanceKlass java/lang/reflect/Constructor 1 1 439 10 7 12 1 1 1 10 7 12 1 1 9 7 12 1 1 1 10 12 1 1 10 12 1 1 10 7 12 1 1 9 12 1 1 10 7 12 1 1 1 9 12 1 1 9 12 1 1 9 12 1 9 12 1 1 9 12 1 9 12 1 1 9 12 1 1 9 12 1 100 1 8 1 10 12 1 10 12 1 9 12 1 1 10 7 12 1 1 10 7 12 1 1 1 10 12 1 1 10 12 1 1 10 12 1 7 1 100 1 8 1 10 10 12 1 10 12 1 10 12 1 1 10 12 1 1 9 7 12 1 1 1 10 7 12 1 1 10 12 1 1 10 12 1 10 12 1 1 10 7 12 1 1 1 10 100 12 1 1 10 12 1 1 10 12 1 10 7 12 1 1 1 8 1 10 10 12 1 100 1 8 1 10 12 1 10 12 1 1 10 12 1 1 10 12 1 10 12 1 10 12 1 1 10 12 1 1 9 12 1 1 10 12 1 1 10 12 1 1 10 12 1 1 11 7 12 1 1 1 10 12 1 1 10 12 1 10 12 1 10 12 1 8 1 9 12 1 1 10 7 12 1 1 1 10 7 12 1 1 10 12 1 1 10 12 1 1 10 12 1 1 10 12 1 1 10 12 1 9 7 12 1 1 10 12 1 10 12 1 10 12 1 100 1 8 1 10 10 12 1 1 10 12 1 10 10 12 1 1 10 12 1 1 10 100 12 1 1 1 11 100 12 1 1 1 10 12 1 1 9 100 12 1 1 1 10 100 12 1 1 1 10 12 1 1 1 1 1 1 1 1 1 1 1 1 1 1 1 1 1 1 1 1 1 1 1 1 1 1 1 1 1 1 1 1 1 1 1 1 1 1 1 1 1 1 1 1 1 1 1 1 1 1 1 1 100 1 100 1 100 1 100 1 1 1 1 1 1 1 1 1 1 1 1 1 1 1 1 1 1 1 1 1 1 1 1 1 1 1 1 1 1 1 1 1 100 1 1
instanceKlass java/lang/reflect/Executable
instanceKlass java/lang/reflect/Field
ciInstanceKlass java/lang/reflect/AccessibleObject 1 1 400 10 7 12 1 1 1 9 100 12 1 1 1 10 7 12 1 1 1 10 7 12 1 1 10 7 12 1 1 1 10 100 12 1 1 1 10 12 1 1 10 12 1 1 9 12 1 1 7 1 10 7 12 1 1 1 11 12 1 7 1 10 12 1 7 1 100 1 10 12 1 10 12 1 1 10 12 1 1 10 12 1 1 10 12 1 1 7 1 10 7 12 1 1 1 10 12 1 1 11 10 7 12 1 1 1 10 12 1 1 10 12 1 10 12 1 10 12 1 1 10 12 1 8 1 7 1 7 1 10 10 12 1 1 8 1 10 12 1 10 12 1 8 1 8 1 8 1 8 1 8 1 8 1 8 1 8 1 8 1 100 1 10 12 1 10 12 1 9 12 1 1 10 12 1 1 10 12 1 10 7 1 100 1 8 1 10 8 1 10 12 1 8 1 10 12 1 10 12 1 1 10 100 1 8 1 10 11 7 12 1 1 1 10 12 1 1 10 12 1 1 10 12 1 1 9 12 1 1 100 1 10 12 1 7 1 10 12 1 10 12 1 1 10 100 1 10 12 1 10 12 10 12 1 10 12 1 10 12 1 1 10 12 1 9 12 1 10 100 12 1 1 8 1 10 100 12 1 1 1 8 1 10 7 12 1 1 1 9 12 1 7 1 10 7 1 10 10 7 12 1 1 1 7 1 10 10 7 12 1 1 1 7 1 9 12 1 1 1 1 1 1 1 1 1 1 1 1 1 1 1 1 1 1 1 1 1 1 1 1 1 1 1 1 1 1 1 1 1 1 1 1 1 1 1 1 1 1 1 1 1 1 1 1 1 1 1 1 1 1 1 1 1 1 1 1 1 1 1 1 1 1 1 1 1 1 1 1 1 1 1 1 1 1 1 1 1 1 1 1
staticfield java/lang/reflect/AccessibleObject reflectionFactory Ljdk/internal/reflect/ReflectionFactory; jdk/internal/reflect/ReflectionFactory
instanceKlass java/lang/reflect/Constructor
instanceKlass java/lang/reflect/Method
ciInstanceKlass java/lang/reflect/Executable 1 1 581 10 7 12 1 1 1 10 7 12 1 1 1 10 7 12 1 1 1 11 7 12 1 1 1 10 7 12 1 1 1 10 12 1 1 10 7 12 1 1 1 10 7 12 1 1 1 10 12 1 8 1 10 10 12 1 1 10 12 1 1 10 7 12 1 1 1 18 12 1 1 11 7 12 1 1 1 8 1 8 1 8 1 10 7 12 1 1 1 11 12 1 1 7 1 8 1 8 1 10 12 1 7 1 8 1 10 12 1 8 1 11 100 12 1 1 1 7 1 11 7 12 1 1 1 11 12 1 8 1 18 8 1 10 12 1 10 12 1 1 18 8 1 10 12 1 7 1 10 12 1 10 12 1 11 12 1 10 12 1 1 8 1 8 1 10 12 1 1 10 12 1 1 10 10 12 1 9 100 12 1 1 1 10 100 12 1 1 1 10 12 1 10 12 1 1 10 7 12 1 1 10 12 1 10 12 1 10 12 1 10 7 12 1 1 7 1 10 100 12 1 1 1 10 12 1 1 10 7 12 1 1 10 12 1 10 12 1 1 9 100 12 1 1 1 10 100 10 12 1 8 1 10 12 1 10 12 1 3 100 1 8 1 10 12 1 10 12 1 10 10 12 1 10 12 1 1 8 1 8 1 8 1 9 12 1 1 9 12 1 10 12 1 100 1 8 1 10 12 1 10 12 1 10 12 1 1 10 12 1 1 10 12 1 10 12 10 12 1 100 1 10 12 1 10 12 1 1 100 1 10 7 12 1 1 1 7 1 10 7 12 1 1 1 10 12 1 1 11 7 12 1 1 10 12 1 10 100 12 1 1 1 10 12 1 1 9 12 1 10 12 1 1 10 12 1 10 12 1 1 9 100 12 1 1 1 10 100 12 1 1 1 10 12 1 10 12 1 1 9 12 1 10 10 10 10 100 12 1 1 1 10 12 1 9 12 1 10 12 1 1 9 12 1 7 1 7 1 1 1 1 1 1 1 1 1 1 1 1 1 1 1 1 1 1 1 1 1 1 1 1 1 1 1 1 1 1 1 1 1 1 1 1 100 1 1 1 1 1 1 1 1 1 1 1 1 1 1 1 1 1 1 1 100 1 1 1 1 1 1 1 1 1 1 1 1 1 1 1 1 1 1 1 1 1 1 1 1 1 1 1 1 1 1 1 1 1 1 1 1 1 1 1 1 1 1 1 7 1 1 1 1 1 1 1 1 1 1 1 1 1 1 1 1 1 1 1 1 1 1 7 1 1 16 15 16 1 16 1 15 10 12 16 15 10 7 12 1 1 1 1 1 1 100 1 1 100 1 100 1 1
ciInstanceKlass java/lang/reflect/Member 1 1 37 100 1 10 12 1 1 100 1 100 1 1 1 1 3 1 3 1 1 1 1 1 1 1 1 1 1 1 1 1 1 1 1 1 1 1 1
instanceKlass org/gradle/fileevents/internal/AbstractFileEventFunctions$AbstractFileWatcher$1
instanceKlass org/gradle/launcher/daemon/server/exec/DaemonConnectionBackedEventConsumer$ForwardEvents
instanceKlass org/gradle/launcher/daemon/server/exec/LogToClient$AsynchronousLogDispatcher
instanceKlass java/util/logging/LogManager$Cleaner
instanceKlass jdk/internal/misc/InnocuousThread
instanceKlass java/util/concurrent/ForkJoinWorkerThread
instanceKlass java/lang/ref/Finalizer$FinalizerThread
instanceKlass java/lang/ref/Reference$ReferenceHandler
instanceKlass java/lang/BaseVirtualThread
ciInstanceKlass java/lang/Thread 1 1 870 10 7 12 1 1 1 9 12 1 1 10 7 12 1 1 10 12 1 10 100 12 1 1 100 1 8 1 10 12 1 1 9 12 1 9 12 1 1 9 12 1 1 7 1 10 12 1 1 10 12 1 10 7 12 1 1 1 10 12 9 12 1 1 10 12 1 7 1 10 12 1 100 1 8 1 10 9 7 12 1 1 1 10 12 1 1 10 12 1 1 10 12 1 1 10 12 1 10 12 1 1 3 8 1 7 1 5 0 10 7 12 1 1 1 9 12 1 10 12 1 1 10 7 12 1 1 1 10 7 12 1 1 1 10 12 1 1 10 12 1 1 9 12 1 1 10 7 1 8 1 10 7 1 10 12 1 9 12 1 1 10 7 12 1 1 1 10 10 12 1 1 9 100 12 1 1 1 10 12 1 1 10 12 1 1 10 7 12 1 1 10 12 1 10 12 1 10 7 12 1 1 9 12 1 10 7 12 1 1 1 10 12 1 1 9 12 1 1 9 12 1 1 10 7 12 1 1 1 9 12 1 1 10 100 12 1 1 10 100 12 1 1 1 10 12 1 10 12 1 10 7 12 1 1 9 12 1 8 1 9 7 12 1 1 9 12 1 1 5 0 100 1 10 100 1 10 100 1 10 7 1 10 8 1 10 12 1 1 10 7 12 1 10 12 1 10 12 1 100 1 8 1 10 10 12 1 10 12 1 1 10 100 12 1 1 1 10 100 12 1 1 1 10 12 1 7 1 9 12 1 1 100 1 10 10 12 1 9 12 1 1 10 12 1 1 10 12 1 1 10 12 1 10 12 1 9 12 1 1 10 10 12 1 1 10 12 1 1 11 7 12 1 1 10 7 12 1 1 9 12 1 9 12 1 1 9 12 1 1 10 100 12 1 1 10 12 1 1 9 7 12 1 1 1 10 7 12 1 1 10 12 1 10 12 1 100 1 10 10 12 9 12 1 1 10 12 1 11 100 12 1 1 10 12 1 10 12 1 10 12 1 9 12 1 10 10 12 1 10 12 1 1 9 12 1 9 12 10 12 1 8 1 10 12 1 10 12 1 10 12 1 10 12 1 10 12 1 1 10 12 1 10 12 1 1 10 12 1 10 12 1 10 12 1 10 12 1 10 12 1 1 9 7 12 1 1 1 8 1 10 9 12 1 10 12 1 7 1 8 1 10 10 12 1 8 1 10 12 1 1 9 12 10 12 8 1 10 10 12 1 10 12 1 8 1 10 12 1 10 8 1 10 100 12 1 1 10 12 1 1 100 1 8 1 10 9 12 1 9 12 1 1 10 12 1 1 10 10 12 1 10 12 1 100 10 7 12 1 1 1 9 12 1 10 12 1 1 10 12 1 1 10 100 12 1 1 1 11 7 12 1 1 1 9 100 12 1 1 1 10 100 12 1 1 1 7 1 10 12 1 100 1 10 12 1 10 12 1 1 10 12 1 1 8 1 9 12 1 10 12 1 10 12 1 1 11 7 12 1 1 1 10 12 1 1 1 1 3 1 3 1 3 1 3 1 1 1 1 1 1 1 1 1 1 1 1 1 1 1 1 1 1 1 1 1 7 1 1 1 1 1 1 1 1 1 1 1 1 1 1 1 1 1 1 1 1 1 1 100 1 1 1 1 1 1 1 1 1 1 1 1 1 1 1 1 7 1 7 1 1 1 1 1 1 1 1 1 1 1 1 1 1 1 1 1 1 1 1 1 1 1 1 1 1 1 1 1 1 1 1 1 1 1 1 1 1 1 1 1 1 1 1 1 1 1 1 1 1 1 1 1 1 1 1 1 1 1 1 1 1 1 1 1 1 1 1 1 1 1 1 1 1 1 1 100 100 1 1 1 1 1 1 1 1 1 1 1 1 1 1 1 1 1 1 1 1 1 1 1 1 1 1 100 1 100 1 100 1 100 1 100 1 1 100 1 1 1 1 1 1 1 1 1 1 1 1 1 1 1
staticfield java/lang/Thread NEW_THREAD_BINDINGS Ljava/lang/Object; java/lang/Class
staticfield java/lang/Thread EMPTY_STACK_TRACE [Ljava/lang/StackTraceElement; 0 [Ljava/lang/StackTraceElement;
ciInstanceKlass java/lang/Runnable 1 0 11 100 1 100 1 1 1 1 1 1 1
ciInstanceKlass java/net/URL 1 1 771 10 7 12 1 1 1 10 12 1 10 7 12 1 1 9 12 1 1 9 12 1 10 7 12 1 1 1 10 12 1 1 10 12 1 1 9 12 1 1 10 7 12 1 1 1 8 1 10 12 1 1 7 1 10 10 12 1 1 8 1 10 12 1 1 9 12 1 7 1 8 1 10 12 1 10 12 1 8 1 9 12 1 10 12 1 1 9 12 1 10 12 1 10 12 1 9 12 1 9 12 1 8 1 9 12 1 10 12 1 1 8 1 9 12 1 1 10 12 1 1 10 7 12 1 1 1 8 1 10 12 1 7 1 10 12 1 10 12 1 10 12 1 10 12 1 1 10 12 1 1 8 1 10 12 1 1 10 12 1 8 1 9 12 1 8 1 10 12 1 10 7 12 1 1 1 7 1 10 12 1 10 12 1 1 10 7 12 1 1 1 100 1 8 1 10 10 12 1 8 1 10 12 1 1 10 12 1 10 12 1 10 12 1 10 12 1 10 12 1 10 12 1 8 1 10 12 1 8 1 10 10 7 1 10 10 12 1 8 1 10 7 12 1 1 1 10 12 1 9 100 12 1 1 1 10 7 12 1 1 1 9 12 1 1 10 12 1 10 100 12 1 1 1 100 1 100 1 10 12 1 10 12 1 10 12 1 10 12 1 10 12 1 10 12 10 10 12 1 10 12 1 10 12 1 1 8 1 9 100 12 1 1 1 10 100 12 1 1 1 10 12 1 1 9 100 12 1 1 1 10 12 1 1 100 1 10 12 1 10 12 1 10 10 12 1 1 10 12 1 1 10 12 1 10 12 1 10 12 1 10 7 12 1 1 1 10 12 1 1 10 12 1 9 12 1 1 9 12 1 1 7 1 8 1 10 10 12 1 9 12 1 1 10 7 12 1 1 8 1 10 7 12 1 1 8 1 10 12 1 1 10 12 1 8 1 8 1 10 7 12 1 1 1 7 1 10 7 12 1 1 1 10 12 1 10 12 1 100 1 10 9 100 12 1 1 1 10 100 12 1 1 10 12 1 1 10 12 1 8 1 100 1 10 10 7 12 1 1 1 10 12 1 8 9 100 12 1 1 1 10 12 1 1 10 12 1 10 12 1 1 10 7 12 1 1 11 7 12 1 1 10 12 1 10 12 1 9 12 1 10 12 1 1 10 7 12 1 1 10 100 12 1 1 1 8 10 100 12 1 1 7 1 10 8 8 10 12 1 8 8 8 100 1 10 12 1 9 12 1 1 10 12 1 10 12 1 1 10 12 1 10 12 10 12 1 1 10 12 1 1 10 10 10 12 1 10 12 1 10 12 1 10 12 1 10 12 1 10 10 12 1 7 1 8 1 10 10 10 12 1 1 10 12 1 10 12 1 1 8 1 7 1 10 10 7 1 10 12 1 9 7 12 1 1 1 9 12 1 1 7 1 10 10 7 12 1 1 1 7 1 1 1 1 1 5 0 1 1 1 1 1 1 1 1 1 1 1 1 1 1 1 1 1 1 1 1 1 1 1 1 1 1 1 1 1 1 1 1 1 1 1 1 1 1 1 1 1 1 1 1 1 1 1 1 7 1 1 1 1 1 1 1 1 1 1 1 1 1 1 1 1 1 1 1 1 1 1 1 1 1 1 1 1 1 1 1 1 1 1 1 1 1 100 1 1 1 1 1 1 1 1 1 1 1 1 1 1 1 1 1 7 1 1 1 1 1 1 1 1 1 1 1 1 1 1 1 1 1 1 1
staticfield java/net/URL defaultFactory Ljava/net/URLStreamHandlerFactory; java/net/URL$DefaultFactory
staticfield java/net/URL streamHandlerLock Ljava/lang/Object; java/lang/Object
staticfield java/net/URL serialPersistentFields [Ljava/io/ObjectStreamField; 7 [Ljava/io/ObjectStreamField;
ciMethod java/lang/System arraycopy (Ljava/lang/Object;ILjava/lang/Object;II)V 256 0 128 0 -1
ciInstanceKlass java/lang/Module 1 1 1070 10 7 12 1 1 1 9 7 12 1 1 1 10 7 12 1 1 1 9 12 1 9 12 1 1 9 12 1 1 10 12 1 1 10 12 1 10 12 1 1 10 7 12 1 1 1 7 1 10 7 12 1 1 1 10 12 1 1 11 7 12 1 1 1 10 12 1 1 10 7 12 1 1 1 10 12 1 1 10 7 12 1 1 1 9 100 12 1 1 1 10 7 12 1 1 1 10 12 1 8 1 10 7 12 1 1 1 10 7 12 1 1 1 10 7 12 1 1 1 10 12 1 10 12 1 9 12 1 1 10 100 12 1 1 100 1 7 1 10 8 1 10 12 1 1 10 12 1 10 12 10 12 1 10 7 12 1 1 8 1 8 1 10 8 1 8 1 9 12 1 1 8 1 10 100 12 1 1 1 10 12 1 9 12 1 1 11 12 1 9 7 12 1 1 10 7 12 1 1 1 10 100 12 1 1 1 10 12 1 1 8 1 10 12 1 1 10 12 1 10 12 1 1 9 7 12 1 1 1 10 12 1 1 10 12 1 1 9 12 1 10 12 1 10 12 1 9 12 1 1 11 7 12 1 1 10 12 1 1 9 12 1 9 12 1 10 12 1 10 12 1 100 1 8 1 10 10 12 1 1 10 12 1 8 1 10 12 1 1 8 1 8 1 10 12 1 1 10 12 1 10 12 1 1 18 12 1 1 10 12 1 1 11 12 1 9 12 1 11 12 10 100 12 1 1 100 1 8 1 10 11 12 1 1 10 7 12 1 1 1 10 12 1 10 12 1 1 11 12 1 1 11 7 12 1 1 11 12 1 1 9 12 1 11 12 1 10 12 1 1 10 12 1 1 9 12 1 10 12 10 7 12 1 1 10 7 1 18 12 1 1 11 100 12 1 1 1 18 12 1 11 12 1 1 10 100 12 1 1 1 11 12 1 1 10 7 12 1 1 7 1 11 12 1 7 1 7 1 10 12 1 10 7 12 1 1 1 10 11 7 12 1 8 1 10 10 12 1 1 10 7 12 1 1 10 12 1 10 12 1 7 1 10 12 1 10 11 12 1 1 10 12 10 12 1 1 9 12 1 1 100 1 10 10 12 1 1 11 7 1 10 12 1 1 11 12 1 10 10 12 1 11 10 12 1 1 10 12 1 1 10 12 1 1 10 7 12 1 1 10 12 1 10 12 1 1 10 10 12 1 1 10 12 1 18 12 1 11 12 1 18 12 1 10 12 1 10 12 1 10 12 7 1 10 12 1 10 12 1 10 12 1 9 12 1 7 1 10 10 10 10 12 1 10 12 1 10 12 1 10 12 1 1 10 12 1 1 10 12 1 9 12 1 18 12 1 1 10 7 12 1 1 1 100 1 8 1 10 12 1 1 10 12 1 1 10 7 12 1 1 7 1 10 12 1 1 7 1 8 1 10 12 1 1 100 1 11 12 1 1 10 100 12 1 1 1 18 12 1 1 11 100 12 1 1 1 100 1 10 12 1 10 12 1 1 7 1 7 1 10 12 8 1 10 12 1 1 10 12 1 1 10 100 12 1 1 10 12 1 1 10 12 1 10 12 10 12 1 1 7 1 10 10 12 1 1 10 7 12 1 1 1 100 1 10 12 1 1 10 7 12 1 1 8 1 18 12 1 1 100 1 100 1 9 12 1 1 9 12 1 9 12 1 11 100 12 1 1 1 100 1 11 12 1 1 100 1 10 12 1 8 1 10 12 1 10 12 10 12 1 8 1 10 10 100 12 1 1 7 1 10 10 12 1 10 7 12 1 1 9 12 1 9 12 1 9 12 1 9 12 1 10 12 11 12 1 10 12 1 7 1 1 1 1 1 1 1 1 1 1 1 1 1 1 1 1 1 1 1 100 1 1 1 1 1 1 1 1 1 1 1 1 1 1 1 1 1 1 1 1 1 1 1 1 1 1 1 1 1 1 1 1 1 1 1 1 1 1 1 1 1 1 1 1 1 1 1 1 1 1 1 1 1 1 1 1 1 1 1 1 1 1 1 1 1 1 1 1 1 1 1 1 1 1 1 1 1 1 1 1 1 1 1 1 1 1 1 1 1 1 1 1 1 1 1 100 100 1 1 1 1 1 1 1 1 1 1 1 1 1 1 1 1 1 1 1 1 1 1 1 1 1 1 1 100 1 100 1 1 1 1 1 1 1 1 1 1 1 1 1 1 1 1 1 1 1 1 100 1 1 1 1 1 1 1 1 1 1 1 1 1 1 1 1 1 1 1 1 1 1 1 16 15 10 12 16 16 15 10 12 16 16 15 10 16 1 15 10 12 16 1 15 10 12 16 1 16 15 10 12 16 16 1 15 10 12 16 15 10 7 12 1 1 1 15 10 100 12 1 1 1 1 1 1 1 1 1 1 1 100 1 100 1 1 100 1 100 1 1
staticfield java/lang/Module ALL_UNNAMED_MODULE Ljava/lang/Module; java/lang/Module
staticfield java/lang/Module ALL_UNNAMED_MODULE_SET Ljava/util/Set; java/util/ImmutableCollections$Set12
staticfield java/lang/Module EVERYONE_MODULE Ljava/lang/Module; java/lang/Module
staticfield java/lang/Module EVERYONE_SET Ljava/util/Set; java/util/ImmutableCollections$Set12
staticfield java/lang/Module $assertionsDisabled Z 1
ciInstanceKlass java/lang/Math 1 1 460 7 1 10 7 12 1 1 1 10 7 12 1 1 1 10 12 1 10 12 1 10 12 1 10 12 1 10 12 1 6 0 6 0 10 12 1 10 12 1 10 12 1 10 12 1 10 12 1 10 12 1 1 10 12 1 10 12 1 10 12 1 10 12 1 10 12 1 10 7 12 1 1 1 100 1 3 3 3 10 7 12 1 1 1 100 1 5 0 5 0 5 0 5 0 5 0 9 100 12 1 1 1 10 100 12 1 1 1 100 1 8 1 10 12 1 8 1 10 12 1 1 10 12 1 1 7 1 5 0 5 0 7 1 3 5 0 3 5 0 10 12 1 10 12 1 10 12 1 10 12 1 10 12 1 8 1 10 12 1 8 1 10 12 1 1 10 12 1 1 9 12 1 1 9 12 1 100 1 7 1 10 10 12 1 1 8 1 10 12 1 10 12 1 1 10 10 12 1 10 12 1 10 12 1 10 12 1 1 8 1 8 1 10 12 1 1 10 12 1 10 12 10 12 10 12 1 10 12 1 10 12 1 10 12 1 10 12 6 0 10 12 1 9 12 1 1 100 1 10 10 12 1 100 1 10 12 1 10 12 1 1 10 12 1 10 12 1 10 12 10 12 1 1 10 12 1 1 10 12 1 1 10 12 6 0 10 12 1 1 10 12 10 12 1 4 10 12 1 10 12 1 10 12 10 12 1 10 12 1 10 12 1 10 12 1 10 12 1 10 12 1 5 0 6 0 4 6 0 4 6 0 4 10 12 1 9 12 1 1 10 12 9 12 1 10 7 12 1 1 1 4 6 0 1 1 6 0 1 6 0 1 6 0 1 1 1 1 1 1 1 1 1 1 1 1 1 1 1 1 1 1 1 1 1 1 1 1 1 1 1 1 1 1 1 1 1 1 1 1 1 1 1 1 1 1 1 1 1 1 1 1 1 1 1 1 1 1 1 1 1 1 1 1 1 1 1 1 1 1 1 1 1 1 1 1 1 1 1 1 1 1 1 1 1 1 1 1 1 1 1 1 1 1 1 1 1 1 1 1
staticfield java/lang/Math negativeZeroFloatBits J -2147483648
staticfield java/lang/Math negativeZeroDoubleBits J -9223372036854775808
staticfield java/lang/Math $assertionsDisabled Z 1
ciInstanceKlass java/lang/Character 1 1 604 7 1 7 1 100 1 9 12 1 1 8 1 9 12 1 1 7 1 9 12 1 1 10 7 12 1 1 1 10 100 12 1 1 1 10 100 12 1 1 1 10 7 12 1 1 1 9 7 12 1 1 1 10 12 1 10 12 1 1 10 12 1 1 10 7 12 1 1 10 12 1 1 3 3 3 3 3 10 12 1 1 10 12 1 3 11 7 12 1 1 1 11 12 1 1 10 12 1 1 10 12 1 1 100 1 10 10 12 1 3 10 12 1 1 10 12 1 10 12 1 1 100 1 8 1 10 12 1 1 10 12 1 10 12 1 10 12 1 10 100 12 1 1 1 10 12 1 10 12 1 10 12 1 1 10 12 1 10 7 12 1 1 10 10 12 1 10 10 12 1 10 12 1 1 10 12 1 10 10 12 1 10 12 1 10 12 1 10 12 1 10 12 1 10 12 1 10 12 1 10 12 10 10 12 10 10 12 1 10 10 12 1 10 10 12 1 10 10 12 1 10 12 1 10 12 1 10 12 1 10 12 1 10 12 1 10 12 1 10 10 12 1 10 10 12 1 10 10 12 1 1 10 10 12 1 10 5 0 10 12 1 10 12 1 10 10 12 1 10 10 12 1 1 10 10 12 1 10 10 12 1 9 12 1 1 100 1 10 10 12 1 10 12 1 1 3 10 100 12 1 1 1 10 12 1 10 100 12 1 1 7 1 10 10 12 1 1 10 12 1 1 10 12 1 1 8 1 10 12 1 9 100 12 1 1 1 10 12 1 10 10 12 1 10 12 1 1 10 12 1 10 10 12 1 1 10 10 12 1 1 7 1 8 1 10 12 1 1 10 7 12 1 1 1 8 1 10 12 1 1 9 12 1 1 7 1 7 1 7 1 1 1 1 3 1 3 1 3 1 3 1 1 1 1 1 3 1 1 3 1 3 1 3 1 3 1 3 1 3 1 3 1 3 1 3 1 3 1 3 1 3 1 3 1 3 1 3 1 3 1 3 1 3 1 3 1 3 1 3 1 3 1 3 1 3 1 3 1 3 1 3 1 3 1 1 1 1 1 1 1 1 1 1 1 1 1 1 1 1 1 1 1 3 1 1 1 1 1 1 1 3 1 1 3 1 1 1 1 1 3 1 1 5 0 1 1 1 1 1 1 1 1 1 1 1 1 1 1 1 1 1 1 1 1 1 1 1 1 1 1 1 1 1 1 1 1 1 1 1 1 1 1 1 1 1 1 1 1 1 1 1 1 1 1 1 1 1 1 1 1 1 1 1 1 1 1 1 1 1 1 1 1 1 1 1 1 1 1 1 1 1 1 1 1 1 1 1 1 1 1 1 1 1 1 100 1 100 1 1 1 1 1 1
staticfield java/lang/Character TYPE Ljava/lang/Class; java/lang/Class
staticfield java/lang/Character $assertionsDisabled Z 1
ciInstanceKlass java/lang/OutOfMemoryError 1 1 26 10 100 12 1 1 1 10 12 1 100 1 1 1 1 5 0 1 1 1 1 1 1 1 1 1
ciInstanceKlass java/lang/Integer 1 1 453 7 1 7 1 7 1 7 1 10 12 1 1 9 12 1 1 9 12 1 1 10 100 12 1 1 1 10 12 1 1 10 100 12 1 1 1 10 10 12 1 1 10 7 12 1 1 1 10 12 1 10 12 1 1 10 7 12 1 1 1 10 12 1 1 10 12 1 1 10 12 1 10 12 1 10 12 1 1 10 10 12 1 9 12 1 1 9 12 1 7 1 8 1 10 12 1 7 1 10 12 1 8 1 10 12 1 1 10 12 1 8 1 10 12 1 8 1 10 12 1 1 3 10 12 1 1 3 10 12 1 1 10 12 1 1 10 7 12 1 1 1 11 7 1 10 12 1 1 11 10 12 1 1 8 1 10 12 1 1 8 1 7 1 10 12 1 1 10 12 1 1 5 0 8 1 10 12 1 10 12 1 10 12 1 10 12 1 1 7 1 9 12 1 1 9 12 1 1 10 12 1 10 7 1 9 12 1 10 12 1 10 12 1 10 12 1 1 10 7 12 1 1 1 100 1 100 1 10 12 1 1 10 12 1 1 8 1 8 1 10 12 1 1 8 1 8 1 8 1 8 1 8 1 8 1 10 12 1 10 12 1 5 0 3 3 3 3 10 12 1 10 12 1 3 10 12 1 10 100 12 1 1 1 10 12 1 1 10 12 1 1 8 1 10 7 12 1 1 1 9 12 1 1 7 1 7 1 7 1 1 1 1 3 1 1 1 3 1 3 1 1 5 0 1 1 1 1 1 1 1 1 1 100 1 1 1 1 1 1 1 1 1 1 1 1 1 1 1 1 1 1 1 1 1 1 1 1 1 1 1 1 1 1 1 1 1 1 1 1 1 1 1 1 3 1 1 1 1 1 1 1 1 1 1 1 1 1 1 1 1 7 1 1 1 1 1 1 1 1 1 1 1 1 1 1 1 1 1 1 1 1 1 1 1 1 1 1 1 1 1 1 1 1 1 1 1 1 1 1 1 1 1 1 1 1 1 1 7 1 1 1 1 1 1 1 1 1 100 1 100 1 1
staticfield java/lang/Integer TYPE Ljava/lang/Class; java/lang/Class
staticfield java/lang/Integer digits [C 36
staticfield java/lang/Integer DigitTens [B 100
staticfield java/lang/Integer DigitOnes [B 100
instanceKlass java/math/BigDecimal
instanceKlass java/math/BigInteger
instanceKlass java/util/concurrent/atomic/Striped64
instanceKlass java/util/concurrent/atomic/AtomicLong
instanceKlass java/util/concurrent/atomic/AtomicInteger
instanceKlass java/lang/Long
instanceKlass java/lang/Integer
instanceKlass java/lang/Short
instanceKlass java/lang/Byte
instanceKlass java/lang/Double
instanceKlass java/lang/Float
ciInstanceKlass java/lang/Number 1 1 37 10 7 12 1 1 1 10 100 12 1 1 1 100 1 1 1 1 5 0 1 1 1 1 1 1 1 1 1 1 1 1 1 1 1 1 1
ciInstanceKlass java/lang/Thread$FieldHolder 1 1 48 10 7 12 1 1 1 9 7 12 1 1 1 9 12 1 1 9 12 1 1 9 12 1 1 9 12 1 1 1 1 1 1 1 1 1 1 100 1 100 1 1 1 1 100 1 1 1
ciInstanceKlass java/lang/Thread$Constants 0 0 59 7 1 10 7 12 1 1 1 100 1 10 10 7 12 1 1 1 7 1 8 1 10 12 1 9 7 12 1 1 1 7 1 7 1 10 12 1 10 12 1 9 12 1 1 1 1 1 1 1 1 1 1 1 1 1 1 1 1
ciInstanceKlass java/lang/ThreadGroup 1 1 411 10 7 12 1 1 1 9 7 12 1 1 1 8 1 9 12 1 1 7 1 9 12 1 1 9 12 1 1 10 7 12 1 1 1 10 12 1 1 10 12 1 10 12 1 10 12 1 10 12 1 1 10 12 1 1 10 12 1 10 12 1 1 10 12 1 10 12 1 10 100 12 1 1 1 10 12 1 1 18 12 1 1 11 7 12 1 1 1 10 7 12 1 1 1 10 7 12 1 10 12 1 1 10 12 1 1 10 12 1 1 10 100 12 1 1 1 10 12 1 11 12 1 1 11 7 12 1 1 11 12 1 1 10 12 1 1 10 12 1 10 12 1 11 12 1 11 12 1 1 100 1 10 10 12 1 100 1 10 18 12 1 1 11 7 12 1 1 1 11 12 1 1 9 12 1 1 10 12 1 1 8 1 10 7 12 1 1 1 10 100 12 1 1 1 10 12 1 1 11 12 10 12 1 1 10 12 1 1 11 7 1 9 12 1 7 1 10 8 1 10 12 1 1 10 12 1 1 8 1 10 12 1 10 7 12 1 1 1 10 12 1 1 10 7 1 8 1 10 8 1 10 12 1 10 12 1 8 1 9 12 1 1 9 12 1 10 100 12 1 1 1 100 9 12 1 1 7 1 9 12 1 10 12 10 12 1 1 100 10 12 9 12 1 10 12 1 100 1 10 11 12 1 1 7 1 10 10 12 1 10 12 1 1 1 1 1 1 1 1 1 1 1 1 1 1 1 1 1 1 3 1 1 1 1 1 1 1 1 1 1 1 1 100 1 1 1 1 1 1 1 1 1 1 1 1 1 1 1 1 1 1 1 1 1 1 1 1 1 1 1 1 1 1 1 1 1 1 1 1 1 1 1 1 1 1 1 16 15 10 12 16 16 15 10 12 16 15 10 100 12 1 1 1 1 1 100 1 100 1 1
staticfield java/lang/ThreadGroup $assertionsDisabled Z 1
ciInstanceKlass java/lang/Thread$UncaughtExceptionHandler 1 0 16 100 1 100 1 1 1 1 1 1 1 1 100 1 1 1
ciInstanceKlass java/security/AccessControlContext 1 1 374 9 7 12 1 1 1 9 12 1 1 10 100 12 1 1 1 8 1 10 100 12 1 1 1 10 7 12 1 1 1 9 12 1 9 12 1 1 9 12 1 1 10 7 12 1 1 7 1 10 12 1 11 7 12 1 1 1 11 12 1 11 12 1 11 12 1 1 7 1 11 12 1 1 10 12 1 10 7 12 1 1 1 9 100 12 1 1 1 10 7 12 1 1 1 11 100 12 1 1 1 10 7 1 100 1 8 1 10 12 1 10 12 1 1 7 1 10 7 12 1 1 1 9 12 1 9 12 1 9 12 1 9 12 1 1 9 12 1 1 9 12 1 9 12 1 10 7 12 1 1 1 9 12 1 10 12 1 1 10 12 1 1 8 1 10 12 1 1 10 12 1 1 10 7 12 1 1 1 7 1 10 10 12 1 1 10 7 12 1 1 1 10 8 1 10 7 12 1 1 8 1 10 7 12 1 1 8 1 8 1 10 12 1 8 1 10 12 1 8 1 10 12 1 10 12 1 10 12 1 1 8 1 8 1 100 1 10 12 1 10 12 1 1 100 1 10 12 1 8 1 10 12 1 10 12 1 10 8 1 10 12 1 1 10 12 1 1 10 12 1 1 10 12 1 1 10 12 1 10 12 1 11 10 12 1 10 12 1 1 10 10 10 12 1 1 1 1 1 1 1 1 1 1 1 1 1 1 1 1 1 1 1 1 1 1 1 1 100 1 1 1 1 1 1 1 1 1 1 1 1 1 1 1 1 1 1 1 1 1 1 1 1 1 1 1 1 1 1 1 1 1 1 1 1 1 1 1 1 1 1 1 1 1 1 1 1 1 1 1 1 3 1 1
instanceKlass java/lang/ThreadBuilders$BoundVirtualThread
instanceKlass java/lang/VirtualThread
ciInstanceKlass java/lang/BaseVirtualThread 0 0 36 10 100 12 1 1 1 100 1 1 1 1 1 1 1 1 1 1 1 1 1 1 1 1 1 1 1 1 100 1 100 1 1 100 1 1
ciInstanceKlass java/lang/VirtualThread 0 0 907 9 7 12 1 1 1 10 7 12 1 1 1 10 100 12 1 1 1 10 7 12 1 1 1 9 12 1 1 9 12 1 1 100 1 10 12 1 9 12 1 1 18 12 1 1 9 12 1 1 10 12 1 1 100 1 10 12 1 10 12 1 1 10 12 1 1 10 12 1 1 10 12 1 10 7 12 1 10 12 1 10 12 1 10 12 1 10 12 1 11 100 12 1 1 1 100 1 10 12 1 1 10 100 12 1 1 1 10 100 12 1 1 1 10 12 1 100 1 10 10 12 1 10 12 1 1 9 12 1 1 10 12 1 1 9 12 1 1 10 12 1 9 12 1 1 9 12 1 100 1 10 10 12 1 10 100 12 1 1 10 9 10 10 12 1 1 10 12 1 1 10 100 12 1 1 10 100 1 10 9 10 10 12 1 7 1 10 12 1 1 10 12 1 10 12 1 10 12 1 1 9 12 1 10 12 1 10 12 1 9 12 1 1 10 12 1 10 12 1 9 12 1 1 10 12 1 10 12 1 10 12 1 11 100 12 1 1 10 12 1 1 10 12 1 1 10 12 1 1 9 12 1 10 100 1 10 12 1 1 10 12 1 1 10 12 1 10 12 1 10 12 1 10 12 9 12 1 1 10 100 12 1 1 10 12 1 10 12 1 1 10 100 12 1 1 10 12 1 100 1 8 1 10 12 1 10 12 1 1 10 12 1 10 12 1 10 100 12 1 1 10 12 1 10 12 1 1 10 12 1 10 12 1 1 10 7 12 1 1 10 12 1 1 10 12 1 1 100 1 10 10 12 1 7 1 9 12 1 1 10 7 12 1 1 10 9 12 1 1 18 9 100 12 1 1 1 11 100 12 1 1 1 11 100 1 11 12 10 12 1 10 12 1 1 10 12 1 100 1 10 10 12 1 10 12 1 1 10 12 1 1 10 12 1 10 12 1 10 12 1 9 12 1 1 11 100 12 1 1 10 12 9 100 12 1 1 1 9 12 1 10 12 1 1 9 12 1 9 12 1 9 12 1 7 1 10 10 12 1 1 10 12 1 10 12 7 1 7 1 10 8 1 10 12 1 1 10 12 1 10 12 1 10 10 12 1 8 1 10 10 12 1 10 12 1 10 7 12 1 1 8 1 8 1 10 9 100 12 1 1 1 10 12 1 1 10 12 1 10 10 10 12 9 12 1 10 12 1 1 9 12 1 10 12 1 1 9 12 1 10 12 1 1 18 12 1 1 18 12 1 10 7 12 1 1 1 8 1 10 100 12 1 1 1 10 7 12 1 1 1 18 12 1 10 100 12 1 1 1 100 1 10 12 1 8 1 10 12 1 8 1 10 12 1 1 8 1 8 1 10 100 12 1 1 8 1 10 12 1 8 1 8 1 10 100 12 1 1 1 10 12 1 10 12 1 1 10 12 1 18 12 1 1 18 12 1 1 5 0 9 12 1 10 12 1 18 12 1 100 1 10 12 10 7 12 1 1 10 12 1 1 7 1 8 1 10 10 12 1 10 12 1 1 10 12 1 9 12 1 8 10 12 1 1 8 8 9 12 1 8 10 12 1 1 3 1 3 1 3 1 3 1 3 1 3 1 3 1 3 1 3 1 3 1 3 1 3 3 1 3 1 1 1 1 1 1 1 1 1 1 1 1 1 1 7 1 1 1 1 1 1 1 1 1 1 1 1 1 1 7 1 1 1 1 1 1 1 1 1 1 1 7 1 1 1 1 1 1 1 1 1 1 1 1 1 1 1 1 1 1 1 1 1 1 1 1 1 1 1 1 1 1 1 1 1 1 1 1 1 1 1 100 1 1 1 1 1 1 1 1 1 1 1 1 1 1 1 1 1 1 1 1 1 1 1 1 1 1 1 1 1 1 1 1 1 1 1 100 1 1 1 1 1 1 1 1 1 1 1 1 1 1 100 1 1 16 15 10 12 15 16 15 10 12 16 15 10 12 16 16 15 10 12 16 15 10 12 16 15 10 12 16 15 10 12 16 1 15 10 100 12 1 1 1 1 1 1 1 7 1 1 100 1 100 1 1
ciInstanceKlass java/lang/ThreadBuilders$BoundVirtualThread 0 0 132 10 7 12 1 1 1 9 7 12 1 1 1 10 7 12 1 1 1 9 12 1 1 10 12 1 1 10 12 1 1 9 12 1 1 10 7 12 1 1 1 10 12 1 1 7 1 8 1 10 12 1 10 12 1 1 10 12 1 1 10 12 1 1 10 7 12 1 1 1 8 1 10 12 1 8 1 10 12 1 1 10 100 12 1 1 9 100 12 1 1 1 10 12 1 1 10 10 12 1 1 1 1 1 1 1 1 1 1 1 1 1 1 1 1 1 1 1 1 1 1 1 1 1 1 1 1 100 1 1 1 1
ciInstanceKlass jdk/internal/vm/ContinuationScope 0 0 50 10 100 12 1 1 1 10 100 12 1 1 1 100 1 9 100 12 1 1 1 10 12 1 1 10 100 12 1 1 1 10 12 1 1 10 12 1 1 1 1 1 1 1 1 1 1 1 1 1
ciInstanceKlass jdk/internal/vm/StackChunk 0 0 32 10 100 12 1 1 1 9 100 12 1 1 1 9 12 1 1 9 12 1 1 1 1 1 1 1 1 1 1 1 1 1
ciInstanceKlass java/lang/Float 1 1 279 7 1 7 1 10 100 12 1 1 1 10 100 12 1 1 1 4 7 1 10 12 1 1 10 12 1 1 8 1 8 1 10 7 12 1 1 1 10 12 1 1 10 12 1 1 10 100 1 4 10 7 12 1 1 9 12 1 1 10 12 1 1 10 12 1 10 10 12 1 1 10 12 1 10 12 1 3 3 100 1 4 4 4 3 10 12 1 1 9 12 1 1 100 1 10 3 3 4 4 10 12 1 3 3 3 10 12 1 1 10 12 1 1 10 12 1 10 100 12 1 1 1 10 12 1 1 10 12 1 1 10 7 12 1 1 1 8 1 10 12 1 1 9 12 1 1 7 1 7 1 7 1 1 1 1 4 1 4 1 1 1 4 1 1 3 1 3 1 3 1 3 1 3 1 1 1 1 5 0 1 1 1 1 1 1 1 1 1 1 100 1 1 1 1 1 1 1 1 1 1 1 1 1 3 1 1 1 1 1 1 1 1 1 1 1 1 1 1 1 1 1 1 1 1 1 1 1 1 1 1 1 1 1 1 1 1 1 1 1 1 1 1 1 1 1 1 1 1 1 1 1 1 1 1 1 1 1 1 1 1 1 1 1 1 1 7 1 1 1 1 1 1 1 100 1 100 1 1
staticfield java/lang/Float TYPE Ljava/lang/Class; java/lang/Class
staticfield java/lang/Float $assertionsDisabled Z 1
ciInstanceKlass java/lang/Double 1 1 290 7 1 7 1 10 7 12 1 1 1 10 12 1 1 10 7 1 10 12 1 1 10 7 12 1 1 1 6 0 8 1 10 12 1 1 8 1 10 12 1 1 8 1 6 0 10 12 1 1 100 1 5 0 5 0 8 1 8 1 10 7 12 1 1 1 10 7 12 1 1 1 8 1 10 12 1 1 8 1 8 1 8 1 10 12 1 1 10 12 1 10 12 1 1 10 12 1 10 12 1 10 12 1 1 10 12 1 10 7 1 6 0 10 7 12 1 1 9 12 1 1 10 12 1 10 12 1 10 12 1 10 12 1 10 12 1 5 0 10 12 1 1 10 12 1 10 12 1 10 100 12 1 1 1 10 12 1 1 10 12 1 1 8 1 10 7 12 1 1 1 9 12 1 1 7 1 7 1 7 1 1 1 6 0 1 6 0 1 6 0 1 1 1 6 0 1 1 3 1 3 1 3 1 3 1 3 1 1 1 1 5 0 1 1 1 1 1 1 1 1 1 1 1 1 1 1 1 1 100 1 1 1 1 1 1 1 1 1 1 1 1 3 1 1 1 1 1 1 1 1 1 1 1 1 1 1 1 1 1 1 1 1 1 1 1 1 1 1 1 1 1 1 1 1 1 1 7 1 1 1 1 1 1 1 100 1 100 1 1
staticfield java/lang/Double TYPE Ljava/lang/Class; java/lang/Class
ciInstanceKlass java/lang/Byte 1 1 213 7 1 100 1 10 7 12 1 1 1 9 12 1 1 8 1 9 12 1 1 7 1 10 12 1 1 10 12 1 1 10 100 12 1 1 1 10 100 12 1 1 1 9 100 12 1 1 1 10 12 1 1 100 1 7 1 10 12 1 1 8 1 10 12 1 1 8 1 10 12 1 10 12 1 10 12 1 10 12 1 1 10 12 1 10 12 1 10 12 1 1 10 8 1 8 1 10 7 1 9 12 1 1 10 12 1 1 10 12 1 1 10 12 1 1 10 12 1 5 0 10 12 1 1 8 1 10 7 12 1 1 1 9 12 1 1 7 1 7 1 1 1 3 1 3 1 1 1 1 3 1 3 1 1 5 0 1 1 1 1 1 1 1 1 1 1 1 1 1 1 1 1 1 1 1 1 1 1 1 1 1 1 1 1 1 1 1 1 1 1 1 1 1 1 1 1 1 1 1 1 1 1 1 1 1 1 1 1 1 1 1 1
staticfield java/lang/Byte TYPE Ljava/lang/Class; java/lang/Class
ciInstanceKlass java/lang/Short 1 1 222 7 1 7 1 100 1 10 7 12 1 1 1 10 12 1 1 7 1 7 1 10 12 1 1 8 1 10 12 1 1 8 1 10 12 1 10 12 1 10 12 1 10 12 1 1 10 12 1 1 10 12 1 9 12 1 1 8 1 9 12 1 1 7 1 10 12 1 1 10 12 1 10 100 12 1 1 1 10 100 12 1 1 1 9 7 12 1 1 1 10 12 1 10 12 1 1 10 8 1 8 1 10 7 1 9 12 1 1 10 12 1 1 10 12 1 1 10 12 1 1 10 12 1 3 3 5 0 10 12 1 1 8 1 10 7 12 1 1 1 9 12 1 1 7 1 7 1 1 1 3 1 3 1 1 1 1 3 1 3 1 1 5 0 1 1 1 1 1 1 1 1 1 1 1 1 1 1 1 1 1 1 1 1 1 1 1 1 1 1 1 3 1 1 1 1 1 1 1 1 1 1 1 1 1 1 1 1 1 1 1 1 1 1 1 1 1 1 1 1 1 1
staticfield java/lang/Short TYPE Ljava/lang/Class; java/lang/Class
ciInstanceKlass java/lang/Long 1 1 524 7 1 7 1 7 1 7 1 10 12 1 1 9 12 1 1 9 7 12 1 1 1 10 100 12 1 1 1 10 12 1 1 10 100 12 1 1 1 10 10 12 10 12 1 10 12 1 10 12 1 5 0 5 0 7 1 10 12 1 1 10 12 1 1 10 12 1 10 12 1 10 12 1 10 12 1 1 10 100 12 1 1 10 12 1 10 12 1 1 10 12 1 1 10 12 1 1 10 12 1 1 10 100 12 1 1 1 10 12 1 1 10 12 1 10 12 1 10 12 1 10 12 1 1 10 10 12 1 5 0 5 0 9 12 1 1 9 12 1 5 0 100 1 8 1 10 12 1 8 1 10 12 1 8 1 8 1 10 12 1 1 5 0 10 12 1 1 5 0 10 12 1 1 10 12 1 1 10 100 12 1 1 1 11 7 1 10 12 1 1 11 10 12 1 1 8 1 10 12 1 1 8 1 7 1 10 12 1 1 10 12 1 8 1 8 1 11 12 1 1 10 12 1 10 12 1 10 12 1 5 0 5 0 9 7 12 1 1 1 10 12 1 10 12 1 1 8 1 8 1 10 12 1 1 8 1 8 1 8 1 8 1 8 1 8 1 10 12 1 10 7 1 9 12 1 1 10 12 1 10 12 1 1 10 12 1 1 10 7 12 1 1 1 100 1 100 1 10 12 1 1 10 12 1 1 5 0 10 12 1 10 12 1 5 0 5 0 5 0 10 12 1 1 10 12 1 5 0 5 0 10 12 1 10 12 1 10 100 12 1 1 1 10 12 1 1 10 12 1 1 8 1 10 7 12 1 1 1 9 12 1 1 7 1 7 1 7 1 1 1 1 5 0 1 1 1 1 3 1 3 1 5 0 1 1 1 1 1 1 1 1 1 100 1 1 1 1 1 1 1 1 1 1 1 1 1 1 1 1 1 1 1 1 1 1 1 1 1 1 1 1 1 1 1 1 1 1 1 1 1 1 1 1 1 1 1 1 1 1 1 1 1 1 1 1 1 1 1 3 1 1 1 1 1 1 1 1 1 1 1 1 1 1 1 7 1 1 1 1 1 1 1 1 1 1 1 1 1 1 1 1 1 1 1 1 1 1 1 1 1 1 1 1 1 1 1 1 1 1 1 1 1 1 1 1 1 1 1 7 1 1 1 1 1 1 1 1 1 100 1 100 1 1
staticfield java/lang/Long TYPE Ljava/lang/Class; java/lang/Class
ciInstanceKlass jdk/internal/vm/vector/VectorSupport 0 0 573 100 1 10 100 12 1 1 1 9 12 1 1 10 12 1 1 100 1 10 12 1 11 100 12 1 1 1 11 100 12 1 1 1 11 100 12 1 1 11 100 12 1 1 11 100 12 1 1 1 11 100 12 1 1 11 100 12 1 1 11 100 12 1 1 11 100 12 1 1 11 100 12 1 1 11 100 12 1 1 11 100 12 1 1 1 11 100 12 1 1 11 100 12 1 1 1 11 100 12 1 1 1 11 100 12 1 1 11 100 12 1 1 1 11 100 12 1 1 100 1 10 12 1 1 11 100 12 1 1 11 100 12 1 1 11 100 12 1 1 11 100 12 1 1 11 100 12 1 1 11 100 12 1 1 9 12 1 1 10 100 12 1 1 11 100 12 1 1 10 12 1 1 10 100 12 1 1 1 10 12 1 10 12 1 1 10 12 1 1 1 1 1 3 1 3 1 3 1 3 1 3 1 3 1 3 1 3 1 3 1 3 1 3 1 3 1 3 1 3 1 3 1 3 1 3 1 3 1 3 1 3 1 3 1 3 1 3 1 3 1 3 1 3 1 3 1 3 1 3 1 3 1 3 1 3 1 3 1 3 1 3 1 3 1 3 1 3 1 3 1 3 1 3 1 3 1 3 1 3 1 3 1 3 1 3 1 3 1 3 1 3 1 3 1 3 1 3 1 1 1 1 1 1 1 1 1 1 1 1 1 1 1 1 1 1 1 1 1 1 1 1 1 1 1 1 1 1 1 1 1 1 1 1 1 1 1 1 1 1 1 1 1 1 1 1 1 1 1 1 1 1 1 1 1 1 1 1 1 1 1 1 1 1 1 1 1 1 1 1 1 1 1 1 1 1 1 1 1 1 1 1 1 1 1 1 1 1 1 1 1 1 1 1 1 1 1 1 1 1 1 1 1 1 1 1 1 1 1 1 1 1 1 1 1 1 1 1 1 1 1 1 1 1 1 1 1 1 1 1 1 1 1 1 1 1 1 1 1 1 1 1 1 1 1 1 1 1 1 1 1 1 1 1 1 1 1 1 1 1 1 1 1 1 1 1 1 1 1 1 1 1 1 1 1 1 1 1 1 1 1 1 1 1 1 1 1 1 1 1 1 1 1 1 1 1 1 1 1 1 1 1 1 1 1 1 1 1 1 1 1 1 1 1 1 1 1 1 1 1 1 1 1 1 1 1 1 1 1 1 1 1 1 100 1 100 1 100 1 100 1 100 1 1 1 1 1 1 1 1 1 1 1 1 1 1 1 1 1 1 1 1 1 1 1 1 1 1 1 1 1 1 1
instanceKlass jdk/internal/vm/vector/VectorSupport$VectorShuffle
instanceKlass jdk/internal/vm/vector/VectorSupport$VectorMask
instanceKlass jdk/internal/vm/vector/VectorSupport$Vector
ciInstanceKlass jdk/internal/vm/vector/VectorSupport$VectorPayload 0 0 32 10 100 12 1 1 1 9 100 12 1 1 1 10 100 12 1 1 1 1 1 1 1 1 1 1 1 1 1 1 1 1
ciInstanceKlass jdk/internal/vm/vector/VectorSupport$Vector 0 0 28 10 100 12 1 1 1 100 1 1 1 1 1 1 1 1 1 1 1 1 1 1 1 100 1 1 1 1
ciInstanceKlass jdk/internal/vm/vector/VectorSupport$VectorMask 0 0 28 10 100 12 1 1 1 100 1 1 1 1 1 1 1 1 1 1 1 1 1 1 1 100 1 1 1 1
ciInstanceKlass jdk/internal/vm/vector/VectorSupport$VectorShuffle 0 0 28 10 100 12 1 1 1 100 1 1 1 1 1 1 1 1 1 1 1 1 1 1 1 100 1 1 1 1
ciInstanceKlass jdk/internal/vm/FillerObject 0 0 16 10 100 12 1 1 1 100 1 1 1 1 1 1 1 1
instanceKlass java/lang/ref/PhantomReference
instanceKlass java/lang/ref/FinalReference
instanceKlass java/lang/ref/WeakReference
instanceKlass java/lang/ref/SoftReference
ciInstanceKlass java/lang/ref/Reference 1 1 190 9 7 12 1 1 1 9 7 12 1 1 10 12 1 1 10 12 1 1 9 12 1 1 10 12 1 1 9 12 1 1 9 12 1 1 7 1 10 12 1 10 7 12 1 1 10 12 1 10 12 1 1 10 12 1 7 1 8 1 10 12 1 1 7 1 10 12 1 1 10 12 1 1 10 12 1 9 12 1 10 12 1 1 10 12 1 10 12 1 9 12 1 7 1 100 1 10 12 9 12 1 9 12 1 100 1 10 10 12 1 10 10 7 12 1 1 7 1 10 10 7 12 1 1 1 1 1 1 1 1 1 1 1 1 1 1 1 1 1 1 1 7 1 1 1 100 1 1 1 1 1 1 1 1 1 1 1 1 1 1 1 1 1 1 1 1 1 1 1 1 1 1 1 1 1 1 1 1 1 1 1 7 1 7 1 7 1 1 1
staticfield java/lang/ref/Reference processPendingLock Ljava/lang/Object; java/lang/Object
staticfield java/lang/ref/Reference $assertionsDisabled Z 1
ciMethod java/lang/ref/Reference get ()Ljava/lang/Object; 0 0 1 0 -1
ciMethod java/lang/ref/Reference clear ()V 514 0 13787 0 0
ciMethod java/lang/ref/Reference <init> (Ljava/lang/Object;Ljava/lang/ref/ReferenceQueue;)V 512 0 25480 0 544
ciMethod java/lang/ref/Reference clear0 ()V 256 0 128 0 -1
instanceKlass com/google/common/cache/LocalCache$SoftValueReference
instanceKlass java/io/ClassCache$CacheRef
instanceKlass com/sun/beans/util/Cache$Kind$Soft
instanceKlass org/codehaus/groovy/util/ReferenceType$SoftRef
instanceKlass sun/util/locale/provider/LocaleResources$ResourceReference
instanceKlass sun/util/resources/Bundles$BundleReference
instanceKlass sun/util/locale/LocaleObjectCache$CacheEntry
instanceKlass java/lang/invoke/LambdaFormEditor$Transform
ciInstanceKlass java/lang/ref/SoftReference 1 1 47 10 7 12 1 1 1 9 7 12 1 1 1 9 12 1 10 12 1 10 12 1 1 1 1 1 1 1 1 1 1 1 1 1 1 1 1 1 1 1 1 100 1 1 1 1 1
instanceKlass com/google/common/cache/LocalCache$WeakEntry
instanceKlass com/google/common/collect/MapMakerInternalMap$WeakValueReferenceImpl
instanceKlass java/beans/WeakIdentityMap$Entry
instanceKlass org/codehaus/groovy/util/ReferenceType$WeakRef
instanceKlass com/google/common/collect/MapMakerInternalMap$AbstractWeakKeyEntry
instanceKlass java/util/logging/LogManager$LoggerWeakRef
instanceKlass java/util/logging/Level$KnownLevel
instanceKlass sun/nio/ch/FileLockTable$FileLockReference
instanceKlass java/lang/ClassValue$Entry
instanceKlass java/lang/ThreadLocal$ThreadLocalMap$Entry
instanceKlass java/lang/WeakPairMap$WeakRefPeer
instanceKlass jdk/internal/util/WeakReferenceKey
instanceKlass java/util/WeakHashMap$Entry
ciInstanceKlass java/lang/ref/WeakReference 1 1 31 10 7 12 1 1 1 10 12 1 100 1 1 1 1 1 1 1 1 1 1 1 1 1 1 1 1 1 1 1 1
ciMethod java/lang/ref/WeakReference <init> (Ljava/lang/Object;Ljava/lang/ref/ReferenceQueue;)V 512 0 15957 0 536
instanceKlass java/lang/ref/Finalizer
ciInstanceKlass java/lang/ref/FinalReference 1 1 50 10 7 12 1 1 1 10 7 12 1 1 1 10 12 1 1 7 1 8 1 10 12 1 1 1 1 1 1 1 1 1 1 1 1 1 1 1 1 1 1 1 1 1 1 1 1 1 7 1
instanceKlass jdk/internal/ref/PhantomCleanable
instanceKlass jdk/internal/ref/Cleaner
ciInstanceKlass java/lang/ref/PhantomReference 1 1 39 10 100 12 1 1 1 10 7 12 1 1 1 1 1 1 1 1 1 1 1 1 1 1 1 1 1 1 1 1 1 1 1 1 1 1 1 1 1
ciInstanceKlass java/lang/ref/Finalizer 1 1 155 9 7 12 1 1 1 10 7 12 1 1 1 9 12 1 1 9 12 1 1 9 12 1 9 12 1 9 12 1 1 10 12 1 7 1 8 1 10 12 1 10 12 1 1 9 12 1 100 1 10 12 1 7 1 11 100 12 1 1 10 12 1 7 1 10 12 1 100 1 10 12 1 10 7 12 1 1 1 10 100 12 1 1 1 100 1 10 10 12 1 7 1 10 12 1 7 1 10 12 1 1 10 12 1 1 10 12 1 10 7 12 1 1 1 7 1 10 7 1 10 10 12 1 1 1 1 1 1 1 1 1 1 1 1 1 1 1 1 1 1 1 1 1 1 1 1 1 1 1 1 1 1 1 1
staticfield java/lang/ref/Finalizer lock Ljava/lang/Object; java/lang/Object
staticfield java/lang/ref/Finalizer ENABLED Z 1
staticfield java/lang/ref/Finalizer $assertionsDisabled Z 1
instanceKlass org/apache/commons/io/StandardLineSeparator
instanceKlass org/gradle/internal/serialize/NestedExceptionPlaceholder$Kind
instanceKlass org/gradle/internal/buildevents/BuildExceptionReporter$ExceptionStyle
instanceKlass org/gradle/api/internal/plugins/PluginTargetType
instanceKlass org/gradle/plugin/management/internal/PluginRequestInternal$Origin
instanceKlass org/gradle/api/internal/artifacts/configurations/ConfigurationInternal$InternalState
instanceKlass org/gradle/api/internal/artifacts/configurations/DefaultConfiguration$ProperMethodUsage
instanceKlass org/gradle/api/internal/artifacts/configurations/MutationValidator$MutationType
instanceKlass org/gradle/api/artifacts/Configuration$State
instanceKlass org/gradle/api/tasks/PathSensitivity
instanceKlass org/gradle/internal/reflect/annotations/impl/DefaultTypeAnnotationMetadataStore$MethodKind
instanceKlass org/gradle/internal/reflect/Types$TypeVisitResult
instanceKlass org/gradle/api/internal/FeaturePreviews$Feature
instanceKlass kotlin/annotation/AnnotationTarget
instanceKlass kotlin/annotation/AnnotationRetention
instanceKlass kotlin/DeprecationLevel
instanceKlass org/gradle/api/internal/initialization/DefaultScriptClassPathResolver$InstrumentationPhase
instanceKlass org/gradle/internal/fingerprint/FingerprintHashingStrategy
instanceKlass org/gradle/internal/execution/Execution$ExecutionOutcome
instanceKlass java/nio/file/FileVisitResult
instanceKlass org/gradle/internal/snapshot/DirectorySnapshotBuilder$EmptyDirectoryHandlingStrategy
instanceKlass com/google/common/collect/MapMaker$Dummy
instanceKlass java/nio/file/FileTreeWalker$EventType
instanceKlass com/google/common/cache/RemovalCause
instanceKlass org/gradle/internal/snapshot/SnapshotVisitResult
instanceKlass org/gradle/internal/file/FileType
instanceKlass org/gradle/internal/file/FileMetadata$AccessType
instanceKlass org/gradle/api/internal/runtimeshaded/RuntimeShadedJarType
instanceKlass org/gradle/kotlin/dsl/execution/ProgramTarget
instanceKlass org/gradle/kotlin/dsl/execution/ProgramKind
instanceKlass org/gradle/kotlin/dsl/execution/EvalOption
instanceKlass java/nio/file/AccessMode
instanceKlass com/sun/beans/introspect/PropertyInfo$Name
instanceKlass com/sun/beans/util/Cache$Kind
instanceKlass org/gradle/api/file/FileCollection$AntType
instanceKlass groovy/io/FileVisitResult
instanceKlass java/time/format/ResolverStyle
instanceKlass java/time/format/TextStyle
instanceKlass java/time/DayOfWeek
instanceKlass java/time/Month
instanceKlass java/time/format/FormatStyle
instanceKlass java/lang/System$Logger$Level
instanceKlass java/util/concurrent/Future$State
instanceKlass groovy/io/FileType
instanceKlass org/codehaus/groovy/util/ReferenceType
instanceKlass org/gradle/internal/component/resolution/failure/describer/NoCompatibleVariantsFailureDescriber$FailureSubType
instanceKlass org/gradle/api/initialization/resolve/RulesMode
instanceKlass org/gradle/api/initialization/resolve/RepositoriesMode
instanceKlass org/gradle/internal/management/DependencyResolutionManagementInternal$RulesModeInternal
instanceKlass org/gradle/internal/management/DependencyResolutionManagementInternal$RepositoriesModeInternal
instanceKlass com/google/common/reflect/Types$JavaVersion
instanceKlass com/google/common/reflect/Types$ClassOwnership
instanceKlass org/gradle/api/artifacts/dsl/LockMode
instanceKlass org/gradle/internal/watch/registry/impl/DefaultFileWatcherProbeRegistry$WatchProbe$State
instanceKlass org/gradle/internal/operations/UncategorizedBuildOperations
instanceKlass org/gradle/internal/watch/vfs/VfsLogging
instanceKlass com/google/common/cache/LocalCache$NullEntry
instanceKlass com/google/common/util/concurrent/AbstractFutureState$VarHandleAtomicHelperMaker
instanceKlass org/gradle/internal/buildtree/DefaultBuildTreeLifecycleController$State
instanceKlass org/gradle/api/internal/provider/ValueSupplier$ValueConsumer
instanceKlass org/gradle/internal/build/DefaultBuildLifecycleController$State
instanceKlass org/gradle/initialization/VintageBuildModelController$Stage
instanceKlass org/gradle/internal/execution/model/InputNormalizer
instanceKlass org/gradle/internal/fingerprint/DirectorySensitivity
instanceKlass org/gradle/api/internal/changedetection/state/AbiExtractingClasspathResourceHasher$FallbackStrategy
instanceKlass org/gradle/internal/properties/InputBehavior
instanceKlass org/gradle/internal/execution/steps/AssignImmutableWorkspaceStep$LockingStrategy
instanceKlass org/gradle/internal/execution/caching/CachingDisabledReasonCategory
instanceKlass org/gradle/internal/execution/history/impl/DefaultOutputFilesRepository$OutputKind
instanceKlass org/gradle/api/internal/provider/ProviderResolutionStrategy
instanceKlass org/gradle/api/PathValidation
instanceKlass com/google/common/base/AbstractIterator$State
instanceKlass org/gradle/internal/operations/BuildOperationConstraint
instanceKlass org/gradle/internal/jvm/inspection/ProbedSystemProperty
instanceKlass org/gradle/api/internal/component/ArtifactType
instanceKlass org/gradle/api/internal/artifacts/dsl/dependencies/DependencyFactoryInternal$ClassPathNotation
instanceKlass kotlin/LazyThreadSafetyMode
instanceKlass org/gradle/internal/problems/failure/StackTraceRelevance
instanceKlass org/gradle/api/internal/BuildType
instanceKlass org/gradle/internal/cc/buildtree/InvocationScenarioParameter
instanceKlass org/gradle/internal/logging/sink/ProgressLogEventGenerator$State
instanceKlass org/gradle/internal/logging/progress/DefaultProgressLoggerFactory$State
instanceKlass org/gradle/internal/resources/ResourceLockState$Disposition
instanceKlass org/gradle/internal/fingerprint/classpath/impl/ClasspathFingerprintingStrategy$NonJarFingerprintingStrategy
instanceKlass org/gradle/internal/fingerprint/LineEndingSensitivity
instanceKlass java/nio/file/FileVisitOption
instanceKlass org/gradle/internal/vfs/impl/DefaultSnapshotHierarchy$EmptySnapshotHierarchy
instanceKlass org/gradle/internal/snapshot/CaseSensitivity
instanceKlass com/google/common/io/FileWriteMode
instanceKlass com/google/common/collect/MapMakerInternalMap$Strength
instanceKlass org/gradle/internal/hash/HashCode$Usage
instanceKlass org/gradle/api/internal/changedetection/state/CrossBuildFileHashCache$Kind
instanceKlass org/gradle/api/internal/artifacts/ivyservice/CacheLayout
instanceKlass org/gradle/cache/internal/VersionStrategy
instanceKlass java/nio/file/attribute/PosixFilePermission
instanceKlass org/gradle/api/internal/cache/MarkingStrategyImpl
instanceKlass java/util/stream/MatchOps$MatchKind
instanceKlass org/gradle/internal/reflect/PropertyAccessorType
instanceKlass com/google/common/cache/LocalCache$EntryFactory
instanceKlass com/google/common/cache/CacheBuilder$NullListener
instanceKlass com/google/common/cache/CacheBuilder$OneWeigher
instanceKlass com/google/common/cache/LocalCache$Strength
instanceKlass org/gradle/api/tasks/util/internal/PatternSpecFactory$CaseSensitivity
instanceKlass org/gradle/cache/internal/DefaultCrossBuildInMemoryCacheFactory$KeyRetentionPolicy
instanceKlass org/gradle/internal/file/TreeType
instanceKlass org/gradle/internal/properties/OutputFilePropertyType
instanceKlass org/gradle/internal/properties/annotations/PropertyAnnotationHandler$Kind
instanceKlass org/gradle/internal/execution/model/annotations/ModifierAnnotationCategory
instanceKlass org/gradle/internal/properties/InputFilePropertyType
instanceKlass org/gradle/internal/nativeintegration/EnvironmentModificationResult
instanceKlass com/google/common/collect/AbstractIterator$State
instanceKlass org/gradle/cache/internal/locklistener/FileLockPacketType
instanceKlass org/gradle/initialization/StartParameterBuildOptions$ConfigurationCacheProblemsOption$Value
instanceKlass org/gradle/internal/watch/registry/WatchMode
instanceKlass org/gradle/api/launcher/cli/WelcomeMessageDisplayMode
instanceKlass org/gradle/api/artifacts/verification/DependencyVerificationMode
instanceKlass java/lang/annotation/ElementType
instanceKlass org/gradle/launcher/daemon/toolchain/DaemonJvmCriteria$JavaHome$Source
instanceKlass org/gradle/cache/FileLockManager$LockMode
instanceKlass java/time/temporal/ChronoUnit
instanceKlass java/time/temporal/ChronoField
instanceKlass org/gradle/launcher/daemon/server/api/DaemonState
instanceKlass java/security/DrbgParameters$Capability
instanceKlass sun/security/util/KnownOIDs
instanceKlass org/gradle/internal/operations/BuildOperationCategory
instanceKlass java/net/StandardProtocolFamily
instanceKlass jdk/internal/util/OperatingSystem
instanceKlass org/gradle/tooling/events/OperationType
instanceKlass org/gradle/api/logging/configuration/WarningMode
instanceKlass org/gradle/api/logging/configuration/ConsoleOutput
instanceKlass org/gradle/api/logging/configuration/ShowStacktrace
instanceKlass java/lang/management/MemoryType
instanceKlass org/gradle/launcher/daemon/server/expiry/DaemonExpirationStatus
instanceKlass sun/util/locale/provider/LocaleProviderAdapter$Type
instanceKlass org/gradle/internal/logging/text/StyledTextOutput$Style
instanceKlass net/rubygrapefruit/platform/internal/FunctionResult$Failure
instanceKlass java/math/RoundingMode
instanceKlass org/gradle/api/JavaVersion
instanceKlass jdk/internal/logger/BootstrapLogger$LoggingBackend
instanceKlass java/lang/invoke/MethodHandleImpl$ArrayAccess
instanceKlass org/gradle/internal/service/DefaultServiceRegistry$SingletonService$BindState
instanceKlass java/lang/annotation/RetentionPolicy
instanceKlass org/gradle/internal/service/DefaultServiceRegistry$State
instanceKlass org/gradle/fileevents/internal/NativeLogger$LogLevel
instanceKlass net/rubygrapefruit/platform/terminal/Terminals$Output
instanceKlass java/util/Locale$Category
instanceKlass org/gradle/internal/nativeintegration/services/NativeServices$NativeFeatures
instanceKlass org/gradle/launcher/daemon/configuration/DaemonPriority
instanceKlass org/gradle/internal/nativeintegration/services/NativeServices$NativeServicesMode
instanceKlass org/slf4j/helpers/Reporter$Level
instanceKlass org/slf4j/helpers/Reporter$TargetChoice
instanceKlass java/lang/reflect/ProxyGenerator$PrimitiveTypeInfo
instanceKlass org/gradle/api/logging/LogLevel
instanceKlass java/util/regex/Pattern$Qtype
instanceKlass java/util/zip/ZipCoder$Comparison
instanceKlass java/util/concurrent/TimeUnit
instanceKlass java/nio/file/LinkOption
instanceKlass sun/nio/fs/WindowsPathType
instanceKlass java/nio/file/StandardOpenOption
instanceKlass java/util/stream/Collector$Characteristics
instanceKlass java/util/stream/StreamShape
instanceKlass java/lang/invoke/MethodHandles$Lookup$ClassOption
instanceKlass java/lang/invoke/VarHandle$AccessType
instanceKlass java/lang/invoke/VarHandle$AccessMode
instanceKlass java/lang/invoke/MethodHandleImpl$Intrinsic
instanceKlass java/lang/invoke/LambdaForm$BasicType
instanceKlass java/lang/invoke/LambdaForm$Kind
instanceKlass sun/invoke/util/Wrapper
instanceKlass java/util/stream/StreamOpFlag$Type
instanceKlass java/util/stream/StreamOpFlag
instanceKlass java/io/File$PathStatus
instanceKlass java/lang/module/ModuleDescriptor$Requires$Modifier
instanceKlass java/lang/reflect/AccessFlag$Location
instanceKlass java/lang/reflect/AccessFlag
instanceKlass java/lang/module/ModuleDescriptor$Modifier
instanceKlass java/lang/reflect/ClassFileFormatVersion
instanceKlass java/lang/Thread$State
ciInstanceKlass java/lang/Enum 1 1 204 9 7 12 1 1 1 9 12 1 1 10 7 12 1 1 1 9 12 1 10 7 12 1 1 1 7 1 10 10 12 1 1 10 12 1 7 1 10 10 7 12 1 1 10 12 1 1 18 12 1 1 10 100 12 1 1 1 10 12 1 1 11 7 12 1 1 1 100 1 8 1 10 12 1 100 1 7 1 10 8 1 10 12 1 1 10 12 1 1 8 1 10 12 1 10 100 1 8 1 10 10 12 1 1 10 100 12 1 1 1 7 1 7 1 7 1 1 1 1 1 1 1 1 1 1 1 1 1 1 1 1 1 1 1 1 1 1 1 1 1 1 1 1 1 1 1 1 1 1 1 1 1 1 1 1 1 1 1 1 1 1 1 3 1 1 1 1 7 1 7 1 1 7 1 1 1 1 1 1 1 1 1 1 1 16 15 10 12 16 15 10 100 12 1 1 1 1 1 100 1 100 1 1
instanceKlass java/lang/ref/ReferenceQueue$Null
instanceKlass java/lang/ref/NativeReferenceQueue
ciInstanceKlass java/lang/ref/ReferenceQueue 1 1 183 9 7 12 1 1 1 11 7 12 1 1 1 11 12 1 9 7 12 1 1 1 11 12 1 10 7 12 1 1 9 12 1 1 7 1 10 9 12 1 1 10 12 1 1 9 7 12 1 1 1 9 12 1 9 12 1 9 12 1 1 100 1 10 9 12 1 1 9 12 1 7 1 10 100 12 1 1 1 10 12 1 10 12 1 1 10 7 12 1 1 1 10 12 1 5 0 10 10 12 10 12 1 1 10 12 1 10 12 1 1 100 1 8 1 10 12 1 10 12 1 10 12 1 1 10 12 11 100 12 1 1 1 10 7 12 1 1 7 1 10 1 1 1 1 1 1 1 1 1 1 100 1 1 1 1 1 1 1 1 1 1 1 1 1 1 1 7 1 1 1 1 1 1 1 1 1 1 1 1 1 1 1
staticfield java/lang/ref/ReferenceQueue NULL Ljava/lang/ref/ReferenceQueue; java/lang/ref/ReferenceQueue$Null
staticfield java/lang/ref/ReferenceQueue ENQUEUED Ljava/lang/ref/ReferenceQueue; java/lang/ref/ReferenceQueue$Null
staticfield java/lang/ref/ReferenceQueue $assertionsDisabled Z 1
ciInstanceKlass java/lang/reflect/Method 1 1 472 9 7 12 1 1 1 10 7 12 1 1 1 10 7 12 1 1 9 12 1 1 10 12 1 1 10 12 1 1 10 7 12 1 1 10 7 12 1 1 1 9 12 1 1 9 12 1 9 12 1 1 9 12 1 9 12 1 9 12 1 1 9 12 1 9 12 1 1 9 12 1 9 12 1 9 12 1 1 100 1 8 1 10 12 1 10 12 1 9 12 1 1 8 1 10 7 12 1 1 10 7 12 1 1 1 10 12 1 1 10 12 1 1 10 12 1 10 12 1 1 10 12 1 1 9 7 12 1 1 1 10 12 1 1 10 12 10 7 12 1 1 10 12 1 1 10 12 1 10 12 1 10 12 1 10 7 12 1 1 1 10 12 1 1 10 7 1 10 7 12 1 1 1 10 7 12 1 1 10 12 1 1 10 12 1 1 10 12 1 10 7 12 1 1 1 10 12 1 10 8 1 10 12 1 10 12 1 7 1 8 1 8 1 8 1 10 12 1 10 12 1 1 10 12 1 1 10 10 12 1 1 10 12 1 11 7 1 10 12 1 9 12 1 1 10 12 1 1 10 12 1 10 12 1 1 10 12 1 1 11 7 12 1 1 1 11 12 1 9 12 1 1 10 12 1 10 12 1 10 12 1 10 12 1 10 12 1 10 12 1 9 12 1 1 10 7 12 1 1 1 10 7 12 1 1 10 12 1 1 10 7 12 1 1 1 10 7 12 1 1 1 10 7 12 1 1 1 11 7 12 1 1 1 10 7 12 1 1 1 7 1 100 1 100 1 10 12 1 10 12 1 1 10 12 1 100 1 8 1 10 12 1 10 10 12 1 1 10 12 1 1 10 12 1 1 10 12 1 1 8 1 10 12 1 1 1 1 1 1 1 1 1 1 1 1 1 1 1 1 1 1 1 1 1 1 1 1 1 1 1 1 1 1 1 1 1 1 1 1 1 1 1 1 1 1 1 1 1 1 1 1 1 1 1 1 1 100 1 100 1 100 1 1 1 1 1 1 1 1 1 1 1 1 1 1 1 1 1 1 1 1 1 1 1 1 1 1 1 1 1 1
ciInstanceKlass java/lang/reflect/Field 1 1 457 9 7 12 1 1 1 10 12 1 1 10 100 12 1 1 1 10 100 12 1 1 9 12 1 1 10 12 1 1 10 12 1 1 10 100 12 1 1 10 7 12 1 1 1 9 12 1 1 9 12 1 9 12 1 9 12 1 1 9 12 1 1 9 12 1 9 12 1 1 9 12 1 1 100 1 8 1 10 12 1 10 12 1 9 12 1 1 9 12 1 10 12 1 10 7 12 1 1 10 12 1 1 10 12 1 1 10 12 1 10 12 1 1 9 100 12 1 1 1 10 100 12 1 1 1 7 1 10 12 1 1 10 12 1 1 10 12 1 1 10 12 1 10 12 1 10 7 1 10 7 12 1 1 7 1 10 8 1 10 12 1 1 10 12 1 1 8 1 10 12 10 12 1 8 1 8 1 10 11 7 1 9 12 1 10 12 1 1 10 12 1 1 11 7 12 1 1 1 10 12 1 11 12 1 1 11 12 1 1 11 12 1 1 11 12 1 1 11 12 1 1 11 12 1 1 11 12 1 1 11 12 1 1 11 12 1 1 11 12 1 1 11 12 1 1 11 12 1 1 11 12 1 1 11 12 1 1 11 12 1 1 11 12 1 1 11 12 1 1 10 12 1 10 7 12 1 1 10 12 1 10 12 1 10 12 1 9 12 1 1 10 7 12 1 1 1 10 12 1 1 10 12 1 10 7 12 1 1 10 12 1 1 11 7 1 10 12 1 7 1 10 100 12 1 1 1 10 7 12 1 1 1 9 12 1 10 7 12 1 1 1 11 7 12 1 1 1 10 12 1 1 10 12 1 1 9 100 12 1 1 10 100 12 1 1 1 10 12 1 1 7 1 1 1 1 1 1 1 1 1 1 1 1 1 1 1 1 1 1 1 1 1 1 1 1 1 1 1 1 1 1 1 1 1 1 1 1 1 1 1 100 1 1 1 1 1 1 1 1 1 1 1 1 1 1 1 1 1 1 1 1 1 1 1 1 1 1 1 1 1 1 1 1 7 1 1 1 1 1 1 1 1 1 100 1 1
ciInstanceKlass java/lang/reflect/Parameter 0 0 243 10 7 12 1 1 1 9 7 12 1 1 1 9 12 1 1 9 12 1 1 9 12 1 10 12 1 1 10 12 1 1 10 7 12 1 1 1 7 1 10 10 12 1 1 11 7 12 1 1 1 10 12 1 10 100 12 1 1 1 10 12 1 1 10 12 1 10 12 1 8 1 8 1 10 7 12 1 1 1 10 12 1 10 12 9 100 12 1 1 1 10 100 12 1 1 1 10 12 1 8 1 10 12 1 9 12 1 1 10 12 1 1 9 12 1 1 10 12 1 1 10 12 1 1 10 12 1 1 10 12 1 10 10 12 1 10 100 12 1 1 1 10 12 1 1 11 7 12 1 1 10 7 12 1 1 7 1 10 100 12 1 1 1 10 12 1 1 10 12 1 1 10 12 1 1 10 12 1 1 9 12 1 100 1 10 11 12 1 1 11 12 1 1 7 1 1 1 1 1 1 1 1 1 1 1 1 1 1 1 1 1 1 1 1 1 1 1 1 1 1 1 1 1 1 1 1 1 1 1 1 1 1 1 1 1 100 1 1 1 1 1 1
ciInstanceKlass java/lang/reflect/RecordComponent 0 0 196 10 7 12 1 1 1 9 7 12 1 1 1 9 12 1 1 9 12 1 10 12 1 1 10 12 1 1 10 100 12 1 1 1 10 12 1 1 9 12 1 1 10 12 1 1 10 12 1 1 10 12 1 10 100 12 1 1 10 100 12 1 1 9 12 1 1 10 100 12 1 1 1 11 100 12 1 1 1 10 9 100 12 1 1 1 10 100 12 1 1 1 9 12 1 1 10 100 12 1 1 1 10 12 1 1 11 7 12 1 1 10 7 12 1 1 7 1 9 12 1 9 12 1 1 9 12 1 10 100 12 1 1 1 10 12 1 1 10 12 1 1 7 1 10 10 12 1 10 12 1 1 8 1 10 12 1 10 12 1 9 12 1 7 1 1 1 1 1 1 1 1 1 1 1 1 1 1 1 1 1 1 1 1 1 1 7 1 1 1 1 1 1 100 1 1
ciInstanceKlass java/lang/StringBuffer 1 1 483 10 7 12 1 1 1 10 12 1 10 12 1 10 12 1 1 9 7 12 1 1 1 10 12 1 1 10 12 1 10 12 1 1 9 12 1 1 10 12 1 10 12 1 1 10 12 1 1 10 12 1 10 12 1 1 10 12 1 10 12 1 1 10 12 1 1 10 7 12 1 1 1 10 12 1 1 10 12 1 10 12 1 10 12 1 10 12 1 10 12 1 10 12 1 10 12 1 10 12 1 10 12 1 10 12 1 10 12 1 10 12 1 10 12 1 10 12 1 1 10 12 1 10 12 1 1 10 12 1 1 10 10 12 1 1 10 12 1 10 12 1 10 12 1 10 12 1 10 12 1 10 12 1 10 12 10 12 1 10 12 1 10 12 1 10 12 1 1 10 12 1 10 12 1 10 10 12 1 1 10 12 1 10 12 1 10 12 1 10 10 100 12 1 1 1 10 10 12 1 1 9 12 1 1 10 100 12 1 1 10 100 1 8 10 100 12 1 1 1 8 10 12 1 8 1 10 12 1 10 12 1 10 100 12 1 1 1 10 100 12 1 1 1 7 1 10 12 100 1 8 1 10 10 12 1 1 10 12 1 1 10 12 1 10 12 1 10 12 1 1 10 12 1 10 12 1 10 12 1 10 12 1 10 12 1 10 12 10 12 1 10 12 1 10 12 1 10 12 1 10 12 1 10 12 1 10 12 1 10 12 1 10 12 1 10 12 1 10 12 10 12 10 12 1 10 12 1 10 12 1 10 12 10 12 1 10 12 1 10 12 1 10 12 1 10 12 1 10 12 1 10 12 1 10 12 1 10 12 1 10 12 1 10 12 1 7 1 10 12 1 9 7 12 1 1 1 9 7 1 9 12 1 1 7 1 7 1 7 1 7 1 1 1 1 5 0 1 1 1 1 1 1 1 1 1 1 1 1 1 1 1 1 1 1 1 1 1 1 1 1 1 1 1 1 1 1 1 1 1 1 1 1 1 1 1 1 1 1 1 1 1 1 1 1 1 1 1 1 1 1 1 1 1 1 1 1 1 100 1 1 1 1 1 7 1 1 1 1 1 1 1 1 1 1 1 1 1 1 1 1 1 1
staticfield java/lang/StringBuffer serialPersistentFields [Ljava/io/ObjectStreamField; 3 [Ljava/io/ObjectStreamField;
instanceKlass java/net/URLClassLoader
instanceKlass jdk/internal/loader/BuiltinClassLoader
ciInstanceKlass java/security/SecureClassLoader 1 1 102 10 7 12 1 1 1 7 1 10 12 1 9 7 12 1 1 1 10 12 1 10 12 1 10 12 1 1 10 12 1 1 10 12 1 7 1 10 7 1 10 12 1 7 1 10 12 1 11 7 12 1 1 1 7 1 11 12 1 10 12 1 1 1 1 1 1 1 1 1 1 1 1 1 1 1 1 1 1 1 1 1 1 1 1 1 1 1 1 1 1 1 1 1 1 1 1 100 1 1 1 1
ciInstanceKlass java/util/jar/Manifest 1 1 339 10 7 12 1 1 1 7 1 10 9 7 12 1 1 1 7 1 10 9 12 1 1 9 12 1 1 10 12 1 10 12 1 1 10 12 1 1 10 12 1 1 10 12 1 1 11 7 1 11 12 1 1 10 12 1 1 10 100 12 1 1 1 100 1 7 1 10 8 1 10 12 1 1 10 12 1 1 10 12 1 10 12 1 11 100 1 10 12 1 10 12 1 1 11 12 1 1 10 12 1 11 12 1 1 11 100 12 1 1 1 11 7 12 1 1 11 12 1 1 100 1 10 12 1 8 1 11 12 1 7 1 10 12 1 1 11 12 1 10 12 1 10 12 1 10 7 12 1 1 1 8 1 10 12 1 1 10 9 7 12 1 1 1 10 12 1 1 10 100 12 1 10 12 1 10 12 1 9 100 12 1 1 1 8 1 10 12 1 8 1 8 1 7 1 10 12 1 10 12 1 10 12 1 1 100 1 8 1 10 12 1 1 8 1 10 10 12 1 1 8 1 10 12 1 1 10 7 12 1 1 1 10 12 1 10 11 12 1 1 10 12 1 10 7 12 1 1 1 10 12 1 1 10 12 1 10 12 1 1 11 10 12 1 11 10 12 1 7 1 1 1 1 1 1 1 1 1 1 1 1 1 1 1 1 1 1 1 1 1 1 1 1 1 1 1 1 1 1 1 1 1 1 1 1 1 1 1 1 1 1 1 100 1 1 1 1 1 1 1 1 1 1 1 1 1 1 7 1 1 1 1 1 1 1 1 1 1 1
ciInstanceKlass java/io/ByteArrayInputStream 1 1 117 10 7 12 1 1 1 9 7 12 1 1 1 9 12 1 1 9 12 1 9 12 1 10 7 12 1 1 1 10 7 12 1 1 1 10 7 12 1 1 1 10 100 12 1 1 1 10 12 1 1 3 10 100 1 10 100 12 1 1 1 9 12 1 1 100 1 10 10 7 12 1 1 1 1 1 1 1 1 1 1 1 1 1 1 1 1 1 1 1 1 1 1 1 1 1 1 1 1 1 1 1 100 1 1 1 1 1 1 1 1 1 1 1 1 1 1
staticfield java/io/ByteArrayInputStream $assertionsDisabled Z 1
instanceKlass java/nio/CharBuffer
instanceKlass java/nio/IntBuffer
instanceKlass java/nio/LongBuffer
instanceKlass java/nio/ByteBuffer
ciInstanceKlass java/nio/Buffer 1 1 256 100 1 10 7 12 1 1 1 9 7 12 1 1 1 9 12 1 9 12 1 1 9 12 1 9 12 1 1 10 12 1 1 10 12 1 1 10 12 100 1 7 1 10 8 1 10 12 1 1 10 12 1 8 1 8 1 10 12 1 1 10 12 1 8 1 9 12 1 1 100 1 8 1 10 12 1 8 1 8 1 9 12 10 12 1 8 1 8 1 8 1 10 12 1 8 1 8 1 8 1 100 1 10 100 1 10 100 1 10 9 12 1 1 10 7 12 1 1 1 100 1 10 12 1 1 10 12 1 10 100 12 1 1 10 7 12 1 1 1 10 7 12 1 1 1 9 12 1 1 10 7 12 1 1 1 9 12 1 1 7 1 10 10 12 1 1 7 1 10 10 7 12 1 1 1 1 1 3 1 1 1 1 1 1 1 1 1 1 1 1 1 1 100 1 1 1 1 1 1 1 7 1 1 1 1 1 1 1 1 1 1 1 1 1 1 1 1 1 1 1 1 1 1 1 1 1 1 1 1 1 1 1 1 1 1 1 1 1 1 1 100 1 100 1 100 1 100 1 100 1 100 1 100 1 1
staticfield java/nio/Buffer UNSAFE Ljdk/internal/misc/Unsafe; jdk/internal/misc/Unsafe
staticfield java/nio/Buffer SCOPED_MEMORY_ACCESS Ljdk/internal/misc/ScopedMemoryAccess; jdk/internal/misc/ScopedMemoryAccess
staticfield java/nio/Buffer IOOBE_FORMATTER Ljava/util/function/BiFunction; jdk/internal/util/Preconditions$4
staticfield java/nio/Buffer $assertionsDisabled Z 1
ciInstanceKlass java/util/Objects 1 1 184 10 7 12 1 1 1 100 1 8 1 10 12 1 10 12 1 1 10 7 12 1 1 1 10 12 1 1 10 12 1 10 7 12 1 1 1 10 12 1 1 10 7 12 1 1 1 7 1 10 10 12 1 1 10 7 12 1 1 10 12 1 1 8 1 10 7 12 1 1 1 10 7 12 1 1 1 10 11 100 12 1 1 1 100 1 10 10 12 1 8 1 10 12 1 8 1 100 1 11 12 1 1 8 1 10 7 12 1 1 1 10 12 1 1 10 12 1 10 12 1 10 12 1 10 12 1 1 1 1 1 1 1 1 1 1 1 1 1 1 1 1 1 1 1 1 1 1 1 1 1 1 1 1 1 1 1 1 1 1 1 1 1 1 1 1 1 1 1 1 1 1 1 1 1 1 1 1 1 1 1 1 1 1
ciInstanceKlass jdk/internal/util/Preconditions 1 1 194 10 7 12 1 1 1 11 7 12 1 1 1 11 100 12 1 1 1 7 1 100 1 10 7 12 1 1 1 10 12 1 8 1 7 1 10 7 12 1 1 1 10 12 1 1 8 1 8 1 10 7 12 1 1 7 1 10 12 1 8 1 10 7 12 1 1 1 8 1 10 12 1 1 10 12 1 1 11 12 1 8 1 8 1 11 12 1 1 8 1 8 1 8 1 10 12 1 1 10 12 1 1 10 12 1 10 12 1 10 12 1 10 12 7 1 10 10 12 1 1 9 12 1 1 7 1 10 9 12 1 7 1 10 9 12 1 1 1 1 1 1 1 1 1 1 1 1 1 1 1 1 1 1 1 1 1 1 1 1 1 1 1 1 1 1 1 1 1 1 1 1 1 1 1 1 1 1 1 1 1 1 1 1 1 1 1 1 1 1 1 1 1 1
staticfield jdk/internal/util/Preconditions SIOOBE_FORMATTER Ljava/util/function/BiFunction; jdk/internal/util/Preconditions$4
staticfield jdk/internal/util/Preconditions AIOOBE_FORMATTER Ljava/util/function/BiFunction; jdk/internal/util/Preconditions$4
staticfield jdk/internal/util/Preconditions IOOBE_FORMATTER Ljava/util/function/BiFunction; jdk/internal/util/Preconditions$4
ciMethod java/util/Objects checkIndex (II)I 512 0 15419 0 -1
ciMethod java/util/Objects requireNonNull (Ljava/lang/Object;Ljava/lang/String;)Ljava/lang/Object; 518 0 56610 0 -1
instanceKlass java/util/Collections$CopiesList
instanceKlass groovy/lang/EmptyRange
instanceKlass groovy/lang/ObjectRange
instanceKlass groovy/lang/IntRange
instanceKlass groovy/lang/Tuple
instanceKlass sun/security/jca/ProviderList$3
instanceKlass java/util/AbstractSequentialList
instanceKlass org/gradle/internal/classpath/DefaultClassPath$ImmutableUniqueList
instanceKlass java/util/Collections$SingletonList
instanceKlass java/util/Vector
instanceKlass java/util/Arrays$ArrayList
instanceKlass org/gradle/internal/classpath/DefaultClassPath$ImmutableUniqueList
instanceKlass java/util/ArrayList$SubList
instanceKlass java/util/Collections$EmptyList
instanceKlass java/util/ArrayList
ciInstanceKlass java/util/AbstractList 1 1 218 10 7 12 1 1 1 9 7 12 1 1 1 10 12 1 1 10 12 1 1 100 1 10 10 12 1 1 11 7 12 1 1 1 11 12 1 1 11 12 1 10 7 12 1 1 1 10 12 1 11 12 1 11 12 1 11 12 1 10 12 1 1 10 12 1 1 11 7 12 1 1 1 11 7 1 11 7 1 10 12 1 7 1 10 12 1 10 12 1 1 7 1 100 1 10 12 1 100 1 10 100 1 7 1 10 8 1 10 12 1 1 10 12 1 10 12 1 1 10 12 1 8 1 100 1 8 1 8 1 8 1 10 7 1 11 10 10 12 1 11 12 1 10 12 1 1 8 1 8 1 1 1 1 1 1 1 1 1 1 1 1 1 1 1 1 1 1 1 1 1 1 1 1 1 1 1 1 1 1 1 1 1 1 1 1 1 1 1 1 1 1 1 1 1 1 1 1 1 1 1 1 1 1 1 1 1 1 100 1 100 1 1 1 1 1 1 1
ciInstanceKlass java/util/List 1 1 251 10 100 12 1 1 1 11 7 12 1 1 1 11 7 12 1 1 1 11 12 1 1 11 100 12 1 1 11 12 1 1 11 12 1 1 10 7 12 1 1 1 100 1 100 1 10 12 1 1 100 1 10 100 12 1 1 1 11 12 1 1 11 12 1 11 12 1 100 1 10 12 1 11 12 1 1 11 12 1 1 11 12 1 10 100 12 1 1 1 9 7 12 1 1 1 7 1 10 12 10 12 1 7 1 10 12 1 1 10 12 1 10 12 1 1 11 12 1 1 100 1 1 1 1 1 1 1 1 1 1 1 1 1 1 1 1 1 1 1 1 1 1 1 1 1 1 1 1 1 1 1 1 1 1 1 1 1 1 1 1 1 1 1 1 100 1 100 1 1 1 1 1 1 1 1 1 1 1 1 1 1 1 1 1 1 1 1 1 1 1 1 1 1 1 1 1 1 1 1 1 1 1 1 1 1 1 1 1 1 1 1 1 1 1 1 1 1 1 1 1 1 1 1 1 1 1 1 1 1 1 1 1 1 1 1 1 1 1 1 1 1 1 1 100 1 1 100 1 1 1
ciInstanceKlass java/util/SequencedCollection 1 1 109 100 1 10 12 1 1 11 7 12 1 1 1 11 7 12 1 1 1 11 12 1 1 11 12 1 7 1 7 1 1 1 1 1 1 1 1 1 1 1 1 1 1 1 1 1 1 1 1 1 1 1 1 1 1 1 1 1 100 1 8 1 1 12 10 1 1 1 8 1 1 1 8 1 1 1 8 1 1 1 8 1 1 8 1 1 1 8 1 1 8 1 1 1 8 1 1 8 1 1 1 8 1 1 8 1 1 8 1
ciInstanceKlass java/util/Collection 1 1 115 11 100 12 1 1 1 100 1 11 7 12 1 1 1 10 7 12 1 1 1 11 12 1 1 11 7 12 1 1 1 11 12 1 1 11 7 12 1 1 1 11 12 1 1 10 100 12 1 1 1 11 12 1 10 7 12 1 1 1 100 1 100 1 1 1 1 1 1 1 1 1 1 1 1 1 1 1 1 1 1 1 1 1 1 1 1 1 1 1 1 1 1 1 1 1 1 1 1 1 1 1 1 1 1 1 1 1 1 1 1 1 1 1 1
ciInstanceKlass java/lang/Iterable 1 1 62 10 7 12 1 1 1 11 7 12 1 1 1 11 7 12 1 1 1 11 12 1 1 11 7 12 1 1 1 10 100 12 1 1 1 100 1 1 1 1 1 1 1 1 1 1 1 1 1 1 1 1 1 1 1 1 1 1 1 1 1 1
ciMethod java/util/List remove (Ljava/lang/Object;)Z 0 0 1 0 -1
ciMethod java/util/List remove (I)Ljava/lang/Object; 0 0 1 0 -1
ciMethod java/util/List size ()I 0 0 1 0 -1
ciMethod java/util/List get (I)Ljava/lang/Object; 0 0 1 0 -1
ciMethod java/util/List add (Ljava/lang/Object;)Z 0 0 1 0 -1
ciMethod java/util/List iterator ()Ljava/util/Iterator; 0 0 1 0 -1
instanceKlass com/google/common/cache/LocalCache$Values
instanceKlass it/unimi/dsi/fastutil/ints/AbstractIntCollection
instanceKlass com/google/common/collect/AbstractMultiset
instanceKlass it/unimi/dsi/fastutil/objects/AbstractReferenceCollection
instanceKlass org/gradle/tooling/provider/model/internal/DefaultToolingModelBuilderRegistry$1
instanceKlass org/gradle/api/internal/DefaultDomainObjectCollection
instanceKlass com/google/common/collect/AbstractMapBasedMultimap$WrappedCollection
instanceKlass java/util/TreeMap$Values
instanceKlass com/google/common/collect/ImmutableCollection
instanceKlass java/util/IdentityHashMap$Values
instanceKlass java/util/LinkedHashMap$LinkedValues
instanceKlass java/util/AbstractQueue
instanceKlass java/util/HashMap$Values
instanceKlass java/util/ArrayDeque
instanceKlass java/util/AbstractSet
instanceKlass java/util/ImmutableCollections$AbstractImmutableCollection
instanceKlass java/util/AbstractList
ciInstanceKlass java/util/AbstractCollection 1 1 160 10 7 12 1 1 1 10 7 12 1 1 1 10 12 1 1 11 7 12 1 1 1 11 12 1 1 10 12 1 1 10 100 12 1 1 1 10 12 1 1 10 12 1 1 10 7 12 1 1 10 7 12 1 1 1 7 1 10 7 12 1 1 1 10 100 12 1 1 1 100 1 10 11 12 1 11 7 1 10 12 1 10 12 1 10 7 12 1 1 1 11 8 1 7 1 10 10 12 1 1 8 1 10 12 1 10 12 1 1 1 1 1 1 1 1 1 1 1 1 1 1 1 1 1 1 1 1 1 1 1 1 1 1 1 1 1 1 1 1 1 1 1 1 1 1 1 1 1 1 1 1 1 1 1 1 1 1 1 1
ciMethod java/util/AbstractCollection <init> ()V 578 0 60280 0 80
ciMethod java/util/AbstractList <init> ()V 514 0 36766 0 88
ciInstanceKlass java/lang/AssertionStatusDirectives 0 0 24 10 100 12 1 1 1 100 1 1 1 1 1 1 1 1 1 1 1 1 1 1 1 1
instanceKlass org/gradle/internal/serialize/PlaceholderException
instanceKlass org/gradle/api/internal/NoFactoryRegisteredForTypeException
instanceKlass org/gradle/api/internal/NullNamingPropertyException
instanceKlass org/gradle/api/internal/NoNamingPropertyException
instanceKlass org/gradle/internal/execution/OutputSnapshotter$OutputFileSnapshottingException
instanceKlass org/gradle/cache/internal/btree/CorruptedCacheException
instanceKlass org/gradle/internal/execution/InputFingerprinter$InputFingerprintingException
instanceKlass org/gradle/internal/execution/InputFingerprinter$InputFileFingerprintingException
instanceKlass org/gradle/kotlin/dsl/support/ScriptCompilationException
instanceKlass org/w3c/dom/DOMException
instanceKlass groovy/lang/StringWriterIOException
instanceKlass java/lang/IllegalCallerException
instanceKlass java/lang/reflect/MalformedParameterizedTypeException
instanceKlass org/gradle/api/internal/attributes/AttributeMatchException
instanceKlass org/gradle/internal/locking/InvalidLockFileException
instanceKlass org/gradle/internal/locking/MissingLockStateException
instanceKlass org/gradle/api/internal/artifacts/ivyservice/resolveengine/result/GraphValidationException
instanceKlass org/gradle/cli/CommandLineArgumentException
instanceKlass org/gradle/internal/tools/api/ApiClassExtractionException
instanceKlass groovy/lang/GroovyRuntimeException
instanceKlass org/apache/commons/lang3/exception/CloneFailedException
instanceKlass org/gradle/internal/snapshot/impl/WorkSerializationException
instanceKlass org/gradle/tooling/internal/protocol/InternalBuildActionFailureException
instanceKlass org/gradle/tooling/internal/protocol/test/InternalTestExecutionException
instanceKlass kotlin/NoWhenBranchMatchedException
instanceKlass kotlin/KotlinNothingValueException
instanceKlass org/gradle/internal/snapshot/impl/IsolationException
instanceKlass org/gradle/internal/snapshot/ValueSnapshottingException
instanceKlass org/apache/tools/ant/BuildException
instanceKlass org/gradle/api/internal/attributes/AttributeMergingException
instanceKlass org/gradle/api/internal/provider/AbstractProperty$PropertyQueryException
instanceKlass java/util/ConcurrentModificationException
instanceKlass java/lang/TypeNotPresentException
instanceKlass org/gradle/internal/reflect/NoSuchPropertyException
instanceKlass org/gradle/internal/typeconversion/TypeConversionException
instanceKlass com/google/common/util/concurrent/UncheckedExecutionException
instanceKlass com/google/common/cache/CacheLoader$InvalidCacheLoadException
instanceKlass org/gradle/internal/work/NoAvailableWorkerLeaseException
instanceKlass org/gradle/internal/jvm/UnsupportedJavaRuntimeException
instanceKlass org/gradle/launcher/daemon/server/BadlyFormedRequestException
instanceKlass java/security/ProviderException
instanceKlass org/gradle/internal/remote/internal/MessageIOException
instanceKlass org/gradle/internal/remote/internal/ConnectException
instanceKlass org/gradle/cache/InsufficientLockModeException
instanceKlass org/gradle/cache/LockTimeoutException
instanceKlass org/gradle/launcher/daemon/registry/DaemonRegistry$EmptyRegistryException
instanceKlass org/gradle/cache/FileIntegrityViolationException
instanceKlass org/gradle/internal/file/FileException
instanceKlass org/gradle/launcher/daemon/server/api/DaemonStoppedException
instanceKlass org/gradle/launcher/daemon/server/api/DaemonUnavailableException
instanceKlass java/util/MissingResourceException
instanceKlass org/gradle/internal/jvm/JavaHomeException
instanceKlass kotlin/UninitializedPropertyAccessException
instanceKlass org/gradle/api/reflect/ObjectInstantiationException
instanceKlass org/gradle/api/internal/classpath/UnknownModuleException
instanceKlass java/util/NoSuchElementException
instanceKlass org/gradle/internal/reflect/NoSuchMethodException
instanceKlass org/gradle/internal/nativeintegration/NativeIntegrationException
instanceKlass org/gradle/internal/service/ServiceLookupException
instanceKlass net/rubygrapefruit/platform/NativeException
instanceKlass com/esotericsoftware/kryo/KryoException
instanceKlass java/lang/reflect/UndeclaredThrowableException
instanceKlass org/gradle/internal/operations/BuildOperationInvocationException
instanceKlass org/gradle/internal/UncheckedException
instanceKlass org/gradle/api/GradleException
instanceKlass java/lang/SecurityException
instanceKlass java/lang/UnsupportedOperationException
instanceKlass org/gradle/internal/service/ServiceLookupException
instanceKlass java/lang/IndexOutOfBoundsException
instanceKlass org/gradle/api/GradleException
instanceKlass java/lang/IllegalStateException
instanceKlass java/io/UncheckedIOException
instanceKlass org/gradle/api/internal/classpath/UnknownModuleException
instanceKlass java/lang/IllegalArgumentException
instanceKlass java/lang/ArithmeticException
instanceKlass java/lang/NullPointerException
instanceKlass java/lang/IllegalMonitorStateException
instanceKlass java/lang/ArrayStoreException
instanceKlass java/lang/ClassCastException
ciInstanceKlass java/lang/RuntimeException 1 1 40 10 7 12 1 1 1 10 12 1 10 12 1 10 12 1 10 12 1 100 1 1 1 1 5 0 1 1 1 1 1 1 1 1 1 1 1 1 1 1
instanceKlass java/nio/DirectByteBuffer$Deallocator
instanceKlass jdk/net/UnixDomainPrincipal
instanceKlass java/lang/reflect/Proxy$ProxyBuilder$ProxyClassContext
instanceKlass jdk/internal/misc/ThreadTracker$ThreadRef
instanceKlass java/security/SecureClassLoader$CodeSourceKey
instanceKlass jdk/internal/module/ModuleReferenceImpl$CachedHash
instanceKlass java/util/stream/Collectors$CollectorImpl
instanceKlass jdk/internal/reflect/ReflectionFactory$Config
instanceKlass jdk/internal/foreign/abi/UpcallLinker$CallRegs
instanceKlass jdk/internal/foreign/abi/VMStorage
ciInstanceKlass java/lang/Record 1 1 22 10 7 12 1 1 1 100 1 1 1 1 1 1 1 1 1 1 1 1 1 1
ciInstanceKlass java/lang/invoke/MethodType 1 1 780 7 1 10 7 12 1 1 1 9 12 1 1 9 12 1 1 9 12 1 1 10 7 12 1 1 1 9 7 12 1 1 8 1 10 100 12 1 1 1 9 7 1 9 7 1 10 12 1 1 7 1 10 8 1 10 12 1 1 10 12 1 10 12 1 1 7 1 8 1 10 12 1 100 1 10 10 12 1 10 12 1 1 10 12 1 1 11 7 12 1 1 1 9 12 1 11 12 1 1 7 10 12 1 1 10 12 1 1 7 1 7 1 10 7 12 1 1 1 10 12 1 10 12 1 9 12 1 1 10 7 12 1 1 10 12 1 1 10 7 12 1 1 1 10 7 12 1 1 1 10 12 1 9 12 1 1 10 12 1 1 10 12 1 1 10 12 1 1 10 12 1 1 10 12 1 1 10 12 1 10 12 1 10 12 1 1 10 12 1 8 1 8 1 10 12 1 1 9 12 1 1 100 1 10 10 12 1 1 10 12 1 10 12 1 1 10 12 1 1 10 12 1 10 12 1 10 12 1 8 1 10 12 1 1 10 100 12 1 1 1 10 12 1 10 12 1 1 10 12 1 10 12 1 10 12 1 1 10 12 1 10 12 1 9 12 1 10 12 1 10 10 12 1 1 10 12 1 9 12 1 1 10 12 1 1 11 12 1 1 10 12 1 1 10 12 1 10 12 1 100 1 8 1 8 1 8 1 10 12 1 10 12 1 10 12 1 1 10 10 12 1 11 12 1 1 11 12 1 10 100 12 1 1 1 9 12 1 10 12 1 10 12 1 1 10 12 1 1 10 12 1 10 12 1 10 100 12 1 1 1 10 12 1 1 10 12 1 10 12 1 10 12 1 10 9 12 1 1 7 1 10 12 1 10 12 1 1 9 100 12 1 1 1 10 7 12 1 1 1 10 7 12 1 1 1 10 12 1 1 10 7 12 1 1 1 10 12 1 1 8 1 10 7 12 1 1 1 11 12 1 1 9 12 1 1 10 12 1 1 10 12 1 10 12 1 1 10 12 1 1 10 100 12 1 1 100 1 10 12 1 1 11 100 12 1 1 18 12 1 1 11 12 1 1 18 12 1 11 12 1 100 1 11 100 12 1 1 10 12 1 100 1 10 12 1 10 100 12 1 1 10 12 1 1 9 12 1 1 9 100 12 1 1 1 10 7 12 1 1 1 9 12 1 10 100 12 1 1 10 12 1 100 10 12 1 1 10 12 1 7 1 10 10 12 1 1 7 1 7 1 9 12 1 1 7 1 7 1 7 1 1 1 5 0 1 1 1 1 1 1 1 3 1 3 1 3 1 1 1 1 1 1 1 1 1 1 1 1 1 1 1 1 1 1 1 1 1 1 1 1 1 1 1 1 1 1 1 1 1 1 1 1 1 1 1 1 1 1 1 1 1 1 1 1 1 1 1 1 1 1 1 1 1 1 1 1 1 1 1 1 1 1 1 1 1 1 1 1 1 1 1 1 1 1 1 1 1 1 1 1 1 1 1 1 1 1 1 1 1 1 1 1 1 1 1 1 1 1 1 1 1 1 1 1 1 1 1 1 1 1 1 1 1 1 1 1 1 1 1 1 1 1 1 1 1 1 100 1 100 1 1 1 1 1 1 1 1 1 1 1 1 1 100 1 1 1 7 1 1 1 1 1 1 1 1 1 1 1 1 1 1 1 1 1 1 1 1 1 1 16 15 10 12 16 16 15 10 12 16 15 10 100 12 1 1 1 1 1 7 1 1 7 1 1 100 1 100 1 1
staticfield java/lang/invoke/MethodType internTable Ljdk/internal/util/ReferencedKeySet; jdk/internal/util/ReferencedKeySet
staticfield java/lang/invoke/MethodType NO_PTYPES [Ljava/lang/Class; 0 [Ljava/lang/Class;
staticfield java/lang/invoke/MethodType objectOnlyTypes [Ljava/lang/invoke/MethodType; 20 [Ljava/lang/invoke/MethodType;
staticfield java/lang/invoke/MethodType METHOD_HANDLE_ARRAY [Ljava/lang/Class; 1 [Ljava/lang/Class;
staticfield java/lang/invoke/MethodType serialPersistentFields [Ljava/io/ObjectStreamField; 0 [Ljava/io/ObjectStreamField;
staticfield java/lang/invoke/MethodType $assertionsDisabled Z 1
ciInstanceKlass java/lang/invoke/TypeDescriptor$OfMethod 1 0 43 100 1 100 1 100 1 1 1 1 1 1 1 1 1 1 1 1 1 1 1 1 1 1 1 1 1 1 1 1 1 1 1 1 1 1 1 1 1 1 100 1 1
instanceKlass java/lang/reflect/InvocationTargetException
instanceKlass java/lang/IllegalAccessException
instanceKlass java/lang/InstantiationException
instanceKlass java/lang/NoSuchFieldException
instanceKlass java/lang/NoSuchMethodException
instanceKlass java/lang/ClassNotFoundException
ciInstanceKlass java/lang/ReflectiveOperationException 1 1 34 10 7 12 1 1 1 10 12 1 10 12 1 10 12 1 100 1 1 1 1 5 0 1 1 1 1 1 1 1 1 1 1 1
instanceKlass java/lang/invoke/DelegatingMethodHandle
instanceKlass java/lang/invoke/BoundMethodHandle
instanceKlass java/lang/invoke/DirectMethodHandle
ciInstanceKlass java/lang/invoke/MethodHandle 1 1 733 100 1 9 7 12 1 1 1 10 7 12 1 1 1 10 7 12 1 1 1 7 1 7 1 10 12 1 1 9 12 1 1 10 12 1 10 12 1 1 10 12 1 1 10 7 12 1 1 1 10 12 1 1 10 12 1 1 11 7 12 1 1 1 10 12 1 1 10 12 1 10 12 1 10 12 1 1 9 12 1 1 9 12 1 1 10 7 12 1 1 1 10 12 1 1 10 12 1 10 12 1 100 1 7 1 10 8 1 10 12 1 1 10 12 1 8 1 10 12 1 1 10 12 1 10 7 12 1 1 1 10 12 1 1 10 12 1 1 10 12 1 1 10 7 12 1 1 1 10 12 1 1 10 12 1 1 10 12 1 10 12 1 1 10 7 12 1 1 10 7 12 1 1 10 12 1 10 12 1 10 12 1 1 10 12 1 1 10 12 1 1 10 12 1 1 10 7 12 1 1 1 10 7 12 1 1 1 10 12 1 1 10 12 1 1 10 12 1 1 8 1 10 7 12 1 1 1 8 1 10 12 1 10 12 1 1 10 12 1 1 10 12 1 8 1 10 12 1 1 8 1 10 12 1 8 1 10 7 12 1 1 1 9 12 1 1 100 1 10 9 7 12 1 1 1 9 7 1 8 1 10 12 1 1 10 12 1 10 12 1 1 10 12 1 10 12 1 1 10 12 1 10 12 1 1 10 12 1 10 12 1 1 10 12 1 1 8 1 10 12 1 1 8 1 10 12 1 10 12 1 1 10 12 1 10 12 1 10 12 1 1 9 100 12 1 1 1 10 12 1 1 11 12 1 10 12 1 10 12 1 1 10 100 12 1 1 100 1 11 12 1 10 100 1 11 12 1 7 1 10 12 1 11 12 1 9 100 12 1 1 1 11 12 1 1 11 100 12 1 1 1 10 12 1 1 9 12 1 11 12 1 9 12 1 9 12 1 9 12 1 11 12 1 1 9 12 1 9 12 1 9 12 1 9 12 1 9 12 1 9 12 1 9 12 1 8 1 10 12 1 10 12 1 8 1 10 12 1 10 12 1 10 12 1 1 10 10 10 7 12 1 1 10 12 1 1 100 1 100 1 8 1 8 1 10 10 12 1 1 10 12 1 10 12 1 7 1 10 100 12 1 1 1 10 9 7 12 1 1 1 10 12 1 1 10 12 1 1 8 1 8 1 10 7 12 1 1 9 12 1 9 12 1 1 9 12 1 1 10 12 1 7 1 10 12 1 10 12 1 1 9 12 1 1 9 12 1 1 10 7 12 1 1 1 11 7 12 1 1 9 12 1 10 12 1 1 9 12 1 10 12 1 8 10 12 1 1 8 1 1 1 1 1 1 1 1 7 1 1 1 1 1 1 1 1 1 1 1 1 1 1 1 1 1 1 1 1 1 1 1 1 1 1 1 1 1 1 100 1 1 1 1 1 1 1 1 1 1 1 1 1 1 1 1 1 1 1 1 1 1 1 1 1 1 1 1 1 1 1 1 1 1 1 1 1 1 1 1 1 1 1 1 1 1 1 1 1 1 1 1 1 1 1 1 1 1 1 1 1 1 1 1 1 1 1 1 1 1 1 1 1 1 1 1 1 1 1 1 1 1 1 1 1 1 100 1 1 100 1 7 1 100 1 1 100 1 1 100 1 1 1 1
staticfield java/lang/invoke/MethodHandle FORM_OFFSET J 20
staticfield java/lang/invoke/MethodHandle UPDATE_OFFSET J 13
staticfield java/lang/invoke/MethodHandle $assertionsDisabled Z 1
ciInstanceKlass java/util/concurrent/ConcurrentHashMap 1 1 1210 7 1 7 1 3 10 12 1 1 3 7 1 10 7 12 1 1 1 7 1 10 7 12 1 1 1 100 1 11 12 1 1 11 12 1 11 12 1 1 9 12 1 1 9 12 1 1 9 12 1 10 7 12 1 1 1 7 1 10 12 1 1 10 12 1 1 10 7 12 1 1 1 4 10 12 1 9 12 1 10 12 1 1 100 1 10 5 0 10 12 1 10 12 1 1 5 0 10 12 1 1 10 12 1 9 12 1 1 10 12 1 1 9 12 1 9 12 1 1 10 12 1 1 9 12 1 10 12 1 1 9 12 1 1 10 12 1 1 100 1 10 100 1 10 12 1 10 12 1 1 10 12 1 1 10 12 1 1 10 12 1 10 12 1 1 10 12 1 1 100 1 10 12 1 1 7 1 100 1 8 1 10 12 1 10 12 1 1 10 12 1 1 11 7 12 1 1 10 12 1 1 11 12 1 1 11 7 12 1 1 1 11 7 12 1 1 1 11 12 1 7 1 11 12 1 11 12 1 10 12 1 1 10 12 1 1 9 12 1 1 10 100 12 1 1 1 9 10 12 1 1 9 12 1 10 12 1 1 5 0 9 12 1 1 7 1 10 12 1 9 12 1 1 7 1 10 12 1 9 12 1 7 1 10 7 1 10 10 12 1 1 8 1 10 12 1 10 12 1 1 11 100 1 10 12 1 10 100 12 1 1 1 8 1 10 100 12 1 1 1 8 1 10 12 1 8 1 10 12 1 10 12 1 1 10 100 12 1 1 10 12 1 10 12 1 10 12 1 9 12 1 9 10 12 1 9 12 1 1 11 100 12 1 1 1 11 7 12 1 1 1 100 1 10 12 11 100 12 1 1 10 11 7 12 1 10 12 1 100 1 10 12 1 100 1 10 10 9 7 12 1 1 1 10 12 3 10 7 12 1 1 9 12 1 10 12 1 1 9 12 1 1 9 12 1 10 12 1 1 10 100 12 1 1 9 12 1 9 7 12 1 1 10 12 1 1 10 12 1 3 9 12 1 9 12 1 10 12 1 1 7 1 9 3 9 12 1 7 1 10 12 1 9 12 1 10 12 1 9 12 1 10 12 1 9 12 1 10 100 12 1 1 1 100 10 12 1 7 1 5 0 10 100 12 1 1 100 1 10 12 1 1 10 12 1 10 12 1 100 1 10 12 1 10 100 1 100 1 10 10 12 1 10 100 1 10 12 1 10 100 1 10 12 1 10 7 1 10 12 1 1 100 1 10 12 1 10 10 12 1 100 1 10 12 1 10 10 12 1 100 1 10 12 1 10 100 1 10 12 1 10 100 1 10 12 1 10 100 1 10 12 1 10 100 1 10 12 1 10 100 1 10 12 1 10 100 1 10 12 1 10 100 1 10 12 1 10 100 1 10 10 100 1 10 10 100 1 10 10 100 1 10 12 1 10 100 1 10 12 1 10 100 1 10 12 1 10 100 1 10 12 1 10 100 1 10 12 1 10 100 1 10 10 100 1 10 10 100 1 10 10 100 1 10 12 1 10 100 1 10 12 1 10 100 1 10 12 1 10 100 1 10 12 1 10 100 1 10 12 1 10 10 12 1 10 7 12 1 1 1 10 12 1 7 1 7 1 10 12 1 9 12 1 1 9 12 1 1 10 12 1 1 8 10 12 1 1 8 8 8 8 7 10 12 1 1 10 12 1 100 1 8 1 10 7 1 7 1 7 1 1 1 5 0 1 1 3 1 3 1 1 1 1 3 1 3 1 3 1 1 1 1 1 3 1 3 1 3 1 1 1 1 1 1 1 1 1 1 1 1 1 1 1 1 1 1 1 1 1 1 1 1 1 100 1 1 1 1 1 1 1 1 1 1 1 1 1 1 1 1 1 1 1 1 1 1 1 1 1 1 1 1 1 1 1 1 1 1 1 1 1 1 1 1 1 1 1 1 1 1 1 1 1 1 1 1 1 1 1 1 1 1 1 1 1 1 1 1 1 1 1 1 1 1 1 1 1 1 1 1 1 1 1 1 1 1 1 1 100 1 1 1 1 1 1 1 1 1 1 1 7 1 1 1 1 1 1 1 1 1 1 1 1 1 1 1 1 1 1 1 1 1 1 1 1 1 1 1 1 1 1 1 1 1 1 1 1 1 1 1 1 1 1 1 1 1 1 1 1 1 1 1 1 1 1 1 1 1 1 1 1 1 1 1 1 1 1 1 1 1 1 1 1 1 1 1 1 1 1 1 1 1 1 1 1 1 1 1 1 1 1 1 1 1 1 1 1 1 1 1 1 1 1 1 1 1 1 1 1 1 1 1 1 1 1 1 1 1 1 1 1 1 1 1 1 1 1 1 1 1 1 1 1 1 1 1 1 1 1 1 1 1 1 1 1 1 1 1 1 1 1 1 1 1 1 1 1 1 1 1 1 1 1 1 1 1 1 1 1 1 1 1 1 1 1 1 1 1 1 1 1 1 1 1 1 1 1 1 1 1 1 1 1 1 1 1 1 1 1 1 1 1 1 1 1 1 1 1 1 1 1 1 1 1 1 1 1 1 1 1 1 1 1 1 100 1 100 1 100 1 100 1 100 1 100 1 100 1 100 1 100 1 1 1 1 1 1 1 1 1 1 1 1 1 1 1 1 1 1 1 1 1 1 1 1 1 1 1 1 1 1 1 1 1 1 1 1 1 1 1 1 1 1 1 1 1 1 1 1 1 1 1 1 1 1 1 1 1 1
staticfield java/util/concurrent/ConcurrentHashMap NCPU I 8
staticfield java/util/concurrent/ConcurrentHashMap serialPersistentFields [Ljava/io/ObjectStreamField; 3 [Ljava/io/ObjectStreamField;
staticfield java/util/concurrent/ConcurrentHashMap U Ljdk/internal/misc/Unsafe; jdk/internal/misc/Unsafe
staticfield java/util/concurrent/ConcurrentHashMap SIZECTL J 20
staticfield java/util/concurrent/ConcurrentHashMap TRANSFERINDEX J 32
staticfield java/util/concurrent/ConcurrentHashMap BASECOUNT J 24
staticfield java/util/concurrent/ConcurrentHashMap CELLSBUSY J 36
staticfield java/util/concurrent/ConcurrentHashMap CELLVALUE J 144
staticfield java/util/concurrent/ConcurrentHashMap ABASE I 16
staticfield java/util/concurrent/ConcurrentHashMap ASHIFT I 2
instanceKlass java/util/Collections$SingletonMap
instanceKlass com/google/common/collect/MapMakerInternalMap
instanceKlass com/google/common/cache/LocalCache
instanceKlass java/util/concurrent/ConcurrentSkipListMap
instanceKlass java/util/TreeMap
instanceKlass java/util/IdentityHashMap
instanceKlass java/util/EnumMap
instanceKlass java/util/WeakHashMap
instanceKlass java/util/Collections$EmptyMap
instanceKlass sun/util/PreHashedMap
instanceKlass java/util/HashMap
instanceKlass java/util/ImmutableCollections$AbstractImmutableMap
instanceKlass java/util/concurrent/ConcurrentHashMap
ciInstanceKlass java/util/AbstractMap 1 1 196 10 7 12 1 1 1 10 7 12 1 1 1 11 7 12 1 1 1 10 11 12 1 1 11 7 12 1 1 1 11 12 1 1 7 1 11 12 1 10 12 1 1 11 12 1 100 1 10 11 12 1 11 7 1 10 12 1 1 11 12 1 9 12 1 1 100 1 10 12 1 9 12 1 1 100 1 10 11 11 12 1 1 11 12 1 7 1 100 1 11 12 1 8 1 7 1 10 10 12 1 1 8 1 10 12 1 10 12 1 1 10 12 1 1 1 1 1 1 1 1 1 1 1 1 1 1 1 1 1 1 1 1 1 1 1 1 1 1 1 1 1 1 1 1 1 1 1 1 1 1 1 1 7 1 1 1 1 1 1 1 7 1 1 1 1 1 1 1 1 1 7 1 1 1 1 1 1 1 1 1 100 1 100 1 100 1 100 1 100 1 1 1 1 1 1
ciMethod java/util/concurrent/ConcurrentHashMap get (Ljava/lang/Object;)Ljava/lang/Object; 516 0 11526 0 688
ciMethod java/util/concurrent/ConcurrentHashMap putIfAbsent (Ljava/lang/Object;Ljava/lang/Object;)Ljava/lang/Object; 512 0 14294 0 104
ciInstanceKlass java/util/concurrent/ConcurrentMap 1 1 208 11 7 12 1 1 1 10 100 12 1 1 11 12 1 1 11 100 12 1 1 1 11 7 12 1 1 1 11 12 1 1 100 1 11 12 1 11 12 1 100 1 11 100 12 1 1 1 18 12 1 11 12 1 1 11 100 12 1 1 11 12 1 1 11 100 12 1 11 12 1 1 11 12 1 1 7 1 7 1 1 1 1 1 1 1 1 1 1 1 1 1 1 1 1 1 1 1 1 1 1 1 1 1 1 1 1 1 1 1 1 1 1 1 1 1 1 1 1 1 1 1 1 1 1 1 1 1 1 1 1 1 1 1 1 1 1 1 1 16 15 11 12 15 10 100 12 1 1 1 1 1 100 1 100 1 1 1 100 1 8 1 1 12 10 1 1 1 8 1 1 1 8 1 1 8 1 1 1 8 1 1 1 8 1 1 1 8 1 1 1 8 1 1 1 8 1 1 1 8 1 1 1 8 1 1 8 1
ciInstanceKlass jdk/internal/loader/ClassLoaders 1 1 183 10 7 12 1 1 1 10 7 12 1 1 1 10 12 1 1 10 100 12 1 1 1 9 7 12 1 1 1 9 12 1 1 9 12 1 1 7 1 11 100 12 1 1 1 100 1 11 12 1 1 11 12 1 1 10 100 12 1 1 1 10 100 12 1 1 1 100 1 100 1 10 7 12 1 1 1 9 12 1 1 10 12 1 1 7 1 10 12 1 1 10 12 1 7 1 8 1 10 7 12 1 1 1 10 12 1 1 7 1 10 12 1 10 12 1 10 12 1 8 1 10 7 12 1 1 8 1 8 1 10 12 1 7 1 10 12 1 10 12 1 10 12 1 1 1 1 1 1 1 1 1 1 1 1 1 1 1 1 1 1 1 1 7 1 1 1 1 1 1 1 1 1 1 1 1 1 1 1 1 1 1 1
staticfield jdk/internal/loader/ClassLoaders JLA Ljdk/internal/access/JavaLangAccess; java/lang/System$2
staticfield jdk/internal/loader/ClassLoaders BOOT_LOADER Ljdk/internal/loader/ClassLoaders$BootClassLoader; jdk/internal/loader/ClassLoaders$BootClassLoader
staticfield jdk/internal/loader/ClassLoaders PLATFORM_LOADER Ljdk/internal/loader/ClassLoaders$PlatformClassLoader; jdk/internal/loader/ClassLoaders$PlatformClassLoader
staticfield jdk/internal/loader/ClassLoaders APP_LOADER Ljdk/internal/loader/ClassLoaders$AppClassLoader; jdk/internal/loader/ClassLoaders$AppClassLoader
instanceKlass jdk/internal/loader/ClassLoaders$BootClassLoader
instanceKlass jdk/internal/loader/ClassLoaders$PlatformClassLoader
instanceKlass jdk/internal/loader/ClassLoaders$AppClassLoader
ciInstanceKlass jdk/internal/loader/BuiltinClassLoader 1 1 737 9 7 12 1 1 1 10 7 12 1 1 1 10 7 12 1 1 1 9 12 1 1 9 12 1 1 7 1 10 12 1 9 12 1 10 12 1 9 12 1 10 7 12 1 1 1 10 7 12 1 1 1 10 7 12 1 1 1 11 7 12 1 1 1 7 1 7 1 10 10 12 1 1 8 1 10 12 1 10 12 7 1 10 12 1 10 12 1 1 11 7 12 1 1 1 11 7 12 1 1 1 11 12 1 1 7 1 8 1 8 1 10 9 12 1 1 10 7 12 1 1 11 12 1 1 10 12 1 1 10 12 1 1 10 12 1 1 10 7 12 1 1 1 10 12 1 10 7 12 1 1 1 10 12 1 1 11 7 12 1 1 1 10 7 12 1 1 7 1 10 7 12 1 1 1 10 12 1 100 1 8 1 10 12 1 1 10 8 1 10 12 1 1 10 12 1 1 10 12 1 1 11 7 12 1 1 11 12 1 7 1 10 11 12 1 1 11 10 12 1 1 7 1 10 12 1 10 7 12 1 10 12 1 7 1 10 12 1 10 7 12 1 1 1 100 1 10 12 1 1 11 12 1 100 1 100 1 10 12 1 10 12 1 1 100 1 100 1 10 12 1 10 12 1 18 12 1 1 10 12 1 10 12 1 1 18 100 1 10 7 12 1 1 1 7 1 10 10 12 1 1 10 12 1 1 10 12 1 1 10 12 1 9 12 1 1 100 1 10 10 12 1 1 10 12 1 1 10 12 1 10 12 10 12 1 1 10 12 1 1 10 12 1 1 10 12 1 10 12 1 1 18 12 1 7 1 10 12 1 1 10 12 1 10 12 1 1 10 12 1 100 1 10 12 1 7 1 10 12 1 10 7 12 1 1 1 10 12 1 11 12 1 7 1 10 12 1 7 1 100 1 10 12 1 10 12 1 11 12 1 1 10 12 1 1 10 12 1 1 10 12 1 1 10 12 1 1 10 12 1 10 12 1 10 12 1 10 12 1 8 1 10 12 1 1 10 7 12 1 1 10 12 1 100 1 8 1 8 1 10 10 12 1 8 1 8 1 10 7 12 1 1 1 11 7 12 1 1 1 9 7 12 1 1 1 10 7 12 1 1 1 9 12 1 9 12 1 9 12 1 9 12 1 9 12 1 9 12 1 10 7 12 1 1 1 8 1 10 12 1 7 1 10 12 1 1 10 12 1 7 1 10 11 12 1 1 10 12 10 12 1 10 12 1 100 1 10 12 1 10 12 1 10 10 12 1 10 7 12 1 1 8 1 10 7 12 1 1 10 12 1 1 1 1 1 1 1 1 1 1 1 1 1 1 1 1 1 1 1 1 1 1 1 1 1 1 1 1 1 1 1 1 1 1 1 1 1 1 1 1 1 1 1 1 1 1 1 1 1 1 1 1 1 1 1 1 7 1 1 1 1 1 1 1 1 1 1 1 1 1 1 1 1 1 1 7 1 7 1 1 1 1 1 1 1 1 1 1 1 1 1 1 1 1 1 1 1 1 1 1 1 1 1 1 1 1 1 1 1 1 1 1 1 1 1 1 1 1 1 1 1 1 1 1 1 1 1 1 1 100 1 1 16 15 10 12 16 15 10 12 16 15 10 12 16 1 15 10 100 12 1 1 1 1 1 100 1 1 1 1 1 100 1 100 1 1
staticfield jdk/internal/loader/BuiltinClassLoader packageToModule Ljava/util/Map; java/util/concurrent/ConcurrentHashMap
staticfield jdk/internal/loader/BuiltinClassLoader $assertionsDisabled Z 1
ciInstanceKlass jdk/internal/loader/ClassLoaders$AppClassLoader 1 1 119 8 1 10 7 12 1 1 1 10 7 12 1 1 1 10 7 12 1 1 1 10 12 1 1 10 7 12 1 1 1 10 12 1 1 10 12 1 1 7 1 8 1 10 12 10 7 12 1 1 1 10 7 12 1 1 10 12 1 1 10 12 1 1 10 7 12 1 1 1 7 1 10 12 1 1 1 1 1 1 1 1 1 1 1 1 1 1 1 1 1 1 1 1 1 7 1 1 1 1 1 1 1 1 1 1 1 1 1 1 1 1 1 1 1 7 1 1 1
ciInstanceKlass jdk/internal/loader/ClassLoaders$PlatformClassLoader 1 1 42 8 1 10 7 12 1 1 1 10 7 12 1 1 1 7 1 10 12 1 7 1 1 1 1 1 1 1 1 1 1 1 1 1 1 7 1 1 1 100 1 1
ciInstanceKlass java/lang/ArithmeticException 1 1 26 10 100 12 1 1 1 10 12 1 100 1 1 1 1 5 0 1 1 1 1 1 1 1 1 1
ciInstanceKlass java/lang/ArrayStoreException 1 1 26 10 100 12 1 1 1 10 12 1 100 1 1 1 1 5 0 1 1 1 1 1 1 1 1 1
instanceKlass org/codehaus/groovy/runtime/typehandling/GroovyCastException
ciInstanceKlass java/lang/ClassCastException 1 1 26 10 100 12 1 1 1 10 12 1 100 1 1 1 1 5 0 1 1 1 1 1 1 1 1 1
ciInstanceKlass java/lang/ClassNotFoundException 1 1 96 7 1 10 7 12 1 1 1 10 12 1 10 12 1 1 10 100 12 1 1 1 8 1 10 100 12 1 1 1 10 7 12 1 1 10 100 12 1 1 1 10 100 12 1 1 1 10 12 1 1 7 1 10 12 1 9 12 1 1 1 1 1 5 0 1 1 1 1 1 1 1 1 1 1 1 1 1 1 1 1 1 1 100 1 1 1 1 1 1 1 1 1 1 1 1
staticfield java/lang/ClassNotFoundException serialPersistentFields [Ljava/io/ObjectStreamField; 1 [Ljava/io/ObjectStreamField;
instanceKlass java/security/InvalidParameterException
instanceKlass java/lang/NumberFormatException
instanceKlass org/gradle/internal/service/UnknownServiceException
instanceKlass org/gradle/internal/service/UnknownServiceException
ciInstanceKlass java/lang/IllegalArgumentException 1 1 35 10 100 12 1 1 1 10 12 1 10 12 1 10 12 1 100 1 1 1 1 5 0 1 1 1 1 1 1 1 1 1 1 1 1
ciMethod java/lang/IllegalArgumentException <init> (Ljava/lang/String;)V 0 0 1 0 -1
ciInstanceKlass java/lang/IllegalMonitorStateException 1 1 26 10 100 12 1 1 1 10 12 1 100 1 1 1 1 5 0 1 1 1 1 1 1 1 1 1
ciInstanceKlass java/lang/BootstrapMethodError 0 0 45 10 100 12 1 1 1 10 12 1 10 12 1 10 100 12 1 1 1 10 100 12 1 1 1 1 1 1 5 0 1 1 1 1 1 1 1 1 1 1 1 100 1 1 1
instanceKlass java/lang/ClassFormatError
instanceKlass java/lang/UnsatisfiedLinkError
instanceKlass java/lang/IncompatibleClassChangeError
instanceKlass java/lang/BootstrapMethodError
instanceKlass java/lang/NoClassDefFoundError
ciInstanceKlass java/lang/LinkageError 1 1 31 10 7 12 1 1 1 10 12 1 10 12 1 100 1 1 1 1 5 0 1 1 1 1 1 1 1 1 1 1 1
instanceKlass kotlin/KotlinNullPointerException
ciInstanceKlass java/lang/NullPointerException 1 1 52 10 100 12 1 1 1 10 12 1 9 100 12 1 1 1 10 12 1 1 9 12 1 1 10 12 1 1 10 12 1 1 1 1 5 0 1 1 1 1 1 1 1 1 100 1 100 1 100 1 1 1
ciInstanceKlass java/lang/NoClassDefFoundError 0 0 26 10 100 12 1 1 1 10 12 1 100 1 1 1 1 5 0 1 1 1 1 1 1 1 1 1
ciInstanceKlass java/lang/StackOverflowError 1 1 26 10 100 12 1 1 1 10 12 1 100 1 1 1 1 5 0 1 1 1 1 1 1 1 1 1
ciInstanceKlass java/lang/StackTraceElement 1 1 235 10 7 12 1 1 1 10 7 12 1 1 9 12 1 1 9 12 1 1 9 12 1 9 12 1 8 1 10 100 12 1 1 1 7 1 9 12 1 8 1 9 12 1 9 12 1 9 12 1 1 10 12 1 1 10 12 1 8 1 10 100 12 1 1 1 7 1 10 12 1 10 12 1 1 10 12 1 10 12 1 1 10 12 1 10 12 1 10 10 12 1 8 1 10 12 1 10 12 1 1 10 12 1 1 10 12 1 10 12 1 10 12 1 9 12 1 1 10 7 12 1 1 1 10 12 1 1 7 1 10 12 1 1 10 7 12 1 1 10 7 12 1 1 1 10 7 12 1 1 10 7 12 1 1 10 10 12 1 1 10 12 1 1 10 12 1 1 10 12 1 7 1 1 1 1 1 1 1 3 1 3 1 1 5 0 1 1 1 1 1 1 1 1 1 1 1 1 1 1 1 1 1 1 1 1 1 1 1 1 1 1 1 1 1 7 1 7 1 1 1 1 1 1 1 100 1 1 1 1 1 1 1 1 1
instanceKlass java/util/concurrent/locks/AbstractQueuedSynchronizer
ciInstanceKlass java/util/concurrent/locks/AbstractOwnableSynchronizer 1 1 32 10 7 12 1 1 1 9 7 12 1 1 1 100 1 1 1 1 5 0 1 1 1 1 1 1 1 1 1 1 1 1
ciInstanceKlass jdk/internal/vm/Continuation 0 0 549 9 100 12 1 1 1 9 12 1 9 12 1 100 1 7 1 10 12 1 1 8 1 10 12 1 1 10 12 1 10 12 1 1 10 12 1 9 7 12 1 1 1 11 100 12 1 1 1 10 7 1 9 12 1 1 9 12 1 1 10 8 1 10 12 1 9 12 1 1 10 11 12 1 1 100 1 10 100 12 1 1 1 10 12 1 1 10 12 1 10 12 1 1 11 12 1 1 9 12 1 1 10 12 1 1 18 12 1 1 10 7 12 1 1 1 100 1 10 12 1 11 100 12 1 1 1 10 12 1 9 12 1 10 12 1 1 100 1 8 1 10 12 1 10 12 1 1 9 12 1 1 11 12 1 1 9 12 1 1 8 1 10 11 12 1 1 11 12 1 1 10 12 1 1 10 12 1 1 9 12 1 10 12 1 10 10 12 1 8 1 10 12 1 8 1 8 1 10 7 12 1 1 1 10 7 12 1 1 1 10 12 1 9 12 1 11 12 1 7 1 10 12 1 10 12 1 1 9 12 1 1 7 1 10 12 1 1 9 12 1 1 10 12 1 10 12 1 11 7 12 1 1 10 7 1 10 12 1 8 1 9 12 1 10 12 1 1 9 12 1 1 10 7 12 1 1 8 1 8 1 8 1 8 1 10 12 1 1 10 12 1 10 12 1 10 12 1 10 12 1 1 10 12 1 1 8 1 10 12 1 1 9 12 1 1 10 12 1 1 9 12 1 8 1 10 7 12 1 1 1 10 12 1 8 1 100 1 8 1 10 9 12 1 1 8 1 10 7 12 1 1 10 100 12 1 1 8 1 8 1 10 12 10 100 12 1 1 1 10 7 1 10 7 12 1 1 1 18 11 100 12 1 1 1 18 12 1 11 12 1 1 7 1 10 7 12 1 1 10 12 1 1 8 10 12 1 1 10 100 12 1 1 1 10 100 12 1 1 10 12 1 8 1 10 12 1 7 1 7 1 10 12 1 1 1 1 1 1 1 1 1 1 1 1 1 1 1 1 1 1 1 1 1 1 1 1 1 1 1 1 1 1 1 1 1 1 1 1 1 1 1 1 1 1 1 1 1 1 1 1 1 1 1 1 1 1 1 1 1 1 1 1 1 1 1 1 1 1 1 1 1 1 1 1 1 1 1 100 1 1 16 1 15 10 12 16 15 11 7 12 1 1 1 16 1 16 1 15 10 12 16 15 10 100 12 1 1 1 1 1 1 1 1 100 1 100 1 1
ciInstanceKlass jdk/internal/misc/UnsafeConstants 1 1 34 10 100 12 1 1 1 9 7 12 1 1 1 9 12 1 9 12 1 1 9 12 1 9 12 1 1 1 1 1 1 1 1 1
staticfield jdk/internal/misc/UnsafeConstants ADDRESS_SIZE0 I 8
staticfield jdk/internal/misc/UnsafeConstants PAGE_SIZE I 4096
staticfield jdk/internal/misc/UnsafeConstants BIG_ENDIAN Z 0
staticfield jdk/internal/misc/UnsafeConstants UNALIGNED_ACCESS Z 1
staticfield jdk/internal/misc/UnsafeConstants DATA_CACHE_LINE_FLUSH_SIZE I 0
instanceKlass groovy/lang/SpreadMap
instanceKlass java/lang/ProcessEnvironment
instanceKlass java/util/LinkedHashMap
ciInstanceKlass java/util/HashMap 1 1 629 10 7 12 1 1 1 7 1 10 12 1 1 7 1 10 7 12 1 1 1 100 1 11 12 1 1 11 12 1 11 12 1 1 10 7 12 1 1 1 7 1 3 10 7 12 1 1 1 100 1 7 1 10 8 1 10 12 1 1 10 12 1 10 12 1 1 10 12 1 10 7 12 1 1 1 8 1 10 12 1 9 12 1 1 10 12 1 9 12 1 1 4 10 12 1 10 12 1 1 11 7 12 1 1 9 12 1 1 10 7 12 1 1 1 6 0 10 12 1 1 11 12 1 1 11 7 12 1 1 1 11 7 12 1 1 1 11 12 1 1 7 1 11 12 1 11 12 1 10 12 1 10 12 1 1 9 12 10 12 1 1 9 7 12 1 1 1 9 12 9 12 1 10 12 1 1 9 12 1 7 1 10 12 1 1 10 12 1 1 10 12 1 1 10 12 1 1 10 12 1 1 9 12 1 10 12 1 1 3 4 10 12 1 1 10 12 1 1 9 12 1 1 9 10 12 1 1 10 12 1 1 10 12 1 1 10 12 1 9 12 1 1 7 1 10 12 1 10 12 1 10 7 12 1 1 1 7 1 9 12 1 1 7 1 10 9 12 7 1 10 100 1 10 11 7 12 1 1 1 100 1 10 11 100 12 1 1 11 100 12 1 1 1 10 12 1 100 1 7 1 10 12 1 10 12 1 10 12 1 10 7 12 1 1 10 12 1 1 10 12 1 1 10 100 12 1 1 1 8 10 100 12 1 1 1 100 1 10 4 4 10 12 1 1 10 100 12 1 1 1 10 12 1 8 1 6 0 10 100 12 1 1 1 100 1 11 100 12 1 1 1 10 12 1 10 12 1 10 10 12 1 1 6 0 8 1 10 12 1 10 12 7 1 7 1 1 1 1 5 0 1 3 1 1 1 3 1 3 1 3 1 1 1 1 1 1 1 1 1 1 1 1 1 1 1 1 1 1 1 1 1 1 100 1 1 1 1 1 1 1 1 1 1 1 1 1 1 1 1 1 1 1 1 1 1 1 1 1 1 1 1 1 1 1 1 1 100 1 1 1 1 1 1 1 1 1 1 1 1 1 1 1 1 1 1 1 1 1 1 1 1 1 1 1 1 1 1 1 1 1 1 1 1 1 1 1 1 1 1 1 1 1 1 1 1 1 1 1 7 1 1 1 1 1 1 1 1 1 1 1 1 1 1 1 1 1 1 1 1 1 1 1 1 1 1 1 1 1 1 1 1 1 1 1 1 1 1 1 1 1 1 1 1 1 1 1 1 7 1 1 1 1 1 1 1 1 7 1 1 1 1 1 1 1 1 1 1 1 1 1 1 1 1 1 1 100 1 100 1 100 1 100 1 100 1 100 1 100 1 100 1 1 1 1 1 1 1 1 1 1 1 1 1 1 1 1 1 1
ciMethod java/util/HashMap remove (Ljava/lang/Object;)Ljava/lang/Object; 306 0 5274 0 2632
ciMethod java/util/HashMap put (Ljava/lang/Object;Ljava/lang/Object;)Ljava/lang/Object; 512 0 22792 0 -1
ciInstanceKlass java/lang/invoke/LambdaForm 1 1 1059 7 1 100 1 10 7 12 1 1 1 9 12 1 1 9 12 1 9 12 1 9 12 1 1 9 12 1 1 9 12 1 1 9 12 1 1 9 12 1 1 9 12 1 10 7 12 1 1 9 12 1 10 12 1 1 100 1 10 10 12 1 1 10 12 1 10 12 1 10 12 1 1 10 12 1 9 12 1 9 12 1 10 12 1 1 10 7 12 1 1 1 10 12 1 1 9 100 12 1 1 1 10 12 1 1 9 7 12 1 1 10 12 1 10 12 1 1 10 12 1 1 10 12 1 1 7 1 10 7 12 1 1 1 10 12 1 1 10 12 1 10 12 1 1 9 12 1 1 9 12 1 9 12 1 1 10 12 1 9 12 1 10 100 12 1 1 1 10 12 1 1 7 1 10 12 1 9 12 1 1 10 7 12 1 1 1 10 12 1 10 12 1 7 1 10 12 1 10 12 1 10 12 1 1 10 12 1 1 10 12 1 10 12 1 10 12 1 10 12 1 1 8 1 10 12 1 10 12 1 10 10 12 1 8 1 8 1 9 12 1 9 12 1 1 10 12 1 1 10 12 1 9 12 1 10 12 1 1 10 7 12 1 1 1 10 12 1 1 10 12 1 10 12 1 10 100 12 1 1 1 9 12 1 10 12 1 8 1 8 1 8 1 8 1 8 1 8 1 8 1 8 1 10 12 1 9 12 1 7 1 10 12 1 1 9 12 1 10 12 1 10 12 1 1 10 12 10 12 1 10 12 1 1 10 12 1 1 10 10 12 1 1 10 12 1 1 7 1 8 1 10 12 1 1 10 12 1 10 12 1 1 10 8 1 10 12 1 1 8 1 8 1 8 1 10 12 1 10 12 1 10 12 1 1 100 1 10 12 1 1 10 12 1 1 10 7 12 1 1 1 10 12 1 1 9 12 1 1 8 1 10 100 12 1 1 1 10 7 12 1 1 10 12 10 12 1 1 10 12 1 1 9 12 1 8 10 12 1 1 100 1 10 12 1 1 10 12 1 9 7 12 1 1 9 7 12 1 1 1 8 1 10 100 12 1 1 10 12 1 1 7 1 7 1 10 10 12 1 1 10 12 1 1 8 1 8 1 7 1 8 1 10 12 10 12 1 10 12 1 10 12 1 1 8 1 8 1 10 12 1 10 12 1 1 8 1 8 1 8 1 7 1 8 1 7 1 8 1 7 1 8 1 10 12 1 8 1 9 10 7 12 1 1 1 10 12 1 9 12 1 1 10 12 1 10 10 12 1 10 12 1 10 12 1 10 12 1 1 10 12 1 10 12 1 1 10 12 1 1 10 12 1 1 10 12 1 1 8 1 100 10 12 1 10 12 1 9 12 1 1 10 7 12 1 1 8 1 8 1 7 1 8 1 8 1 8 1 8 1 8 1 8 1 8 1 8 1 10 12 1 1 10 12 1 1 10 12 1 10 12 1 10 12 1 10 12 1 8 1 8 1 8 1 10 12 1 8 1 10 12 1 8 1 8 1 8 1 8 1 8 1 10 12 1 10 12 1 10 12 1 1 10 7 12 1 1 1 10 12 1 10 12 1 10 12 1 10 12 1 10 12 1 10 12 1 10 12 1 9 12 1 1 8 1 10 12 1 1 9 12 1 1 10 12 1 1 9 12 1 9 12 1 1 9 12 1 9 12 1 1 7 1 10 7 12 1 1 1 9 12 1 10 12 1 10 12 1 8 1 10 12 1 9 12 1 1 7 1 10 7 12 1 1 1 8 1 100 1 10 12 1 9 12 1 9 12 1 10 12 1 10 12 1 10 7 12 1 1 1 10 12 1 9 7 12 1 1 10 12 1 1 10 12 1 10 12 1 10 12 1 9 12 10 12 1 10 10 12 1 9 12 1 9 9 12 1 7 9 12 1 1 10 12 1 1 9 12 1 10 12 1 10 7 1 9 1 1 1 1 3 1 3 1 1 3 1 3 1 1 1 1 1 1 1 1 1 1 1 1 1 1 1 1 1 1 1 1 1 1 1 1 1 1 1 1 1 1 1 1 1 1 1 1 1 1 1 1 1 1 1 1 1 1 1 1 1 1 1 100 1 1 1 1 1 1 1 1 1 1 1 1 1 1 1 1 1 1 1 1 1 1 1 1 1 1 1 1 1 1 1 1 1 1 1 1 1 1 1 1 1 1 1 1 1 1 1 1 1 1 1 1 1 1 1 1 1 1 1 1 1 1 100 1 1 1 1 1 1 1 1 1 1 1 1 1 1 1 1 1 1 1 1 1 1 1 1 1 1 1 1 1 1 1 1 1 1 7 1 1 1 1 1 1 1 1 1 1 1 1 1 1 1 1 1 1 1 1 1 1 100 1 1 1 100 1 1 7 1 1 1 1 1 1 1 1 1 1 1
staticfield java/lang/invoke/LambdaForm DEFAULT_CUSTOMIZED Ljava/lang/invoke/MethodHandle; 
staticfield java/lang/invoke/LambdaForm DEFAULT_KIND Ljava/lang/invoke/LambdaForm$Kind; java/lang/invoke/LambdaForm$Kind
staticfield java/lang/invoke/LambdaForm COMPILE_THRESHOLD I 0
staticfield java/lang/invoke/LambdaForm INTERNED_ARGUMENTS [[Ljava/lang/invoke/LambdaForm$Name; 5 [[Ljava/lang/invoke/LambdaForm$Name;
staticfield java/lang/invoke/LambdaForm IMPL_NAMES Ljava/lang/invoke/MemberName$Factory; java/lang/invoke/MemberName$Factory
staticfield java/lang/invoke/LambdaForm LF_identity [Ljava/lang/invoke/LambdaForm; 6 [Ljava/lang/invoke/LambdaForm;
staticfield java/lang/invoke/LambdaForm LF_zero [Ljava/lang/invoke/LambdaForm; 6 [Ljava/lang/invoke/LambdaForm;
staticfield java/lang/invoke/LambdaForm NF_identity [Ljava/lang/invoke/LambdaForm$NamedFunction; 6 [Ljava/lang/invoke/LambdaForm$NamedFunction;
staticfield java/lang/invoke/LambdaForm NF_zero [Ljava/lang/invoke/LambdaForm$NamedFunction; 6 [Ljava/lang/invoke/LambdaForm$NamedFunction;
staticfield java/lang/invoke/LambdaForm createFormsLock Ljava/lang/Object; java/lang/Object
staticfield java/lang/invoke/LambdaForm DEBUG_NAME_COUNTERS Ljava/util/HashMap; 
staticfield java/lang/invoke/LambdaForm DEBUG_NAMES Ljava/util/HashMap; 
staticfield java/lang/invoke/LambdaForm TRACE_INTERPRETER Z 0
staticfield java/lang/invoke/LambdaForm $assertionsDisabled Z 1
ciInstanceKlass java/lang/invoke/MemberName 1 1 724 7 1 7 1 100 1 9 12 1 1 10 7 12 1 1 1 9 12 1 1 10 12 1 1 10 12 1 1 10 12 1 1 10 12 1 10 12 1 1 10 7 12 1 1 1 10 12 1 9 7 12 1 1 10 12 1 7 1 7 1 10 12 1 8 1 10 12 1 1 10 12 1 10 12 1 1 10 12 1 9 12 1 1 8 1 10 100 12 1 1 1 7 1 10 10 12 1 1 7 1 7 1 10 12 1 9 12 1 1 100 1 8 1 10 12 1 10 12 1 10 12 1 10 12 1 10 12 1 1 10 12 1 10 12 1 10 12 1 1 8 1 8 1 10 12 1 8 1 9 12 1 1 3 10 12 1 10 12 1 10 12 1 10 10 7 12 1 1 1 10 12 1 10 12 1 10 12 1 10 12 1 7 1 8 10 12 1 1 10 12 1 1 8 1 9 7 1 8 9 7 1 10 12 1 1 10 12 1 10 12 1 8 1 10 12 1 1 10 12 1 10 12 1 10 12 1 10 12 1 1 7 1 10 12 1 1 10 12 1 8 1 10 12 1 10 12 1 8 1 10 12 1 1 10 12 1 1 7 1 10 12 1 1 10 12 8 1 8 1 7 1 10 12 1 10 100 12 1 1 1 100 1 10 12 10 12 1 10 12 1 10 12 1 10 12 1 10 10 12 1 10 12 1 10 12 1 3 10 12 1 3 10 12 1 3 3 3 3 3 3 10 12 1 3 9 12 1 10 12 1 1 3 10 12 1 10 10 7 12 1 1 1 10 12 1 1 10 7 12 1 1 10 10 12 1 10 12 1 1 10 12 1 10 10 12 1 1 10 12 1 10 12 1 10 12 1 7 1 10 10 10 12 100 1 10 10 10 12 1 1 10 12 1 1 10 10 12 1 8 10 7 1 10 12 1 10 7 1 10 12 1 10 12 1 10 12 1 10 10 12 1 10 12 1 1 10 12 1 1 10 12 1 10 12 1 10 12 1 100 1 10 12 1 1 100 1 8 1 10 7 1 10 12 1 10 12 10 12 1 1 10 12 1 10 12 1 8 1 8 1 8 1 8 1 10 12 1 10 12 1 10 7 12 1 1 1 8 1 8 1 10 12 1 8 1 10 10 10 12 1 10 12 1 8 1 8 1 10 10 12 1 8 1 10 100 12 1 1 1 8 1 100 1 10 12 1 10 12 1 1 10 12 1 8 1 8 1 8 1 8 1 100 1 10 8 1 8 1 8 1 8 1 10 12 1 100 1 100 1 100 1 10 100 1 10 7 1 10 7 12 1 1 1 9 7 12 1 1 1 7 1 7 1 1 1 1 1 1 1 3 1 3 1 3 1 3 1 3 1 3 1 1 1 1 1 1 1 1 3 1 3 1 1 1 1 1 1 1 1 1 1 1 1 1 1 1 1 1 1 1 1 1 1 1 1 1 1 1 1 1 1 1 1 1 1 1 1 1 1 1 1 1 1 1 1 1 1 1 1 1 1 1 1 1 1 1 1 1 1 1 1 1 1 1 1 1 1 1 1 1 1 1 1 1 1 1 1 1 1 1 1 1 1 1 1 1 1 1 1 1 1 1 1 1 1 1 1 7 1 1 1 1 1 1 1 1 1 1 1 1 1 1 1
staticfield java/lang/invoke/MemberName $assertionsDisabled Z 1
instanceKlass java/lang/invoke/VarHandleReferences$Array
instanceKlass java/lang/invoke/VarHandleReferences$FieldStaticReadOnly
instanceKlass java/lang/invoke/VarHandleLongs$FieldInstanceReadOnly
instanceKlass java/lang/invoke/VarHandleBooleans$FieldInstanceReadOnly
instanceKlass java/lang/invoke/VarHandleInts$FieldInstanceReadOnly
instanceKlass java/lang/invoke/VarHandleByteArrayAsDoubles$ByteArrayViewVarHandle
instanceKlass java/lang/invoke/VarHandleByteArrayAsLongs$ByteArrayViewVarHandle
instanceKlass java/lang/invoke/VarHandleByteArrayAsFloats$ByteArrayViewVarHandle
instanceKlass java/lang/invoke/VarHandleByteArrayAsInts$ByteArrayViewVarHandle
instanceKlass java/lang/invoke/VarHandleByteArrayAsChars$ByteArrayViewVarHandle
instanceKlass java/lang/invoke/VarHandleByteArrayAsShorts$ByteArrayViewVarHandle
instanceKlass java/lang/invoke/VarHandleReferences$FieldInstanceReadOnly
ciInstanceKlass java/lang/invoke/VarHandle 1 1 474 10 7 12 1 1 1 10 7 12 1 1 9 12 1 1 9 12 1 1 100 1 10 8 1 10 12 1 1 10 7 12 1 1 1 10 12 1 1 10 7 12 1 1 1 9 100 12 1 1 1 10 12 1 1 10 7 12 1 1 1 10 12 1 1 9 12 1 10 12 1 9 12 1 1 10 7 12 1 1 10 12 1 9 100 12 1 1 1 9 12 1 1 10 12 1 1 100 1 7 1 10 8 1 10 12 1 1 10 12 1 8 1 10 12 1 10 12 1 9 12 1 1 9 12 1 10 12 1 10 12 1 1 10 12 1 10 10 100 12 1 1 1 10 12 1 1 10 12 1 1 10 7 12 1 1 1 10 100 12 1 1 1 10 100 12 1 1 1 9 12 1 1 9 10 12 1 10 12 1 1 10 12 1 1 10 12 1 10 7 12 1 1 1 9 12 1 1 10 12 1 1 9 12 1 10 12 1 10 12 1 10 7 12 1 1 100 1 10 9 7 12 1 1 1 9 12 1 1 10 7 12 1 1 1 10 12 1 10 12 1 10 12 1 10 12 1 10 12 1 10 12 1 1 8 10 12 1 1 7 1 10 12 1 1 7 1 1 1 1 1 1 1 1 1 1 1 1 1 1 1 1 1 1 1 1 1 1 1 1 1 1 1 1 1 1 1 1 1 1 1 1 1 1 1 1 1 1 1 1 1 1 1 1 1 1 1 1 1 1 1 1 1 1 1 1 1 1 1 1 1 1 1 1 100 1 1 1 1 1 1 1 1 100 1 1 1 1 1 1 1 1 1 1 1 1 100 1 100 1 1 100 1 100 1 100 1 100 1 100 1 100 1 100 1 100 1 100 1 100 1 100 1 100 1 100 1 100 1 100 1 100 1 100 1 100 1 100 1 100 1 100 1 100 1 100 1 100 1 100 1 100 1 100 1 100 1 100 1 100 1 100 1 100 1 100 1 100 1 100 1 1 1 1 1 1 100 1 1 1 100 1 1 100 1 100 1 100 1 100 1 100 1 100 1 1 1 1 100 1 100 1 100 1 100 1 100 1 100 1 100 1 100 1
staticfield java/lang/invoke/VarHandle VFORM_OFFSET J 16
staticfield java/lang/invoke/VarHandle $assertionsDisabled Z 1
instanceKlass jdk/internal/reflect/FieldAccessorImpl
instanceKlass jdk/internal/reflect/ConstructorAccessorImpl
instanceKlass jdk/internal/reflect/MethodAccessorImpl
ciInstanceKlass jdk/internal/reflect/MagicAccessorImpl 1 1 16 10 7 12 1 1 1 100 1 1 1 1 1 1 1 1
instanceKlass jdk/internal/reflect/DirectMethodHandleAccessor
ciInstanceKlass jdk/internal/reflect/MethodAccessorImpl 1 1 38 10 7 12 1 1 1 10 100 12 1 1 1 100 1 1 1 1 1 1 1 100 1 100 1 1 1 1 1 1 1 1 1 1 1 1 1 1
ciInstanceKlass jdk/internal/reflect/MethodAccessor 1 0 17 100 1 100 1 1 1 1 100 1 100 1 1 1 1 1 1
instanceKlass jdk/internal/reflect/SerializationConstructorAccessorImpl
instanceKlass jdk/internal/reflect/DirectConstructorHandleAccessor$NativeAccessor
instanceKlass jdk/internal/reflect/DirectConstructorHandleAccessor
instanceKlass jdk/internal/reflect/NativeConstructorAccessorImpl
ciInstanceKlass jdk/internal/reflect/ConstructorAccessorImpl 1 1 27 10 7 12 1 1 1 100 1 100 1 1 1 1 1 1 1 1 1 100 1 100 1 100 1 1 1
ciInstanceKlass jdk/internal/reflect/ConstructorAccessor 1 0 16 100 1 100 1 1 1 1 100 1 100 1 100 1 1 1
ciInstanceKlass jdk/internal/reflect/DelegatingClassLoader 1 1 18 10 7 12 1 1 1 100 1 1 1 1 1 1 1 1 1 1
ciInstanceKlass jdk/internal/reflect/CallerSensitive 0 0 17 100 1 100 1 100 1 1 1 1 1 1 1 1 1 1 1
ciInstanceKlass jdk/internal/reflect/NativeConstructorAccessorImpl 0 0 125 10 7 12 1 1 1 9 7 12 1 1 1 100 1 10 12 1 9 12 1 1 9 12 1 1 10 100 12 1 1 1 10 7 12 1 1 1 10 7 12 1 1 1 9 12 1 9 12 1 1 9 12 1 1 10 7 12 1 1 1 100 1 10 10 12 1 1 10 12 1 10 12 1 1 10 12 1 7 1 10 12 1 1 10 12 1 1 8 10 12 1 1 1 1 1 1 1 1 1 1 1 1 1 1 1 1 1 1 1 1 1 1 100 1 100 1 100 1 1 1 1 1 1 1
ciInstanceKlass jdk/internal/reflect/ConstantPool 1 1 142 10 7 12 1 1 1 9 7 12 1 1 1 10 12 1 1 10 12 1 1 10 12 1 10 12 1 1 10 12 1 1 10 12 1 10 12 1 1 10 12 1 10 12 1 1 10 12 1 10 12 1 10 12 1 10 12 1 1 10 12 1 1 10 12 1 1 10 12 1 1 10 12 1 10 12 1 1 10 100 12 1 1 1 8 11 7 12 1 1 1 10 7 12 1 1 1 1 1 1 1 1 1 1 1 1 1 1 1 1 1 1 1 1 1 1 1 1 1 1 1 1 1 1 1 1 1 1 1 1 1 1 1 1 1 1 1 1 1 1 1 1
ciInstanceKlass jdk/internal/reflect/UnsafeStaticFieldAccessorImpl 0 0 47 10 7 12 1 1 1 9 7 12 1 1 1 10 7 12 1 1 1 9 12 1 1 8 11 100 12 1 1 1 10 100 12 1 1 1 1 1 1 1 1 1 1 1 1 1 1
ciInstanceKlass jdk/internal/reflect/FieldAccessor 1 0 48 100 1 100 1 1 1 1 100 1 1 1 1 1 1 1 1 1 1 1 1 1 1 1 1 1 1 1 100 1 1 1 1 1 1 1 1 1 1 1 1 1 1 1 1 1 1 1
instanceKlass jdk/internal/reflect/MethodHandleFieldAccessorImpl
instanceKlass jdk/internal/reflect/UnsafeFieldAccessorImpl
ciInstanceKlass jdk/internal/reflect/FieldAccessorImpl 1 1 269 10 7 12 1 1 1 9 7 12 1 1 1 10 7 12 1 1 1 10 7 12 1 1 10 7 12 1 1 1 10 12 1 1 7 1 10 10 12 1 1 10 12 1 1 8 1 10 10 12 1 100 1 8 1 10 12 1 8 1 10 12 1 8 1 10 12 1 100 1 10 12 1 1 10 8 1 10 12 1 1 8 1 10 7 12 1 1 8 1 10 7 12 1 1 8 1 10 7 12 1 1 8 1 10 7 12 1 1 8 1 10 7 12 1 1 8 1 10 7 12 1 1 8 1 10 7 12 1 1 8 1 10 7 12 1 1 10 12 1 1 8 1 10 12 1 1 10 100 12 1 1 1 8 1 10 12 1 8 1 8 1 8 1 8 1 10 7 12 1 1 1 8 1 8 1 8 1 10 12 7 1 1 1 1 1 1 1 1 1 1 1 1 1 1 1 1 1 1 1 1 1 1 1 1 1 1 1 1 1 1 1 1 1 1 1 1 1 1 1 1 1 1 1 1 1 1 1 1 1 1 1 1 1 1 1 1 1 1 1 1 1 1 1 1 1 1 1 1 1 1 1 1 1 1 1 1 1 1 1 1 1 1 1 1 1 1 1 1
instanceKlass jdk/internal/reflect/UnsafeStaticFieldAccessorImpl
ciInstanceKlass jdk/internal/reflect/UnsafeFieldAccessorImpl 0 0 62 10 100 12 1 1 1 10 100 12 1 1 1 10 100 12 1 1 1 9 100 12 1 1 10 12 1 9 12 1 1 10 100 12 1 1 1 9 12 1 1 10 12 1 10 12 1 1 1 1 1 1 1 1 1 1 1 1 1 1 1 1
instanceKlass java/lang/invoke/VolatileCallSite
instanceKlass java/lang/invoke/MutableCallSite
instanceKlass java/lang/invoke/ConstantCallSite
ciInstanceKlass java/lang/invoke/CallSite 1 1 296 10 7 12 1 1 1 10 7 12 1 1 1 9 12 1 1 10 7 12 1 1 1 10 12 1 7 1 10 12 1 1 10 12 1 1 9 100 12 1 1 1 10 7 12 1 1 10 12 1 1 100 1 7 1 10 10 7 12 1 1 1 10 12 1 1 8 1 10 12 1 10 12 1 1 10 12 1 10 12 1 1 10 12 1 1 10 10 100 12 1 1 10 12 1 1 9 12 1 9 100 12 1 1 1 8 1 10 7 12 1 1 1 10 12 1 1 7 1 10 12 1 1 9 12 1 8 1 100 1 10 12 1 10 12 1 100 1 8 1 10 10 12 1 10 12 1 1 100 1 10 12 1 1 10 12 1 10 12 1 10 12 1 1 10 12 1 1 9 12 1 1 8 10 12 1 1 9 12 1 1 100 1 10 10 12 1 10 7 12 1 1 1 10 12 1 1 10 12 1 1 10 12 1 10 7 12 1 1 1 7 1 8 1 10 10 12 10 12 1 1 7 1 7 1 7 1 8 1 10 12 1 10 7 12 1 1 1 1 1 1 1 1 1 1 1 1 1 1 1 1 1 1 1 1 1 1 1 1 1 1 1 1 1 1 1 1 1 1 1 1 1 1 1 1 1 1 1 1 1 1 1 1 1 1 1 1 1 1 1 7 1 7 1 1 1
staticfield java/lang/invoke/CallSite $assertionsDisabled Z 1
ciInstanceKlass java/lang/invoke/ConstantCallSite 1 1 65 10 7 12 1 1 1 9 7 12 1 1 1 9 12 1 1 10 7 12 1 1 1 10 12 1 100 1 10 12 9 12 1 1 100 1 10 10 12 1 1 10 12 1 1 1 1 1 1 1 1 1 1 1 1 1 100 1 1 1 1 1 1 1 1
staticfield java/lang/invoke/ConstantCallSite UNSAFE Ljdk/internal/misc/Unsafe; jdk/internal/misc/Unsafe
instanceKlass java/lang/invoke/DirectMethodHandle$StaticAccessor
instanceKlass java/lang/invoke/DirectMethodHandle$Special
instanceKlass java/lang/invoke/DirectMethodHandle$Interface
instanceKlass java/lang/invoke/DirectMethodHandle$Constructor
instanceKlass java/lang/invoke/DirectMethodHandle$Accessor
ciInstanceKlass java/lang/invoke/DirectMethodHandle 1 1 923 7 1 7 1 100 1 7 1 7 1 10 7 12 1 1 1 10 7 12 1 1 1 7 1 10 12 1 10 12 1 1 10 7 12 1 1 10 12 1 1 10 12 1 10 12 1 7 1 10 12 1 1 10 12 1 1 10 12 1 10 12 1 1 10 7 12 1 1 1 10 12 1 9 12 1 1 100 1 10 9 12 1 1 9 12 1 10 12 1 10 12 1 10 12 1 1 10 12 1 10 12 1 10 12 1 10 7 12 1 1 1 10 12 1 10 12 1 1 8 1 10 12 1 1 7 1 10 12 1 7 1 10 10 12 1 10 12 1 10 12 1 10 7 12 1 1 1 10 12 1 1 7 1 10 12 1 10 12 1 7 1 10 12 1 10 12 1 1 10 12 1 1 10 12 1 8 10 7 12 1 1 1 10 12 1 10 12 1 10 12 1 1 10 12 1 9 7 12 1 1 1 7 1 10 12 1 10 7 12 1 1 1 10 12 1 10 12 1 1 9 12 1 1 7 1 10 8 1 10 12 1 1 10 12 1 1 8 1 10 12 1 10 12 1 10 10 12 1 10 12 1 10 12 1 10 12 1 10 12 1 1 10 12 1 10 12 1 1 10 12 1 10 12 1 1 10 10 7 12 1 1 1 10 12 1 10 12 1 1 10 12 1 10 12 1 1 8 1 9 7 12 1 1 1 8 1 9 12 1 9 12 1 8 1 9 12 1 9 12 1 8 1 9 12 1 9 12 1 8 1 10 12 1 10 12 1 1 9 12 1 1 7 1 10 12 1 1 7 1 10 7 12 1 1 1 10 12 1 1 10 12 1 10 12 1 1 7 1 10 12 1 1 10 12 1 10 12 1 1 7 1 10 12 1 1 10 12 1 10 7 12 1 1 1 10 12 1 10 12 1 1 10 12 1 9 12 1 1 10 7 1 9 12 9 12 1 10 7 12 1 1 1 10 12 1 7 1 7 1 7 1 9 12 1 1 10 7 12 1 1 1 10 12 10 12 1 100 1 10 12 1 10 12 1 1 8 1 9 12 1 9 12 1 10 12 1 1 9 12 1 1 10 7 12 1 1 1 9 12 1 1 9 12 1 1 10 12 1 10 12 1 10 12 1 10 12 1 1 10 12 1 9 12 1 10 12 1 10 12 1 10 12 1 10 12 1 1 10 12 1 1 9 12 1 1 10 12 1 1 9 7 12 1 1 1 9 12 1 9 12 1 9 12 1 9 12 1 9 12 1 9 12 1 9 12 1 9 12 1 9 12 1 9 12 1 9 12 1 9 12 1 9 12 1 9 12 1 9 12 1 9 12 1 9 12 1 9 12 1 9 12 1 9 12 1 9 12 1 9 12 1 9 12 1 9 12 1 9 12 1 9 12 1 9 12 1 9 12 1 9 12 1 9 12 1 9 12 1 9 12 1 9 12 1 9 12 1 9 12 1 9 12 1 8 1 9 12 1 1 9 12 1 1 10 12 1 10 12 1 1 9 7 1 10 12 1 9 12 1 1 10 12 10 12 1 10 12 1 10 12 1 10 12 1 10 8 1 8 1 8 1 8 1 10 12 1 1 9 12 1 1 10 12 1 10 100 12 1 1 1 8 9 12 1 1 10 12 1 1 8 1 8 8 9 12 1 8 1 8 8 8 8 8 1 8 10 12 1 7 1 10 12 1 8 1 8 1 10 12 1 10 12 1 10 12 1 10 12 1 1 7 1 1 1 1 3 1 3 1 3 1 3 1 3 1 3 1 3 1 3 1 3 1 3 1 1 1 1 1 1 1 1 1 1 3 1 3 1 1 1 1 3 1 1 1 1 1 1 1 1 1 1 1 1 1 1 1 1 1 1 1 1 1 1 1 1 1 1 1 1 1 1 1 1 1 1 1 1 1 1 1 1 1 1 1 1 1 1 1 1 1 1 1 1 1 1 1 1 1 100 1 1 1 1 1 1 1 1 1 100 1 1 1 1 1 1 1 1 1 1 1 1 1 1 1 1 1 1 1 1 1 1 1 1 1 1 1 1 1 1 1 1 1 1 1 1 1 1 1 1 1 1 1 1 1 1 1 1 1 1 1 1
staticfield java/lang/invoke/DirectMethodHandle IMPL_NAMES Ljava/lang/invoke/MemberName$Factory; java/lang/invoke/MemberName$Factory
staticfield java/lang/invoke/DirectMethodHandle FT_UNCHECKED_REF I 8
staticfield java/lang/invoke/DirectMethodHandle ACCESSOR_FORMS [Ljava/lang/invoke/LambdaForm; 132 [Ljava/lang/invoke/LambdaForm;
staticfield java/lang/invoke/DirectMethodHandle ALL_WRAPPERS [Lsun/invoke/util/Wrapper; 10 [Lsun/invoke/util/Wrapper;
staticfield java/lang/invoke/DirectMethodHandle NFS [Ljava/lang/invoke/LambdaForm$NamedFunction; 12 [Ljava/lang/invoke/LambdaForm$NamedFunction;
staticfield java/lang/invoke/DirectMethodHandle OBJ_OBJ_TYPE Ljava/lang/invoke/MethodType; java/lang/invoke/MethodType
staticfield java/lang/invoke/DirectMethodHandle LONG_OBJ_TYPE Ljava/lang/invoke/MethodType; java/lang/invoke/MethodType
staticfield java/lang/invoke/DirectMethodHandle $assertionsDisabled Z 1
ciInstanceKlass java/lang/invoke/MutableCallSite 0 0 63 10 100 12 1 1 1 10 12 1 9 100 12 1 1 1 10 12 1 10 12 1 1 9 12 1 1 10 100 12 1 1 1 10 100 12 1 1 1 10 12 1 1 1 1 1 1 1 1 1 1 1 1 1 1 1 1 1 1 100 1 1 1
ciInstanceKlass java/lang/invoke/VolatileCallSite 0 0 37 10 100 12 1 1 1 10 12 1 10 100 12 1 1 1 10 12 1 10 12 1 1 1 1 1 1 1 1 1 1 1 1 1 1 1 1
ciInstanceKlass java/lang/invoke/ResolvedMethodName 1 1 16 10 100 12 1 1 1 100 1 1 1 1 1 1 1 1
ciInstanceKlass java/lang/invoke/MethodHandleNatives 1 1 685 100 1 10 7 12 1 1 1 9 7 12 1 1 1 10 12 1 1 100 1 10 10 12 1 1 10 12 1 10 12 1 8 1 8 1 8 1 8 1 8 1 8 1 8 1 8 1 8 1 8 1 10 12 1 1 7 1 10 7 12 1 1 1 10 7 12 1 1 1 7 1 10 10 12 1 1 8 1 10 12 1 8 1 10 12 1 1 8 1 10 12 1 1 9 7 12 1 1 1 8 1 10 100 12 1 1 1 7 1 10 12 100 1 100 1 8 1 7 1 10 10 12 1 7 1 9 7 12 1 1 10 12 1 1 10 12 1 10 7 12 1 1 1 10 12 1 1 9 12 1 8 1 10 12 1 1 10 12 1 8 1 10 12 1 1 7 1 10 12 1 10 7 12 1 1 1 10 12 1 10 12 1 1 10 12 1 1 8 1 10 12 1 1 8 1 10 12 1 8 1 8 1 8 1 7 1 10 12 1 8 1 10 7 12 1 1 1 10 12 1 1 10 7 12 1 1 10 10 12 1 1 10 12 1 10 100 12 1 1 1 100 1 8 1 10 100 12 1 1 1 7 1 8 1 10 12 1 8 1 8 1 8 1 8 1 8 1 10 12 1 1 10 12 1 1 10 12 1 10 12 1 1 10 12 1 1 7 1 10 12 1 7 1 7 1 10 12 1 10 12 1 8 1 8 1 10 10 12 1 1 10 12 1 1 8 1 10 7 12 1 1 8 1 8 1 10 12 1 1 10 7 12 1 1 1 100 1 10 12 1 1 7 1 9 12 1 1 10 7 12 1 1 1 10 10 12 1 9 12 1 10 12 1 9 12 1 9 12 1 10 12 1 1 10 12 1 10 12 1 1 7 1 7 1 10 12 1 1 10 12 1 10 12 1 1 10 7 12 1 1 1 10 12 1 8 1 10 12 1 10 12 1 10 12 1 1 10 12 1 10 7 12 1 1 1 10 12 1 1 100 1 8 1 10 9 7 12 1 1 1 10 12 1 1 10 12 1 1 7 1 10 12 1 1 10 12 1 1 100 1 100 1 10 10 100 1 100 1 10 100 1 10 10 12 1 1 10 7 1 10 12 1 10 12 1 1 10 12 1 1 10 12 1 1 10 12 1 10 12 1 1 10 8 1 10 12 1 10 12 1 10 12 1 10 12 1 10 12 1 1 10 12 1 10 12 1 10 12 1 10 10 7 12 1 1 10 12 1 1 1 1 1 1 1 1 1 1 1 1 1 7 1 1 1 1 1 1 1 1 1 1 1 1 1 1 1 1 1 1 1 1 1 1 1 1 1 1 1 1 1 1 1 1 1 1 1 1 1 1 1 1 1 1 1 1 1 1 1 1 1 1 1 1 1 1 1 1 1 1 1 1 1 1 1 100 1 1 1 1 1 1 1 1 1 1 1 1 1 1 1 1 1 1 1 1 1 1 1 1 1 1 1 1 1 1 1 1 1 100 1 1 1 1 1 1 1 1 1 1 1 1 1 1 1 1 1 1 1 1 1 1 1 1 1 1 1 1 1 1 1 1 100 1 1
staticfield java/lang/invoke/MethodHandleNatives $assertionsDisabled Z 1
ciInstanceKlass jdk/internal/foreign/abi/NativeEntryPoint 0 0 194 10 7 12 1 1 1 9 7 12 1 1 1 9 12 1 1 100 1 8 1 10 12 1 10 12 1 1 100 1 10 100 12 1 1 1 10 12 1 9 12 1 1 18 12 1 1 10 100 12 1 1 1 10 7 12 1 1 1 9 7 12 1 1 1 7 1 10 8 1 10 12 1 1 10 12 1 10 12 1 1 8 1 10 12 1 1 7 1 8 1 10 12 1 10 12 1 1 10 12 1 9 12 1 1 18 12 1 1 10 100 12 1 1 1 10 12 1 1 10 12 1 10 100 12 1 1 1 10 1 1 1 1 1 1 1 1 1 1 1 1 1 1 1 1 1 1 1 1 1 1 1 1 1 1 1 1 1 1 1 1 1 1 1 1 1 16 1 15 10 12 16 1 16 15 10 12 15 10 100 12 1 1 1 1 1 100 1 1 100 1 100 1 1
ciInstanceKlass jdk/internal/foreign/abi/ABIDescriptor 0 0 55 10 100 12 1 1 1 9 100 12 1 1 1 9 12 1 1 9 12 1 9 12 1 9 12 1 1 9 12 1 9 12 1 1 9 12 1 9 12 1 9 12 1 9 12 1 1 1 1 1 1 1 1 1 1
ciInstanceKlass jdk/internal/foreign/abi/VMStorage 0 0 91 10 7 12 1 1 1 9 7 12 1 1 1 9 12 1 1 9 12 1 1 9 12 1 1 7 1 10 8 1 10 12 1 1 10 12 1 10 12 1 1 10 12 1 18 12 1 18 12 1 1 18 12 1 1 1 1 1 1 1 1 1 1 1 1 1 1 1 1 1 1 1 8 1 15 15 15 15 15 10 100 12 1 1 1 1 100 1 100 1 1
ciInstanceKlass jdk/internal/foreign/abi/UpcallLinker$CallRegs 0 0 66 10 7 12 1 1 1 9 7 12 1 1 1 9 12 1 18 12 1 1 18 12 1 1 18 12 1 1 1 1 1 1 1 1 1 1 1 1 1 1 1 1 1 1 100 1 1 1 8 1 15 15 15 10 100 12 1 1 1 1 1 100 1 100 1 1
ciInstanceKlass java/lang/StackWalker 0 0 271 9 7 12 1 1 1 100 1 10 100 12 1 1 1 10 12 1 1 10 100 12 1 1 1 10 12 1 1 10 12 1 11 100 12 1 1 1 10 12 1 1 10 12 1 1 10 12 1 1 100 1 8 1 10 12 1 10 12 1 10 12 1 10 7 12 1 1 9 12 1 1 9 12 1 1 9 12 1 1 9 12 1 1 10 12 1 1 9 12 1 1 9 12 1 1 9 12 1 1 10 7 12 1 1 1 11 12 1 1 100 1 8 1 10 10 7 12 1 1 9 12 1 1 10 12 1 1 10 100 12 1 1 1 10 100 12 1 1 1 18 12 1 1 100 1 8 1 10 8 1 10 12 1 1 10 100 12 1 1 1 10 12 1 1 9 100 12 1 1 11 100 12 1 1 1 10 12 1 1 1 1 1 1 1 1 1 1 1 1 1 1 1 1 1 1 1 1 1 1 1 1 1 1 1 1 1 1 1 1 1 1 1 1 1 1 1 1 1 1 1 1 1 1 1 1 1 1 1 1 1 1 1 1 1 1 1 1 1 1 1 1 1 1 7 1 1 16 15 10 12 16 1 15 10 100 12 1 1 1 1 1 1 1 1 1 100 1 100 1 1
ciInstanceKlass java/lang/StackWalker$StackFrame 0 0 41 100 1 10 12 1 1 100 1 100 1 1 1 1 1 1 1 1 1 1 1 1 1 1 1 1 1 1 1 1 1 1 1 1 1 1 1 100 1 1 1
instanceKlass java/lang/LiveStackFrameInfo
ciInstanceKlass java/lang/StackFrameInfo 0 0 142 10 7 12 1 1 1 9 7 12 1 1 1 9 7 1 9 12 1 1 11 100 12 1 1 1 9 12 1 1 11 12 1 1 10 12 1 1 10 7 12 1 1 1 10 12 1 11 12 1 11 12 1 1 11 12 1 10 12 1 1 9 12 1 1 10 12 1 1 10 7 12 1 1 10 12 1 1 11 12 1 1 9 12 1 1 10 7 1 10 12 1 9 12 1 1 10 12 1 1 100 1 8 1 10 12 1 10 100 12 1 1 1 7 1 1 1 1 1 1 1 1 1 1 1 1 1 1 1 1 1 1 7 1 1 7 1 1 1 1 1 1
ciInstanceKlass java/lang/LiveStackFrameInfo 0 0 97 10 7 12 1 1 1 9 7 12 1 1 1 9 12 1 9 12 1 9 12 1 9 12 1 1 7 1 10 12 1 1 10 12 1 8 1 10 12 1 1 8 1 8 1 8 1 10 100 1 10 12 1 100 1 10 12 1 7 1 7 1 1 1 3 1 3 1 1 1 1 1 1 1 1 1 1 1 1 1 1 1 1 1 1 1 1 1 1 1 1 1 1 1 100 1 1
ciInstanceKlass java/lang/LiveStackFrame 0 0 135 100 1 10 100 12 1 1 1 11 7 12 1 1 1 11 12 1 10 7 12 1 1 1 100 1 8 1 10 12 1 1 10 7 12 1 1 1 9 100 12 1 1 1 10 7 12 1 1 1 10 7 12 1 1 1 11 12 1 10 12 1 7 1 7 1 1 1 1 1 1 1 1 1 1 1 1 1 1 1 1 1 1 1 1 1 1 1 1 1 1 1 1 100 1 1 1 1 1 1 1 100 1 8 1 1 12 10 1 1 1 8 1 1 1 8 1 1 1 8 1 1 1 8 1 1 8 1 1 1 8 1 1 8 1
ciInstanceKlass java/lang/StackStreamFactory$AbstractStackWalker 1 0 375 100 1 7 1 3 10 7 12 1 1 1 10 7 12 1 1 10 7 12 1 1 1 9 12 1 1 10 12 1 1 9 12 1 1 9 12 1 1 9 12 1 1 9 12 1 10 7 12 1 1 1 10 12 1 1 10 7 12 1 1 9 12 1 1 9 12 1 1 10 12 1 1 9 100 12 1 1 1 10 12 1 1 10 12 1 9 12 1 1 10 100 12 1 1 1 10 12 1 1 9 12 1 1 9 7 12 1 1 1 7 1 10 8 1 10 12 1 1 10 12 1 8 1 10 12 1 1 10 100 12 1 1 1 100 1 8 1 10 12 1 8 1 10 12 10 100 12 1 1 9 12 1 8 1 5 0 8 1 8 1 9 12 1 1 10 12 1 1 18 12 1 1 10 7 12 1 1 1 10 12 1 1 10 12 1 10 12 1 9 12 1 10 12 1 10 12 1 10 12 1 10 12 1 10 12 1 10 12 1 1 8 1 10 12 1 10 12 1 10 12 1 10 12 1 1 8 1 10 12 1 1 10 12 1 1 10 12 1 1 10 12 1 10 12 1 10 100 12 1 1 1 10 12 1 10 12 1 9 12 1 8 1 10 12 1 10 12 1 10 12 1 1 10 12 1 10 12 1 10 12 1 1 10 12 1 10 12 1 10 12 1 10 12 1 10 12 1 10 12 1 1 10 12 1 1 10 12 1 8 1 1 1 1 1 1 1 1 1 1 1 1 1 7 1 1 1 1 1 1 1 7 1 1 1 1 7 1 1 1 1 1 1 1 1 1 1 1 1 1 1 1 1 1 1 1 16 15 15 10 100 12 1 1 1 1 1 1 1 1 100 1 100 1 1
ciInstanceKlass jdk/internal/module/Modules 1 1 504 10 7 12 1 1 1 9 7 12 1 1 1 11 7 12 1 1 1 11 12 1 1 11 12 1 1 11 12 1 1 11 12 1 11 12 1 11 12 1 11 12 1 11 12 1 1 10 7 12 1 1 1 10 100 12 1 1 1 18 12 1 1 10 7 12 1 1 1 7 1 10 7 12 1 1 1 10 100 12 1 1 1 10 100 12 1 1 10 12 1 1 11 12 1 9 12 1 1 11 7 12 1 1 1 10 12 1 1 10 10 12 1 10 9 12 1 1 10 7 12 1 1 10 12 1 1 10 100 12 1 1 100 1 11 100 12 1 1 1 10 100 12 1 1 1 11 100 12 1 1 10 12 1 1 10 100 12 1 1 10 100 12 1 1 1 10 12 1 1 10 12 1 1 11 12 1 1 18 12 1 1 11 100 12 1 1 10 100 12 1 1 1 11 100 12 1 1 1 7 1 11 12 1 1 11 7 12 1 1 1 11 12 1 1 10 12 1 1 10 100 12 1 1 18 12 1 1 11 12 1 1 18 12 1 1 11 12 1 1 10 12 1 18 18 10 12 1 1 9 12 1 1 11 7 12 1 1 1 100 1 10 11 12 1 11 12 1 1 11 12 1 1 10 100 1 10 12 1 1 10 100 12 1 1 10 12 1 1 11 12 10 12 1 1 7 1 10 18 12 1 10 12 1 1 7 1 8 1 10 12 1 10 100 12 1 1 18 12 1 11 11 12 10 12 1 10 10 100 1 18 12 1 10 10 10 7 12 1 1 10 7 12 1 1 1 10 12 1 1 1 1 1 1 1 1 1 1 1 1 1 1 1 1 1 1 1 1 1 1 1 1 1 1 1 1 1 1 1 1 1 100 1 1 1 1 1 1 1 1 1 1 1 1 1 1 1 1 1 1 1 1 1 1 1 1 1 1 1 1 1 1 1 1 1 1 1 7 1 1 1 1 1 1 1 1 1 1 1 1 1 1 1 1 1 1 1 1 1 1 1 16 15 10 12 1 16 16 15 10 12 1 16 1 16 1 15 10 12 1 16 1 16 1 15 10 12 16 1 15 10 16 1 15 10 12 16 1 15 10 12 16 15 10 12 16 15 10 12 15 10 100 12 1 1 1 1 1 1 100 1 100 1 1
staticfield jdk/internal/module/Modules JLA Ljdk/internal/access/JavaLangAccess; java/lang/System$2
staticfield jdk/internal/module/Modules JLMA Ljdk/internal/access/JavaLangModuleAccess; java/lang/module/ModuleDescriptor$1
staticfield jdk/internal/module/Modules $assertionsDisabled Z 1
ciInstanceKlass java/util/ArrayList 1 1 509 10 7 12 1 1 1 7 1 9 7 12 1 1 1 9 12 1 100 1 7 1 10 8 1 10 12 1 1 10 12 1 10 12 1 1 10 12 1 9 12 1 11 7 12 1 1 1 9 12 1 1 11 12 1 1 7 10 7 12 1 1 1 9 12 1 10 12 1 10 12 1 1 10 7 12 1 1 1 10 7 12 1 1 1 10 12 1 1 10 12 1 1 10 12 1 1 10 12 1 10 12 1 1 100 1 7 1 10 12 1 10 10 7 12 1 1 1 10 7 12 1 1 10 12 1 100 1 10 10 12 10 12 1 1 10 12 1 1 10 12 1 10 12 10 12 1 1 7 1 10 12 1 1 10 12 1 1 10 12 1 100 1 10 11 12 1 1 11 7 12 1 1 1 11 12 1 10 12 1 10 12 1 10 12 1 1 100 1 10 12 1 1 10 10 12 1 1 10 12 1 8 1 8 1 8 1 8 1 10 12 1 1 10 12 1 1 11 12 1 7 1 10 7 12 1 1 10 12 1 10 12 1 1 10 100 12 1 1 10 12 1 10 100 12 1 1 1 11 100 12 1 1 1 10 12 1 100 1 8 1 10 7 1 10 12 1 7 1 10 12 1 10 12 1 1 7 1 10 12 1 10 12 1 1 11 7 12 1 1 7 1 10 12 1 10 12 1 1 11 100 12 1 1 10 12 1 1 10 12 1 1 10 12 1 1 10 12 1 1 11 100 12 1 1 10 12 1 1 7 1 7 1 7 1 1 1 1 5 0 1 3 1 1 1 1 1 1 1 1 1 1 1 1 1 1 1 1 1 1 1 1 1 1 1 1 1 1 1 1 1 1 1 1 1 1 1 1 1 1 1 1 1 1 1 1 1 1 1 1 1 1 1 1 1 1 1 1 1 1 1 1 1 1 1 1 1 1 1 1 1 1 1 1 1 1 1 1 1 1 1 1 1 1 1 1 1 1 1 1 1 1 1 1 1 1 1 1 1 1 1 1 1 1 1 1 7 1 1 1 1 7 1 1 1 1 1 1 1 1 1 1 1 1 1 1 1 1 1 1 1 1 1 1 1 1 1 1 1 1 1 100 1 1 1 1 1 1 1 1 1 1 1 1 1 1 1 1 1 1 100 1 100 1 1 1 1 1 1
staticfield java/util/ArrayList EMPTY_ELEMENTDATA [Ljava/lang/Object; 0 [Ljava/lang/Object;
staticfield java/util/ArrayList DEFAULTCAPACITY_EMPTY_ELEMENTDATA [Ljava/lang/Object; 0 [Ljava/lang/Object;
ciInstanceKlass java/util/RandomAccess 1 0 7 100 1 100 1 1 1
ciMethod java/util/ArrayList size ()I 256 0 128 0 0
ciMethod java/util/ArrayList add (Ljava/lang/Object;)Z 608 0 66793 0 488
ciMethod java/util/ArrayList iterator ()Ljava/util/Iterator; 512 0 7349 0 200
ciMethod java/util/ArrayList remove (I)Ljava/lang/Object; 512 0 5377 0 552
ciMethod java/util/ArrayList get (I)Ljava/lang/Object; 512 0 10008 0 200
ciMethod java/util/ArrayList elementData (I)Ljava/lang/Object; 512 0 10052 0 0
ciMethod java/util/ArrayList <init> (I)V 216 0 5284 0 832
ciMethod java/util/ArrayList add (Ljava/lang/Object;[Ljava/lang/Object;I)V 608 0 66793 0 0
ciMethod java/util/ArrayList grow ()[Ljava/lang/Object; 138 0 6819 0 1600
ciMethod java/util/ArrayList grow (I)[Ljava/lang/Object; 144 0 6287 0 -1
ciMethod java/util/ArrayList fastRemove ([Ljava/lang/Object;I)V 514 0 5378 0 0
instanceKlass java/util/LinkedHashSet
ciInstanceKlass java/util/HashSet 1 1 303 10 7 12 1 1 1 7 1 10 9 7 12 1 1 1 11 7 12 1 1 1 10 7 12 1 1 1 10 12 1 1 10 12 1 1 10 12 1 10 12 1 7 1 10 10 12 1 1 11 7 12 1 1 1 10 10 12 1 1 10 12 1 1 9 12 1 1 10 12 1 1 10 12 1 1 10 12 1 10 7 12 1 1 1 10 100 1 7 1 10 12 1 10 100 12 1 1 10 12 1 10 12 1 10 12 1 1 10 12 1 1 11 7 12 1 1 11 12 1 10 12 1 1 10 100 12 1 1 1 10 12 1 100 1 7 1 10 8 1 10 12 1 1 10 12 1 10 12 1 1 10 12 1 10 12 1 10 7 12 1 1 1 8 1 10 12 1 4 4 10 12 1 1 8 1 10 12 1 1 4 10 100 12 1 1 1 100 1 10 12 1 1 11 100 12 1 1 1 100 1 10 12 1 7 1 10 12 1 10 12 1 1 10 12 1 100 1 8 1 10 10 12 1 10 10 7 1 7 1 1 1 1 5 0 1 1 1 1 1 1 1 1 1 1 1 1 1 1 1 1 1 1 1 1 1 1 1 1 1 1 1 1 1 1 1 1 1 1 100 1 1 1 1 7 1 1 1 1 1 1 1 1 1 1 1 1 1 1 1 1 1 1 1 100 1 1 100 1 7 1 1 1
staticfield java/util/HashSet PRESENT Ljava/lang/Object; java/lang/Object
instanceKlass org/gradle/api/internal/file/collections/DefaultConfigurableFileCollection$PathSet
instanceKlass java/util/Hashtable$EntrySet
instanceKlass com/google/common/collect/Sets$ImprovedAbstractSet
instanceKlass com/google/common/collect/Sets$SetView
instanceKlass java/lang/ProcessEnvironment$CheckedKeySet
instanceKlass java/util/concurrent/ConcurrentSkipListSet
instanceKlass java/util/concurrent/ConcurrentSkipListMap$EntrySet
instanceKlass java/util/concurrent/CopyOnWriteArraySet
instanceKlass java/util/TreeMap$EntrySet
instanceKlass java/util/LinkedHashMap$LinkedEntrySet
instanceKlass java/lang/ProcessEnvironment$CheckedEntrySet
instanceKlass java/util/TreeMap$KeySet
instanceKlass java/util/TreeSet
instanceKlass java/util/LinkedHashMap$LinkedKeySet
instanceKlass java/util/Collections$SingletonSet
instanceKlass java/util/IdentityHashMap$KeySet
instanceKlass java/util/EnumSet
instanceKlass jdk/internal/util/ReferencedKeySet
instanceKlass java/util/HashMap$KeySet
instanceKlass java/util/WeakHashMap$KeySet
instanceKlass java/util/Collections$SetFromMap
instanceKlass java/util/HashSet
instanceKlass java/util/ImmutableCollections$MapN$1
instanceKlass java/util/Collections$EmptySet
instanceKlass java/util/HashMap$EntrySet
ciInstanceKlass java/util/AbstractSet 1 1 96 10 7 12 1 1 1 7 1 7 1 11 12 1 1 10 7 1 10 12 1 1 100 1 100 1 10 12 1 1 11 7 12 1 1 1 11 12 1 1 10 100 12 1 1 10 7 12 1 1 1 11 10 12 1 1 11 12 1 11 12 1 1 1 1 1 1 1 1 1 1 1 1 1 1 1 1 100 1 1 1 1 1 1 1 1 1 1 1 1 1 1 1 1 1 1
ciMethod java/util/HashSet remove (Ljava/lang/Object;)Z 512 0 5377 0 184
ciMethod java/util/HashSet add (Ljava/lang/Object;)Z 1024 0 52605 0 7144
ciInstanceKlass java/lang/module/ModuleDescriptor 1 1 516 10 7 12 1 1 1 9 7 12 1 1 1 100 1 10 9 12 1 1 9 12 1 1 9 12 1 11 7 12 1 1 1 9 12 1 1 9 7 12 1 1 1 11 12 1 1 9 12 1 9 12 1 9 12 1 11 12 1 1 18 12 1 1 11 100 12 1 1 1 11 12 1 11 12 1 1 11 12 1 1 9 12 1 9 12 1 9 12 1 9 12 1 9 12 1 9 12 1 9 12 1 9 12 1 1 11 12 1 1 11 7 12 1 1 1 11 12 1 1 10 12 1 9 100 12 1 1 1 10 100 12 1 1 1 10 7 12 1 1 1 10 100 12 1 1 1 10 12 1 7 1 10 10 12 10 12 1 1 8 1 10 12 1 10 10 7 12 1 1 1 10 12 1 1 10 12 1 10 12 1 1 10 7 12 1 1 10 12 1 10 12 1 11 10 100 12 1 1 10 12 1 10 12 1 1 11 10 12 1 10 12 1 8 1 8 1 10 12 1 11 12 1 8 1 8 1 8 1 8 1 8 1 8 1 7 1 10 12 1 100 1 8 1 10 12 1 7 1 10 12 1 11 12 11 12 1 10 12 1 1 100 1 10 100 12 1 1 1 10 100 12 1 1 1 10 12 1 10 12 1 1 8 1 10 12 1 1 18 11 12 1 11 12 1 1 8 1 10 100 12 1 1 1 11 12 1 1 11 7 1 7 1 10 7 1 11 12 11 12 1 1 10 100 12 1 1 1 10 12 1 10 12 1 10 12 1 10 9 100 12 1 1 1 10 12 1 1 10 7 12 1 1 7 1 10 10 7 12 1 1 1 1 1 1 1 1 1 1 1 1 1 1 1 1 1 1 1 1 1 1 1 1 1 1 1 1 1 1 1 1 1 1 1 1 1 1 1 1 1 1 1 1 1 1 1 1 1 1 1 1 1 1 1 1 1 1 1 1 1 100 1 1 1 1 1 1 1 1 1 1 1 1 1 1 1 1 1 1 1 1 1 1 1 1 1 1 1 1 1 1 1 1 1 1 1 1 1 1 1 1 1 1 1 1 1 1 1 1 1 100 1 100 1 100 1 100 1 100 1 100 1 100 1 1 16 15 10 16 1 15 10 12 16 15 10 100 12 1 1 1 1 1 1 1 1 1 1 1 1 1 100 1 100 1 1
staticfield java/lang/module/ModuleDescriptor $assertionsDisabled Z 1
ciInstanceKlass java/lang/annotation/Annotation 1 0 17 100 1 100 1 1 1 1 1 1 1 1 1 1 1 1 1
ciInstanceKlass java/util/LinkedHashMap 1 1 386 9 7 12 1 1 1 9 12 1 1 9 12 1 9 7 12 1 1 9 12 1 10 7 12 1 1 1 10 12 1 1 10 12 1 1 9 12 1 9 12 1 1 9 12 1 10 12 1 1 100 1 10 10 12 1 1 10 12 1 10 12 1 1 9 12 1 1 9 12 1 10 12 1 1 10 100 12 1 1 1 10 12 1 10 12 1 10 12 10 12 1 1 10 7 12 1 1 1 10 12 1 1 10 12 1 1 9 7 1 10 12 1 10 12 1 1 9 12 1 1 7 1 10 12 1 7 1 100 1 10 10 12 1 1 10 12 1 1 9 12 1 1 7 1 10 7 1 10 12 1 9 12 1 7 1 10 100 1 10 11 100 12 1 1 1 100 1 10 11 100 12 1 1 100 1 7 1 10 8 1 10 12 1 1 10 12 1 10 12 1 1 10 12 1 10 12 1 1 10 100 1 10 12 1 7 1 1 1 1 5 0 1 1 1 3 1 3 1 3 1 1 1 1 1 1 1 1 1 1 1 1 1 1 1 1 1 1 1 1 1 1 1 1 1 1 1 1 1 1 1 1 1 1 1 1 1 1 1 1 1 1 1 1 1 1 1 7 1 1 1 1 1 1 1 1 100 1 1 1 1 1 1 1 1 1 1 1 1 1 1 1 1 1 1 1 1 1 1 1 1 1 1 1 1 100 1 1 1 1 1 1 1 1 1 1 1 1 1 1 100 1 1 1 1 1 1 1 1 1 7 1 1 1 1 1 1 1 1 1 1 1 1 1 1 1 1 1 1 1 1 1 1 1 1 1 1 1 1 1 1 1 100 1 100 1 100 1 100 1 1 1 1 1 100 1 7 1 1 1 1 1 1 1 1 1
ciInstanceKlass java/util/function/BiFunction 1 1 65 10 100 12 1 1 1 18 12 1 1 11 7 12 1 1 11 100 12 1 7 1 1 1 1 1 1 1 1 1 1 1 1 1 1 1 1 1 1 1 1 1 1 1 1 1 1 1 16 15 11 12 15 10 100 12 1 1 1 1 100 1 100 1 1
instanceKlass java/util/concurrent/ConcurrentHashMap$ForwardingNode
instanceKlass java/util/concurrent/ConcurrentHashMap$ReservationNode
ciInstanceKlass java/util/concurrent/ConcurrentHashMap$Node 1 1 97 10 7 12 1 1 1 9 7 12 1 1 1 9 12 1 1 9 12 1 10 12 1 9 12 1 1 10 12 1 1 10 100 12 1 1 1 100 1 10 100 1 11 12 1 1 11 12 1 10 12 1 1 1 1 1 1 1 1 1 1 1 1 1 1 1 1 1 1 1 1 1 1 1 1 1 1 1 1 1 1 1 1 1 1 1 1 1 1 1 100 1 1 1 100 1 1
ciMethod java/util/concurrent/ConcurrentHashMap$Node find (ILjava/lang/Object;)Ljava/util/concurrent/ConcurrentHashMap$Node; 0 0 1 0 -1
ciMethod java/util/concurrent/ConcurrentHashMap$Node <init> (ILjava/lang/Object;Ljava/lang/Object;)V 768 0 12401 0 -1
ciInstanceKlass java/util/concurrent/ConcurrentHashMap$ReservationNode 1 1 34 100 1 10 7 12 1 1 1 100 1 1 1 1 1 1 1 1 1 1 1 1 1 1 1 1 1 1 1 1 1 1 1 1
instanceKlass com/google/common/util/concurrent/Striped$PaddedLock
instanceKlass com/google/common/collect/MapMakerInternalMap$Segment
instanceKlass com/google/common/cache/LocalCache$Segment
instanceKlass jdk/internal/loader/NativeLibraries$CountedLock
instanceKlass java/util/concurrent/ConcurrentHashMap$Segment
ciInstanceKlass java/util/concurrent/locks/ReentrantLock 1 1 177 10 7 12 1 1 1 7 1 10 9 7 12 1 1 1 7 1 10 10 7 12 1 1 10 12 1 10 12 1 1 10 100 12 1 1 1 10 12 1 1 10 12 1 1 10 12 1 1 10 12 1 1 10 12 1 10 12 1 10 12 1 1 10 12 1 10 12 1 1 10 12 1 10 12 1 1 100 1 10 100 1 100 1 8 1 10 12 1 10 12 1 1 10 12 1 1 10 12 1 1 7 1 10 10 12 1 1 10 12 1 1 8 1 8 1 10 7 12 1 1 8 1 10 7 1 7 1 1 1 1 5 0 1 1 1 1 1 1 1 1 1 1 100 1 1 1 1 1 1 1 1 1 1 1 1 1 1 1 1 1 1 1 1 1 7 1 1 1 1 1 1 1 1 100 1 1
ciMethod java/util/concurrent/locks/ReentrantLock lock ()V 12 0 43676 0 -1
ciMethod java/util/concurrent/locks/ReentrantLock unlock ()V 10 0 50427 0 -1
ciInstanceKlass java/util/concurrent/ConcurrentHashMap$ForwardingNode 1 1 71 100 1 10 7 12 1 1 1 9 7 12 1 1 1 10 12 1 1 9 12 1 1 9 12 1 1 10 100 12 1 1 1 10 12 1 1 9 12 1 1 1 1 1 1 1 1 1 1 1 1 1 1 1 1 1 1 1 1 1 1 1 100 1 1 1 1 1 1 1 1
instanceKlass java/util/ArrayList$ListItr
ciInstanceKlass java/util/ArrayList$Itr 1 1 104 9 7 12 1 1 1 10 7 12 1 1 1 9 12 1 1 9 7 12 1 1 9 12 1 9 12 1 9 12 1 10 12 1 100 1 10 9 12 1 1 100 1 10 100 1 10 10 12 1 1 100 1 10 100 12 1 1 1 10 12 1 1 11 100 12 1 1 1 100 1 1 1 1 1 1 1 1 1 1 1 1 1 1 1 1 100 1 1 1 1 1 1 1 1 1 1 1 1 1 1 1 1 1
ciMethod java/util/ArrayList$Itr hasNext ()Z 512 0 8512 0 112
ciMethod java/util/ArrayList$Itr next ()Ljava/lang/Object; 512 0 5376 0 272
ciMethod java/util/ArrayList$Itr <init> (Ljava/util/ArrayList;)V 512 0 7380 0 0
ciMethod java/util/ArrayList$Itr checkForComodification ()V 512 0 5423 0 -1
ciInstanceKlass java/lang/ref/ReferenceQueue$Null 1 1 29 10 7 12 1 1 1 100 1 1 1 1 1 1 1 1 1 1 1 1 1 1 1 1 1 1 1 1 1
ciMethod java/lang/ref/ReferenceQueue poll ()Ljava/lang/ref/Reference; 512 0 5376 0 112
instanceKlass java/util/LinkedHashMap$Entry
ciInstanceKlass java/util/HashMap$Node 1 1 95 10 7 12 1 1 1 9 7 12 1 1 1 9 12 1 1 9 12 1 9 12 1 1 7 1 10 10 12 1 1 8 1 10 12 1 10 12 1 1 10 100 12 1 1 1 7 1 11 12 1 1 10 12 1 1 11 12 1 1 1 1 1 1 1 1 1 1 1 1 1 1 1 1 1 1 1 1 1 1 1 1 1 1 1 1 1 1 100 1 1 1 7 1 1
instanceKlass java/util/HashMap$TreeNode
ciInstanceKlass java/util/LinkedHashMap$Entry 1 1 41 10 7 12 1 1 1 100 1 1 1 1 1 1 1 1 1 1 1 1 1 1 1 1 1 1 1 1 1 1 1 1 1 1 100 1 1 100 1 1 1
ciInstanceKlass java/lang/WeakPairMap$Pair$Lookup 1 1 62 10 7 12 1 1 1 10 7 12 1 1 1 9 7 12 1 1 1 9 12 1 11 7 12 1 1 1 11 12 1 1 1 1 1 1 1 1 1 1 1 1 1 1 1 1 1 1 1 1 1 1 1 1 1 1 1 100 1 1 1 1
ciInstanceKlass jdk/internal/util/StrongReferenceKey 1 1 82 10 7 12 1 1 1 9 7 12 1 1 1 7 1 11 12 1 1 10 10 7 12 1 1 1 10 12 1 1 7 1 10 10 12 1 1 10 7 12 1 1 1 10 12 1 1 8 1 10 7 12 1 1 1 10 12 1 10 12 1 1 1 1 1 1 1 1 1 1 1 1 1 1 1 1 1 1 1 1 1 1
ciInstanceKlass jdk/internal/util/WeakReferenceKey 1 1 92 10 7 12 1 1 1 10 7 12 1 1 1 9 7 12 1 1 1 10 12 1 1 7 1 11 12 1 1 10 10 12 1 1 7 1 10 12 10 7 12 1 1 1 10 7 12 1 1 1 10 12 1 1 8 1 10 7 12 1 1 10 12 1 10 12 1 1 1 1 1 1 1 1 1 1 1 1 1 1 1 1 1 1 1 1 1 1 1 1 1 1
ciMethod java/util/HashSet <init> ()V 530 0 2327 0 0
ciMethod java/util/Set add (Ljava/lang/Object;)Z 0 0 1 0 -1
ciMethod java/util/AbstractSet <init> ()V 634 0 15082 0 80
ciMethod java/util/HashMap removeNode (ILjava/lang/Object;Ljava/lang/Object;ZZ)Ljava/util/HashMap$Node; 512 42 5287 0 -1
ciMethod java/util/HashMap hash (Ljava/lang/Object;)I 512 0 61049 0 -1
ciMethod java/util/HashMap <init> ()V 512 0 9507 0 88
ciMethod java/util/concurrent/ConcurrentHashMap addCount (JI)V 538 0 5389 0 -1
ciMethod java/util/concurrent/ConcurrentHashMap treeifyBin ([Ljava/util/concurrent/ConcurrentHashMap$Node;I)V 0 0 1 0 -1
ciMethod java/util/concurrent/ConcurrentHashMap helpTransfer ([Ljava/util/concurrent/ConcurrentHashMap$Node;Ljava/util/concurrent/ConcurrentHashMap$Node;)[Ljava/util/concurrent/ConcurrentHashMap$Node; 0 0 1 0 -1
ciMethod java/util/concurrent/ConcurrentHashMap casTabAt ([Ljava/util/concurrent/ConcurrentHashMap$Node;ILjava/util/concurrent/ConcurrentHashMap$Node;Ljava/util/concurrent/ConcurrentHashMap$Node;)Z 512 0 1280 0 -1
ciMethod java/util/concurrent/ConcurrentHashMap initTable ()[Ljava/util/concurrent/ConcurrentHashMap$Node; 22 0 1896 0 -1
ciMethod java/util/concurrent/ConcurrentHashMap putVal (Ljava/lang/Object;Ljava/lang/Object;Z)Ljava/lang/Object; 646 20 10642 0 -1
ciMethod java/util/concurrent/ConcurrentHashMap tabAt ([Ljava/util/concurrent/ConcurrentHashMap$Node;I)Ljava/util/concurrent/ConcurrentHashMap$Node; 528 0 5384 0 96
ciMethod java/util/concurrent/ConcurrentHashMap spread (I)I 704 0 31315 0 96
ciMethod java/util/AbstractMap <init> ()V 588 0 18844 0 80
ciMethod jdk/internal/util/Preconditions checkIndex (IILjava/util/function/BiFunction;)I 768 0 3925 0 -1
ciMethod java/lang/ref/ReferenceQueue headIsNull ()Z 512 0 10752 0 0
ciMethod java/lang/ref/ReferenceQueue poll0 ()Ljava/lang/ref/Reference; 2 0 1697 0 -1
ciMethod java/lang/Math addExact (JJ)J 512 0 2408 0 -1
ciMethod java/lang/Math max (JJ)J 776 0 13139 0 -1
ciMethod java/lang/Thread holdsLock (Ljava/lang/Object;)Z 0 0 1 0 -1
ciMethod jdk/internal/misc/Unsafe getReferenceAcquire (Ljava/lang/Object;J)Ljava/lang/Object; 528 0 5384 0 -1
ciMethod java/util/Iterator next ()Ljava/lang/Object; 0 0 1 0 -1
ciMethod java/util/Iterator hasNext ()Z 0 0 1 0 -1
ciMethod java/util/Set remove (Ljava/lang/Object;)Z 0 0 1 0 -1
ciMethod java/lang/Object notifyAll ()V 256 0 128 0 -1
ciMethod java/lang/Object <init> ()V 1024 0 734386 0 80
instanceKlass kotlin/io/FileSystemException
instanceKlass java/nio/charset/CharacterCodingException
instanceKlass java/io/UnsupportedEncodingException
instanceKlass com/google/common/io/BaseEncoding$DecodingException
instanceKlass java/nio/file/FileSystemException
instanceKlass com/fasterxml/jackson/core/JacksonException
instanceKlass java/io/InterruptedIOException
instanceKlass org/apache/commons/io/FileExistsException
instanceKlass java/nio/channels/ClosedChannelException
instanceKlass java/net/SocketException
instanceKlass java/io/ObjectStreamException
instanceKlass java/net/UnknownHostException
instanceKlass java/io/EOFException
instanceKlass java/io/FileNotFoundException
instanceKlass java/util/zip/ZipException
instanceKlass java/net/MalformedURLException
ciInstanceKlass java/io/IOException 1 1 34 10 7 12 1 1 1 10 12 1 10 12 1 10 12 1 100 1 1 1 1 5 0 1 1 1 1 1 1 1 1 1 1 1
instanceKlass java/util/concurrent/CancellationException
instanceKlass org/gradle/api/internal/DefaultMutationGuard$IllegalMutationException
instanceKlass org/gradle/internal/enterprise/impl/legacy/UnsupportedBuildScanPluginVersionException
instanceKlass org/gradle/api/internal/provider/MissingValueException
instanceKlass java/nio/channels/ClosedSelectorException
instanceKlass java/nio/channels/OverlappingFileLockException
ciInstanceKlass java/lang/IllegalStateException 0 0 35 10 100 12 1 1 1 10 12 1 10 12 1 10 12 1 100 1 1 1 1 5 0 1 1 1 1 1 1 1 1 1 1 1 1
instanceKlass org/gradle/internal/serialize/PlaceholderAssertionError
instanceKlass org/codehaus/groovy/runtime/powerassert/PowerAssertionError
instanceKlass org/codehaus/groovy/GroovyBugError
ciInstanceKlass java/lang/AssertionError 0 0 79 10 100 12 1 1 1 10 12 1 10 100 12 1 1 1 10 100 1 100 1 10 12 1 1 10 12 1 10 12 1 10 12 1 10 12 1 10 12 1 10 12 1 10 12 1 1 1 1 5 0 1 1 1 1 1 1 1 1 1 1 100 1 1 1 1 1 1 1 1 1 1 1 1 1 1 1 1 1
ciInstanceKlass java/nio/channels/Channel 1 0 16 100 1 100 1 100 1 1 1 1 1 1 100 1 1 1
ciInstanceKlass java/nio/channels/ReadableByteChannel 1 0 14 100 1 100 1 100 1 1 1 1 100 1 1 1
ciInstanceKlass java/nio/channels/WritableByteChannel 1 0 14 100 1 100 1 100 1 1 1 1 100 1 1 1
ciInstanceKlass java/nio/channels/ByteChannel 1 0 11 100 1 100 1 100 1 100 1 1 1
ciInstanceKlass java/nio/channels/SeekableByteChannel 1 0 20 100 1 100 1 100 1 1 1 1 100 1 1 1 1 1 1 1 1 1
ciInstanceKlass java/nio/channels/GatheringByteChannel 1 0 15 100 1 100 1 100 1 1 1 1 100 1 1 1 1
ciInstanceKlass java/nio/channels/ScatteringByteChannel 1 0 15 100 1 100 1 100 1 1 1 1 100 1 1 1 1
ciInstanceKlass java/nio/channels/InterruptibleChannel 1 0 14 100 1 100 1 100 1 1 1 1 100 1 1 1
instanceKlass java/nio/channels/SelectableChannel
instanceKlass java/nio/channels/FileChannel
ciInstanceKlass java/nio/channels/spi/AbstractInterruptibleChannel 1 1 95 10 7 12 1 1 1 9 7 12 1 1 1 9 12 1 1 10 12 1 9 12 1 1 7 1 10 12 1 10 12 1 1 10 7 12 1 1 1 10 12 1 1 11 100 12 1 1 1 9 12 1 1 100 1 10 100 1 10 10 7 12 1 1 1 11 7 1 100 1 100 1 1 1 1 1 1 1 1 100 1 1 100 1 1 1 1 1 1 1 1 1 1 1 1
instanceKlass sun/nio/ch/FileChannelImpl
ciInstanceKlass java/nio/channels/FileChannel 1 1 153 10 7 12 1 1 1 11 100 12 1 1 1 10 100 12 1 1 1 10 100 12 1 1 1 10 100 12 1 1 1 100 1 10 10 12 1 1 9 7 12 1 1 1 10 12 1 10 12 1 1 10 12 1 100 1 10 100 1 5 0 10 12 1 1 10 12 1 10 12 1 1 10 12 1 7 1 100 1 100 1 100 1 1 1 1 1 1 1 1 1 1 1 1 1 1 1 1 1 100 1 1 1 1 1 1 1 100 1 1 1 1 1 1 1 1 1 1 1 1 1 1 1 1 1 1 1 1 1 1 1 1 1 1 1 1 1 1 1 1 1 1 1 1 100 1 1 1 100 1 100 1 1
staticfield java/nio/channels/FileChannel NO_ATTRIBUTES [Ljava/nio/file/attribute/FileAttribute; 0 [Ljava/nio/file/attribute/FileAttribute;
ciInstanceKlass sun/nio/ch/FileChannelImpl 1 1 838 10 7 12 1 1 1 7 1 10 12 1 9 7 12 1 1 1 7 1 10 9 12 1 1 9 12 1 1 9 12 1 1 9 12 1 1 9 12 1 9 12 1 9 12 1 1 9 12 1 100 1 10 9 12 1 1 10 7 12 1 1 1 9 12 1 1 10 100 12 1 1 1 100 1 10 12 1 10 100 12 1 1 1 9 12 1 1 10 12 1 10 12 1 1 100 1 10 9 12 1 10 12 1 10 12 1 1 10 7 12 1 1 9 12 1 1 10 7 12 1 1 1 11 7 12 1 1 1 11 7 12 1 1 11 12 1 1 7 1 10 12 1 10 12 1 1 10 12 1 10 12 1 1 7 1 10 12 1 10 12 1 11 7 12 1 1 11 100 12 1 1 100 1 10 12 1 1 10 12 1 100 1 10 10 10 100 12 1 1 1 10 12 1 10 12 1 1 10 12 1 10 12 1 10 7 12 1 1 1 10 7 12 1 5 0 10 100 12 1 1 1 10 12 1 10 12 1 1 10 100 12 1 1 1 10 12 1 10 12 1 5 0 10 12 1 100 1 10 10 12 1 10 12 9 12 1 1 11 100 12 1 1 1 10 12 1 10 12 1 1 100 1 10 8 1 10 12 1 10 12 1 1 10 12 1 1 10 12 1 10 100 12 1 1 1 10 12 1 1 5 0 100 1 9 12 1 9 12 1 5 0 9 12 1 100 1 100 1 10 12 1 1 11 12 1 1 10 12 1 1 10 12 1 1 10 12 1 5 0 10 12 1 5 0 10 100 12 1 1 1 9 100 12 1 1 1 10 12 1 1 11 100 12 1 1 10 12 1 1 100 1 11 10 100 1 10 12 1 1 100 1 5 0 10 100 12 1 1 1 10 12 1 10 12 1 10 12 1 1 10 12 1 10 10 12 1 10 12 1 1 10 12 1 1 10 12 1 10 12 1 1 9 12 1 10 12 1 1 10 12 11 100 12 1 11 10 12 1 1 10 12 1 10 12 1 1 100 1 10 8 1 10 12 1 10 12 1 10 12 1 100 1 11 12 1 10 100 1 100 1 5 0 8 1 8 1 10 12 1 1 10 12 1 1 10 12 1 1 10 12 1 1 10 10 12 1 1 10 12 1 10 100 12 1 1 10 12 1 10 12 1 10 12 8 1 10 100 12 1 1 1 10 12 1 8 1 8 1 100 1 10 12 1 100 1 10 12 1 10 12 1 1 10 8 1 10 12 1 1 10 12 1 8 1 10 10 12 1 10 12 1 100 1 10 100 12 1 1 5 0 10 12 1 100 1 10 12 1 1 10 12 1 8 1 10 12 1 10 12 1 1 10 12 1 100 1 10 12 1 100 1 10 10 100 12 1 1 9 100 12 1 1 9 12 1 9 12 1 9 12 1 100 1 10 10 100 12 1 1 100 1 10 100 1 10 10 12 1 100 1 5 0 10 12 1 10 12 1 10 12 1 10 12 1 10 12 100 1 10 10 12 1 1 10 12 1 1 10 10 10 12 10 7 12 1 1 10 7 12 1 1 1 7 1 10 1 1 1 1 1 3 1 3 1 3 1 3 1 3 1 1 1 1 1 1 100 1 1 1 1 1 1 100 1 1 1 1 1 1 1 1 1 1 1 1 1 1 1 1 100 1 1 1 1 1 1 1 1 1 1 1 1 1 1 1 1 1 1 1 1 1 1 1 1 1 1 1 1 1 1 1 100 1 1 1 1 1 1 1 1 1 1 1 1 1 1 1 1 1 1 1 1 1 1 1 1 1 1 1 1 1 100 1 1 1 1 1 1 1 1 1 1 1 1 1 1 1 1 1 1 1 1 1 1 1 1 1 1 1 1 1 1 1 1 1 1 100 1 1 100 1 1 1 1 100 1 1
staticfield sun/nio/ch/FileChannelImpl fdAccess Ljdk/internal/access/JavaIOFileDescriptorAccess; java/io/FileDescriptor$1
staticfield sun/nio/ch/FileChannelImpl nd Lsun/nio/ch/FileDispatcher; sun/nio/ch/FileDispatcherImpl
staticfield sun/nio/ch/FileChannelImpl $assertionsDisabled Z 1
instanceKlass sun/nio/ch/FileDispatcherImpl
ciInstanceKlass sun/nio/ch/FileDispatcher 1 1 62 10 7 12 1 1 1 100 1 1 1 1 3 1 3 1 3 1 3 1 1 1 1 1 1 1 1 100 1 1 1 1 1 1 1 1 1 1 1 1 1 1 1 1 1 1 1 1 1 1 1 1 1 1 1 1 1 1 1 1 1 1
ciInstanceKlass sun/nio/ch/FileDispatcherImpl 1 1 279 10 7 12 1 1 1 10 7 12 1 1 1 10 12 1 1 10 12 1 1 9 12 1 1 11 100 12 1 1 1 10 12 1 1 10 12 1 10 12 1 1 10 12 1 1 10 12 1 1 10 12 1 1 10 12 1 1 10 12 1 1 10 12 1 1 11 12 1 1 100 1 10 11 12 1 10 12 1 1 11 12 1 1 11 12 1 9 12 1 1 10 100 12 1 1 1 9 12 1 1 10 12 1 1 10 12 1 1 9 12 1 1 10 12 1 1 100 1 5 0 9 100 12 1 1 1 10 7 12 1 1 1 10 12 1 1 10 12 1 1 10 100 12 1 1 1 10 12 1 1 10 12 1 1 100 1 100 1 8 1 10 12 1 8 1 8 1 10 7 12 1 1 1 10 12 1 10 7 12 1 1 1 10 7 12 1 1 1 10 7 12 1 1 10 12 1 10 12 1 1 10 12 1 1 1 3 1 3 1 3 1 3 1 1 1 1 1 1 1 1 1 1 1 1 1 1 1 1 1 1 1 1 1 1 1 1 1 1 1 1 1 1 1 1 1 1 1 1 1 1 1 1 1 1 1 1 1 1 1 1 1 1 1 1 1 1 1 1 1 1 1 1 1 1 1 1 1 1
staticfield sun/nio/ch/FileDispatcherImpl ALLOCATION_GRANULARITY J 65536
staticfield sun/nio/ch/FileDispatcherImpl MAX_DIRECT_TRANSFER_SIZE I 2147483646
staticfield sun/nio/ch/FileDispatcherImpl FAST_FILE_TRANSFER Z 0
staticfield sun/nio/ch/FileDispatcherImpl fdAccess Ljdk/internal/access/JavaIOFileDescriptorAccess; java/io/FileDescriptor$1
ciInstanceKlass sun/nio/ch/NativeThreadSet 1 1 98 10 7 12 1 1 1 9 7 12 1 1 1 9 12 1 1 10 7 12 1 1 1 5 0 10 100 12 1 1 1 9 12 1 1 100 1 10 9 12 1 10 12 1 10 12 1 1 5 0 10 12 1 100 1 10 100 12 1 1 1 10 12 1 10 7 12 1 1 1 1 1 1 1 1 1 1 1 1 1 1 1 1 1 1 1 1 100 1 1 1 1 1 1 1 1 1 1
staticfield sun/nio/ch/NativeThreadSet $assertionsDisabled Z 1
instanceKlass sun/nio/ch/FileLockImpl
ciInstanceKlass java/nio/channels/FileLock 1 1 127 10 7 12 1 1 1 8 1 10 7 12 1 1 1 100 1 8 1 10 12 1 8 1 8 1 9 7 12 1 1 1 9 12 1 1 9 12 1 9 12 1 1 100 1 10 100 12 1 1 1 100 1 10 12 1 100 1 10 10 12 1 1 10 100 12 1 1 1 10 12 1 1 8 1 10 12 1 8 1 8 1 8 8 1 10 12 1 1 8 1 8 1 8 1 10 12 1 100 1 1 1 1 1 1 1 1 1 1 1 100 1 1 1 1 1 1 1 1 1 100 1 1 100 1 1 1
ciInstanceKlass sun/nio/ch/FileLockImpl 1 1 84 10 7 12 1 1 1 10 12 1 9 7 12 1 1 1 9 12 1 10 100 12 1 1 1 100 1 10 12 1 10 12 1 1 11 7 12 1 1 1 100 1 10 10 12 1 7 1 10 12 1 1 100 1 10 10 12 1 10 7 12 1 1 1 1 1 1 1 1 1 1 1 1 1 1 1 1 1 1 100 1 1 1 1
staticfield sun/nio/ch/FileLockImpl $assertionsDisabled Z 1
ciInstanceKlass sun/nio/ch/NativeThread 1 1 44 10 100 12 1 1 1 10 7 12 1 1 1 10 12 1 1 100 1 5 0 100 1 10 1 1 1 1 1 1 1 1 1 1 1 1 1 1 1 1 1 1 1 1
ciInstanceKlass sun/nio/ch/FileLockTable 1 1 219 10 7 12 1 1 1 9 7 12 1 1 1 10 7 12 1 1 1 9 12 1 1 7 1 10 9 12 1 1 9 12 1 1 10 7 12 1 1 1 7 1 7 1 10 12 1 10 12 1 1 7 1 9 12 1 1 10 12 1 11 12 1 1 11 7 1 10 7 12 1 1 1 10 12 1 10 12 1 1 10 12 1 9 12 1 1 10 100 12 1 1 100 1 10 11 12 1 1 10 12 1 11 12 1 11 12 1 10 12 1 10 12 1 1 10 12 1 11 12 11 12 10 10 12 1 1 11 11 12 1 1 11 12 1 1 11 7 12 1 1 11 12 1 10 12 1 1 100 1 10 10 7 12 1 1 1 10 12 1 11 10 7 12 1 1 10 10 1 1 1 1 1 1 1 1 1 1 1 1 1 100 1 1 1 1 1 1 1 1 1 1 1 100 1 1 1 1 1 1 1 1 1 1 1 1 1 1 1 1 1 1 1 1 1 1 1 1 1
staticfield sun/nio/ch/FileLockTable $assertionsDisabled Z 1
ciInstanceKlass sun/nio/ch/FileKey 1 1 56 10 7 12 1 1 1 7 1 10 10 12 1 1 9 12 1 1 9 12 1 9 12 1 10 7 12 1 1 10 12 1 1 1 1 1 1 1 1 1 1 1 1 100 1 1 1 1 1 1 1 1 1 1 1 1
ciInstanceKlass sun/nio/ch/FileLockTable$FileLockReference 1 1 37 10 7 12 1 1 1 9 7 12 1 1 1 1 1 1 1 1 1 1 1 1 1 1 1 1 1 1 1 1 1 1 1 100 1 1 1
ciInstanceKlass java/util/NoSuchElementException 0 0 34 10 100 12 1 1 1 10 12 1 10 12 1 10 12 1 100 1 1 1 1 5 0 1 1 1 1 1 1 1 1 1 1 1
ciInstanceKlass java/nio/channels/ClosedChannelException 0 0 21 10 100 12 1 1 1 100 1 1 1 1 5 0 1 1 1 1 1 1 1
ciInstanceKlass java/nio/channels/OverlappingFileLockException 0 0 21 10 100 12 1 1 1 100 1 1 1 1 5 0 1 1 1 1 1 1 1
ciInstanceKlass java/util/ConcurrentModificationException 0 0 34 10 100 12 1 1 1 10 12 1 10 12 1 10 12 1 100 1 1 1 1 5 0 1 1 1 1 1 1 1 1 1 1 1
ciMethodData java/lang/Object <init> ()V 2 733874 orig 80 0 0 0 0 0 0 0 0 0 0 0 0 0 0 0 0 0 0 0 0 0 0 0 0 0 0 0 0 0 0 0 0 0 0 0 0 0 0 0 0 0 0 0 0 0 0 0 0 0 0 0 0 0 0 0 0 0 0 0 0 0 0 0 0 0 0 0 0 0 0 0 0 0 0 0 0 0 0 0 0 data 4 0x0 0x9 0x1 0x0 oops 0 methods 0
ciMethodData java/util/AbstractCollection <init> ()V 2 59991 orig 80 0 0 0 0 0 0 0 0 0 0 0 0 181 2 0 0 0 0 0 0 0 0 0 0 0 0 0 0 0 0 0 0 0 0 0 0 0 0 0 0 0 0 0 0 0 0 0 0 0 0 0 0 0 0 0 0 0 0 0 0 0 0 0 0 0 0 0 0 0 0 0 0 0 0 0 0 0 0 0 0 data 7 0x10002 0xea57 0x0 0x0 0x9 0x1 0x0 oops 0 methods 0
ciMethodData java/util/concurrent/ConcurrentHashMap tabAt ([Ljava/util/concurrent/ConcurrentHashMap$Node;I)Ljava/util/concurrent/ConcurrentHashMap$Node; 2 5120 orig 80 0 0 0 0 0 0 0 0 0 0 0 0 181 2 0 0 0 0 0 0 0 0 0 0 0 0 0 0 0 0 0 0 0 0 0 0 0 0 0 0 0 0 0 0 0 0 0 0 0 0 0 0 0 0 0 0 0 0 0 0 0 0 0 0 0 0 0 0 0 0 0 0 0 0 0 0 0 0 0 0 data 27 0xf000b 0x1400 0x0 0x0 0x0 0x0 0x0 0x2 0x1 0x2b591fc5cc8 0x120104 0x0 0x0 0x2b591fc5c18 0x8dc 0x2b5936d1c38 0x1f1 0x0 0x0 0x0 0x0 0x0 0x0 0x9 0x2 0x0 0x0 oops 3 9 [Ljava/util/concurrent/ConcurrentHashMap$Node; 13 java/util/concurrent/ConcurrentHashMap$Node 15 java/util/concurrent/ConcurrentHashMap$ForwardingNode methods 0
ciMethodData java/util/concurrent/ConcurrentHashMap spread (I)I 2 30963 orig 80 0 0 0 0 0 0 0 0 0 0 0 0 181 2 0 0 0 0 0 0 0 0 0 0 0 0 0 0 0 0 0 0 0 0 0 0 0 0 0 0 0 0 0 0 0 0 0 0 0 0 0 0 0 0 0 0 0 0 0 0 0 0 0 0 0 0 0 0 0 0 0 0 0 0 0 0 0 0 0 0 data 5 0x0 0x0 0x9 0x1 0x0 oops 0 methods 0
ciMethodData java/util/concurrent/ConcurrentHashMap putIfAbsent (Ljava/lang/Object;Ljava/lang/Object;)Ljava/lang/Object; 2 14038 orig 80 0 0 0 0 0 0 0 0 0 0 0 0 181 2 0 0 0 0 0 0 0 0 0 0 0 0 0 0 0 0 0 0 0 0 0 0 0 0 0 0 0 0 0 0 0 0 0 0 0 0 0 0 0 0 0 0 0 0 0 0 0 0 0 0 0 0 0 0 0 0 0 0 0 0 0 0 0 0 0 0 data 18 0x40005 0x36d6 0x0 0x0 0x0 0x0 0x0 0x0 0x0 0x0 0x0 0x0 0x0 0x9 0x3 0xffffffffffffffff 0xffffffffffffffff 0xffffffffffffffff oops 0 methods 0
ciMethodData java/util/concurrent/ConcurrentHashMap putVal (Ljava/lang/Object;Ljava/lang/Object;Z)Ljava/lang/Object; 2 10319 orig 80 1 0 0 0 0 0 0 0 0 0 0 0 181 2 0 0 0 0 0 0 0 0 0 0 0 0 0 0 0 0 0 0 0 0 0 0 0 0 0 1 0 0 0 0 0 0 0 0 0 0 0 0 0 0 0 0 0 0 0 0 0 0 0 0 0 0 0 0 0 0 0 0 0 0 0 0 0 0 0 0 data 250 0x10007 0x0 0x40 0x284f 0x50007 0x284f 0x30 0x0 0xc0002 0x0 0x110005 0x438 0x0 0x2b593701650 0x2da 0x2b548071cc8 0x213d 0x140002 0x284f 0x240007 0x1b0 0x40 0x284f 0x2d0007 0x284f 0x70 0x0 0x310005 0x1b0 0x0 0x0 0x0 0x0 0x0 0x360003 0x1b0 0x5f8 0x450002 0x284f 0x4b0007 0x10f4 0x78 0x175b 0x5b0002 0x175b 0x5e0002 0x175b 0x610007 0x0 0x590 0x175b 0x640003 0x175b 0x588 0x700007 0x10f4 0x70 0x0 0x780005 0x0 0x0 0x0 0x0 0x0 0x0 0x7d0003 0x0 0x500 0x810007 0x2be 0xf8 0xe36 0x880007 0xaf8 0xd8 0x33e 0x940007 0x1 0x98 0x33d 0x990007 0x0 0x98 0x33d 0x9f0005 0x0 0x0 0x2b548071cc8 0x33d 0x0 0x0 0xa20007 0x0 0x40 0x33d 0xad0007 0x0 0x20 0x33e 0xc00002 0xdb6 0xc50007 0x0 0x330 0xdb6 0xca0007 0x0 0x188 0xdb6 0xdb0007 0x1186 0xf0 0x15c 0xe70007 0x2 0x98 0x15a 0xec0007 0x0 0xb0 0x15a 0xf20005 0x0 0x0 0x2b548071cc8 0x15a 0x0 0x0 0xf50007 0x0 0x58 0x15a 0x8000000601000007 0x149 0x98 0x14 0x1090003 0x14 0x78 0x1180007 0x52c 0x48 0xc5a 0x1250002 0xc5a 0x12b0003 0xc5a 0x30 0x1310003 0x52c 0xfffffffffffffec8 0x1340003 0xdb7 0x1a0 0x1390004 0x0 0x0 0x0 0x0 0x0 0x0 0x13c0007 0x0 0xe8 0x0 0x1440004 0x0 0x0 0x0 0x0 0x0 0x0 0x14b0005 0x0 0x0 0x0 0x0 0x0 0x0 0x1510007 0x0 0x40 0x0 0x15c0007 0x0 0x20 0x0 0x1650003 0x0 0x80 0x16a0004 0x0 0x0 0x0 0x0 0x0 0x0 0x16d0007 0x0 0x30 0x0 0x1760002 0x0 0x17d0003 0xdb7 0x18 0x18a0007 0x0 0x98 0xdb7 0x1910007 0xdb7 0x58 0x0 0x1990005 0x0 0x0 0x0 0x0 0x0 0x0 0x19e0007 0xc5a 0x38 0x15d 0x1a40003 0x1b0 0xfffffffffffff990 0x1ab0005 0x23b5 0x0 0x0 0x0 0x0 0x0 0x0 0x0 0x0 0x0 0x0 0x0 0x0 0x0 0x0 0x9 0x4 0x0 0x0 0x0 0x0 oops 4 13 jdk/internal/util/WeakReferenceKey 15 java/lang/String 87 java/lang/String 124 java/lang/String methods 0
ciMethodData java/lang/ref/ReferenceQueue headIsNull ()Z 2 10496 orig 80 0 0 0 0 0 0 0 0 0 0 0 0 181 2 0 0 0 0 0 0 0 0 0 0 0 0 0 0 0 0 0 0 0 0 0 0 0 0 0 0 0 0 0 0 0 0 0 0 0 0 0 0 0 0 0 0 0 0 0 0 0 0 0 0 0 0 0 0 0 0 0 0 0 0 0 0 0 0 0 0 data 16 0x40007 0x7b 0x38 0x2885 0x80003 0x2885 0x18 0x0 0x0 0x0 0x0 0x0 0x0 0x9 0x1 0x0 oops 0 methods 0
ciMethodData java/util/concurrent/ConcurrentHashMap get (Ljava/lang/Object;)Ljava/lang/Object; 2 11268 orig 80 1 0 0 0 0 0 0 0 0 0 0 0 181 2 0 0 0 0 0 0 0 0 0 0 0 0 0 0 0 0 0 0 0 0 0 0 0 0 0 1 0 0 0 0 0 0 0 0 0 0 0 0 0 0 0 0 0 0 0 0 0 0 0 0 0 0 0 0 0 0 0 0 0 0 0 0 0 0 0 0 data 101 0x10005 0x208c 0x0 0x2b5932a7478 0x93 0x2b5932a7528 0xae5 0x40002 0x2c04 0xf0007 0x19b 0x290 0x2a69 0x170007 0x0 0x270 0x2a69 0x220002 0x2a69 0x270007 0x96f 0x240 0x20fa 0x330007 0xa3d 0xb8 0x16bd 0x3e0007 0x8d3 0x98 0xdea 0x430007 0x0 0x108 0xdea 0x490005 0x949 0x0 0x2b5932a7528 0x478 0x2b548074318 0x29 0x80000006004c0007 0x2 0xb0 0xde9 0x560007 0xa3d 0x90 0x0 0x5d0005 0x0 0x0 0x0 0x0 0x0 0x0 0x630007 0x0 0x38 0x0 0x6b0003 0x0 0x18 0x760007 0x4b9 0xd8 0x749 0x7f0007 0x1c3 0xffffffffffffffe0 0x586 0x8a0007 0x232 0x98 0x354 0x8f0007 0x0 0xffffffffffffffa0 0x354 0x950005 0xc 0x0 0x2b5932a7528 0x149 0x2b548071cc8 0x1ff 0x980007 0x0 0xffffffffffffff48 0x354 0x0 0x0 0x0 0x0 0x0 0x0 0x9 0x2 0x0 0x0 oops 6 3 java/lang/WeakPairMap$Pair$Lookup 5 jdk/internal/util/StrongReferenceKey 38 jdk/internal/util/StrongReferenceKey 40 java/lang/invoke/MemberName 83 jdk/internal/util/StrongReferenceKey 85 java/lang/String methods 0
ciMethodData java/util/Objects requireNonNull (Ljava/lang/Object;Ljava/lang/String;)Ljava/lang/Object; 2 56351 orig 80 0 0 0 0 0 0 0 0 0 0 0 0 181 2 0 0 0 0 0 0 0 0 0 0 0 0 0 0 0 0 0 0 0 0 0 0 0 0 0 0 0 0 0 0 0 0 0 0 0 0 0 0 0 0 0 0 0 0 0 0 0 0 0 0 0 0 0 0 0 0 0 0 0 0 0 0 0 0 0 0 data 16 0x10007 0xdc1f 0x30 0x0 0x90002 0x0 0x0 0x0 0x0 0x0 0x0 0x0 0x9 0x2 0x0 0x0 oops 0 methods 0
ciMethodData java/util/HashMap hash (Ljava/lang/Object;)I 2 60793 orig 80 0 0 0 0 0 0 0 0 0 0 0 0 181 2 0 0 0 0 0 0 0 0 0 0 0 0 0 0 0 0 0 0 0 0 0 0 0 0 0 1 0 0 0 0 0 0 0 0 0 0 0 0 0 0 0 0 0 0 0 0 0 0 0 0 0 0 0 0 0 0 0 0 0 0 0 0 0 0 0 0 data 23 0x8000000600010007 0xec88 0x38 0xf2 0x50003 0xf2 0x50 0x90005 0x9717 0x0 0x2b548071cc8 0x538d 0x2b593702728 0x1e4 0x0 0x0 0x0 0x0 0x0 0x0 0x9 0x1 0xffffffffffffffff oops 2 10 java/lang/String 12 java/lang/module/ModuleDescriptor methods 0
ciMethodData java/util/HashSet add (Ljava/lang/Object;)Z 2 52093 orig 80 3 0 0 0 0 0 0 0 0 0 0 0 0 0 0 0 0 0 0 0 0 0 0 0 0 0 0 0 0 0 0 0 0 0 0 0 0 0 0 0 0 0 0 0 0 0 0 0 0 0 0 0 0 0 0 0 0 0 0 0 0 0 0 0 0 0 0 0 0 0 0 0 0 0 0 0 0 0 0 0 data 24 0x80005 0x0 0x0 0x2b5935284b0 0x246d 0x2b591f565b8 0xa711 0xb0007 0x694 0x38 0xc4ed 0xf0003 0xc4ed 0x18 0x0 0x0 0x0 0x0 0x0 0x0 0x9 0x2 0x0 0xffffffffffffffff oops 2 3 java/util/HashMap 5 java/util/LinkedHashMap methods 0
ciMethodData java/util/AbstractSet <init> ()V 2 14765 orig 80 0 0 0 0 0 0 0 0 0 0 0 0 181 2 0 0 0 0 0 0 0 0 0 0 0 0 0 0 0 0 0 0 0 0 0 0 0 0 0 0 0 0 0 0 0 0 0 0 0 0 0 0 0 0 0 0 0 0 0 0 0 0 0 0 0 0 0 0 0 0 0 0 0 0 0 0 0 0 0 0 data 7 0x10002 0x39ad 0x0 0x0 0x9 0x1 0x0 oops 0 methods 0
ciMethodData java/util/AbstractMap <init> ()V 2 18550 orig 80 0 0 0 0 0 0 0 0 0 0 0 0 181 2 0 0 0 0 0 0 0 0 0 0 0 0 0 0 0 0 0 0 0 0 0 0 0 0 0 0 0 0 0 0 0 0 0 0 0 0 0 0 0 0 0 0 0 0 0 0 0 0 0 0 0 0 0 0 0 0 0 0 0 0 0 0 0 0 0 0 data 7 0x10002 0x4876 0x0 0x0 0x9 0x1 0x0 oops 0 methods 0
ciMethodData java/util/HashMap <init> ()V 2 9251 orig 80 0 0 0 0 0 0 0 0 0 0 0 0 181 2 0 0 0 0 0 0 0 0 0 0 0 0 0 0 0 0 0 0 0 0 0 0 0 0 0 0 0 0 0 0 0 0 0 0 0 0 0 0 0 0 0 0 0 0 0 0 0 0 0 0 0 0 0 0 0 0 0 0 0 0 0 0 0 0 0 0 data 9 0x10002 0x2423 0x0 0x0 0x0 0x0 0x9 0x1 0x10 oops 0 methods 0
ciMethodData java/util/HashSet <init> ()V 2 2062 orig 80 0 0 0 0 0 0 0 0 0 0 0 0 181 2 0 0 0 0 0 0 0 0 0 0 0 0 0 0 0 0 0 0 0 0 0 0 0 0 0 0 0 0 0 0 0 0 0 0 0 0 0 0 0 0 0 0 0 0 0 0 0 0 0 0 0 0 0 0 0 0 0 0 0 0 0 0 0 0 0 0 data 11 0x10002 0x80e 0x90002 0x80e 0x0 0x0 0x0 0x0 0x9 0x1 0x0 oops 0 methods 0
ciMethodData java/lang/ref/Reference <init> (Ljava/lang/Object;Ljava/lang/ref/ReferenceQueue;)V 2 25224 orig 80 0 0 0 0 0 0 0 0 0 0 0 0 181 2 0 0 0 0 0 0 0 0 0 0 0 0 0 0 0 0 0 0 0 0 0 0 0 0 0 0 0 0 0 0 0 0 0 0 0 0 0 0 0 0 0 0 0 0 0 0 0 0 0 0 0 0 0 0 0 0 0 0 0 0 0 0 0 0 0 0 data 20 0x10002 0x6288 0xb0007 0x48e3 0x38 0x19a5 0x110003 0x19a5 0x18 0x0 0x0 0x0 0x0 0x0 0x0 0x9 0x3 0x6 0x0 0x0 oops 0 methods 0
ciMethod java/lang/AssertionError <init> ()V 0 0 1 0 -1
ciMethodData java/lang/ref/ReferenceQueue poll ()Ljava/lang/ref/Reference; 2 5120 orig 80 0 0 0 0 0 0 0 0 0 0 0 0 181 2 0 0 0 0 0 0 0 0 0 0 0 0 0 0 0 0 0 0 0 0 0 0 0 0 0 0 0 0 0 0 0 0 0 0 0 0 0 0 0 0 0 0 0 0 0 0 0 0 0 0 0 0 0 0 0 0 0 0 0 0 0 0 0 0 0 0 data 48 0x10005 0x1400 0x0 0x0 0x0 0x0 0x0 0x40007 0x0 0x20 0x1400 0xd0005 0x0 0x0 0x0 0x0 0x0 0x0 0x110005 0x0 0x0 0x0 0x0 0x0 0x0 0x190005 0x0 0x0 0x0 0x0 0x0 0x0 0x230005 0x0 0x0 0x0 0x0 0x0 0x0 0x0 0x0 0x0 0x0 0x0 0x0 0x9 0x1 0x0 oops 0 methods 0
ciMethodData java/lang/ref/WeakReference <init> (Ljava/lang/Object;Ljava/lang/ref/ReferenceQueue;)V 2 15701 orig 80 0 0 0 0 0 0 0 0 0 0 0 0 181 2 0 0 0 0 0 0 0 0 0 0 0 0 0 0 0 0 0 0 0 0 0 0 0 0 0 0 0 0 0 0 0 0 0 0 0 0 0 0 0 0 0 0 0 0 0 0 0 0 0 0 0 0 0 0 0 0 0 0 0 0 0 0 0 0 0 0 data 9 0x30002 0x3d55 0x0 0x0 0x9 0x3 0x6 0x0 0x0 oops 0 methods 0
ciMethodData java/util/ArrayList add (Ljava/lang/Object;)Z 2 66489 orig 80 0 0 0 0 0 0 0 0 0 0 0 0 181 2 0 0 0 0 0 0 0 0 0 0 0 0 0 0 0 0 0 0 0 0 0 0 0 0 0 0 0 0 0 0 0 0 0 0 0 0 0 0 0 0 0 0 0 0 0 0 0 0 0 0 0 0 0 0 0 0 0 0 0 0 0 0 0 0 0 0 data 17 0x140005 0x103b9 0x0 0x0 0x0 0x0 0x0 0x0 0x0 0x0 0x0 0x0 0x0 0x9 0x2 0xe 0x0 oops 0 methods 0
ciMethodData java/util/ArrayList add (Ljava/lang/Object;[Ljava/lang/Object;I)V 2 66489 orig 80 0 0 0 0 0 0 0 0 0 0 0 0 181 2 0 0 0 0 0 0 0 0 0 0 0 0 0 0 0 0 0 0 0 0 0 0 0 0 0 0 0 0 0 0 0 0 0 0 0 0 0 0 0 0 0 0 0 0 0 0 0 0 0 0 0 0 0 0 0 0 0 0 0 0 0 0 0 0 0 0 data 30 0x30007 0xe96b 0x58 0x1a4e 0x70005 0x1a4e 0x0 0x0 0x0 0x0 0x0 0xe0004 0x0 0x0 0x2b548071cc8 0x8ee1 0x2b548071d58 0x1a45 0x0 0x0 0x0 0x0 0x0 0x0 0x9 0x4 0xc 0x0 0xffffffffffffffff 0x0 oops 2 14 java/lang/String 16 java/lang/Class methods 0
ciMethodData java/util/ArrayList grow ()[Ljava/lang/Object; 2 6750 orig 80 0 0 0 0 0 0 0 0 0 0 0 0 181 2 0 0 0 0 0 0 0 0 0 0 0 0 0 0 0 0 0 0 0 0 0 0 0 0 0 0 0 0 0 0 0 0 0 0 0 0 0 0 0 0 0 0 0 0 0 0 0 0 0 0 0 0 0 0 0 0 0 0 0 0 0 0 0 0 0 0 data 16 0x70005 0x1a5e 0x0 0x0 0x0 0x0 0x0 0x0 0x0 0x0 0x0 0x0 0x0 0x9 0x1 0xc oops 0 methods 0
ciMethodData java/util/ArrayList$Itr hasNext ()Z 2 8256 orig 80 0 0 0 0 0 0 0 0 0 0 0 0 181 2 0 0 0 0 0 0 0 0 0 0 0 0 0 0 0 0 0 0 0 0 0 0 0 0 0 0 0 0 0 0 0 0 0 0 0 0 0 0 0 0 0 0 0 0 0 0 0 0 0 0 0 0 0 0 0 0 0 0 0 0 0 0 0 0 0 0 data 14 0xb0007 0xe58 0x38 0x11e8 0xf0003 0x11e8 0x18 0x0 0x0 0x0 0x0 0x9 0x1 0x0 oops 0 methods 0
ciMethodData java/util/AbstractList <init> ()V 2 36509 orig 80 0 0 0 0 0 0 0 0 0 0 0 0 181 2 0 0 0 0 0 0 0 0 0 0 0 0 0 0 0 0 0 0 0 0 0 0 0 0 0 0 0 0 0 0 0 0 0 0 0 0 0 0 0 0 0 0 0 0 0 0 0 0 0 0 0 0 0 0 0 0 0 0 0 0 0 0 0 0 0 0 data 9 0x10002 0x8e9d 0x0 0x0 0x0 0x0 0x9 0x1 0x6 oops 0 methods 0
ciMethodData java/util/ArrayList iterator ()Ljava/util/Iterator; 2 7093 orig 80 0 0 0 0 0 0 0 0 0 0 0 0 181 2 0 0 0 0 0 0 0 0 0 0 0 0 0 0 0 0 0 0 0 0 0 0 0 0 0 0 0 0 0 0 0 0 0 0 0 0 0 0 0 0 0 0 0 0 0 0 0 0 0 0 0 0 0 0 0 0 0 0 0 0 0 0 0 0 0 0 data 8 0x50002 0x1bb5 0x0 0x0 0x0 0x9 0x1 0x0 oops 0 methods 0
ciMethodData java/util/ArrayList$Itr <init> (Ljava/util/ArrayList;)V 2 7124 orig 80 0 0 0 0 0 0 0 0 0 0 0 0 181 2 0 0 0 0 0 0 0 0 0 0 0 0 0 0 0 0 0 0 0 0 0 0 0 0 0 0 0 0 0 0 0 0 0 0 0 0 0 0 0 0 0 0 0 0 0 0 0 0 0 0 0 0 0 0 0 0 0 0 0 0 0 0 0 0 0 0 data 10 0x60002 0x1bd4 0x0 0x0 0x0 0x0 0x9 0x2 0xc 0x0 oops 0 methods 0
ciMethodData java/util/ArrayList$Itr next ()Ljava/lang/Object; 2 5120 orig 80 0 0 0 0 0 0 0 0 0 0 0 0 181 2 0 0 0 0 0 0 0 0 0 0 0 0 0 0 0 0 0 0 0 0 0 0 0 0 0 0 0 0 0 0 0 0 0 0 0 0 0 0 0 0 0 0 0 0 0 0 0 0 0 0 0 0 0 0 0 0 0 0 0 0 0 0 0 0 0 0 data 28 0x10005 0x1400 0x0 0x0 0x0 0x0 0x0 0x110007 0x1400 0x30 0x0 0x180002 0x0 0x270007 0x1400 0x30 0x0 0x2e0002 0x0 0x0 0x0 0x0 0x0 0x0 0x0 0x9 0x1 0x6 oops 0 methods 0
ciMethodData java/util/ArrayList get (I)Ljava/lang/Object; 2 9752 orig 80 0 0 0 0 0 0 0 0 0 0 0 0 181 2 0 0 0 0 0 0 0 0 0 0 0 0 0 0 0 0 0 0 0 0 0 0 0 0 0 0 0 0 0 0 0 0 0 0 0 0 0 0 0 0 0 0 0 0 0 0 0 0 0 0 0 0 0 0 0 0 0 0 0 0 0 0 0 0 0 0 data 19 0x50002 0x2618 0xb0005 0x0 0x0 0x2b548075608 0x2618 0x0 0x0 0x0 0x0 0x0 0x0 0x0 0x0 0x9 0x2 0x0 0x0 oops 1 5 java/util/ArrayList methods 0
ciMethodData java/util/Objects checkIndex (II)I 2 15163 orig 80 0 0 0 0 0 0 0 0 0 0 0 0 181 2 0 0 0 0 0 0 0 0 0 0 0 0 0 0 0 0 0 0 0 0 0 0 0 0 0 0 0 0 0 0 0 0 0 0 0 0 0 0 0 0 0 0 0 0 0 0 0 0 0 0 0 0 0 0 0 0 0 0 0 0 0 0 0 0 0 0 data 12 0x30002 0x3b3b 0x0 0x0 0x0 0x0 0x0 0x0 0x9 0x2 0x0 0x0 oops 0 methods 0
ciMethodData java/util/ArrayList elementData (I)Ljava/lang/Object; 2 9796 orig 80 0 0 0 0 0 0 0 0 0 0 0 0 181 2 0 0 0 0 0 0 0 0 0 0 0 0 0 0 0 0 0 0 0 0 0 0 0 0 0 0 0 0 0 0 0 0 0 0 0 0 0 0 0 0 0 0 0 0 0 0 0 0 0 0 0 0 0 0 0 0 0 0 0 0 0 0 0 0 0 0 data 8 0x0 0x0 0x0 0x0 0x9 0x2 0x0 0x0 oops 0 methods 0
ciMethodData java/lang/ref/Reference clear ()V 2 13530 orig 80 0 0 0 0 0 0 0 0 0 0 0 0 181 2 0 0 0 0 0 0 0 0 0 0 0 0 0 0 0 0 0 0 0 0 0 0 0 0 0 0 0 0 0 0 0 0 0 0 0 0 0 0 0 0 0 0 0 0 0 0 0 0 0 0 0 0 0 0 0 0 0 0 0 0 0 0 0 0 0 0 data 16 0x10005 0x34da 0x0 0x0 0x0 0x0 0x0 0x0 0x0 0x0 0x0 0x0 0x0 0x9 0x1 0x0 oops 0 methods 0
ciMethodData java/util/ArrayList <init> (I)V 2 5176 orig 80 0 0 0 0 0 0 0 0 0 0 0 0 181 2 0 0 0 0 0 0 0 0 0 0 0 0 0 0 0 0 0 0 0 0 0 0 0 0 0 0 0 0 0 0 0 0 0 0 0 0 0 0 0 0 0 0 0 0 0 0 0 0 0 0 0 0 0 0 0 0 0 0 0 0 0 0 0 0 0 0 data 51 0x10002 0x1438 0x50007 0xb 0x38 0x142d 0x100003 0x142d 0x118 0x140007 0x0 0x38 0xb 0x1e0003 0xb 0xe0 0x290002 0x0 0x2e0005 0x0 0x0 0x0 0x0 0x0 0x0 0x320005 0x0 0x0 0x0 0x0 0x0 0x0 0x350005 0x0 0x0 0x0 0x0 0x0 0x0 0x380002 0x0 0x0 0x0 0x0 0x0 0x0 0x0 0x9 0x2 0x0 0x0 oops 0 methods 0
ciMethod sun/nio/ch/FileChannelImpl ensureOpen ()V 516 0 13493 0 0
ciMethod sun/nio/ch/FileChannelImpl fileLockTable ()Lsun/nio/ch/FileLockTable; 518 0 5379 0 0
ciMethod sun/nio/ch/FileChannelImpl tryLock (JJZ)Ljava/nio/channels/FileLock; 512 0 5377 0 -1
ciMethod java/nio/channels/spi/AbstractInterruptibleChannel isOpen ()Z 518 0 18337 0 0
ciMethod sun/nio/ch/FileDispatcherImpl lock (Ljava/io/FileDescriptor;ZJJZ)I 518 0 5379 0 0
ciMethod sun/nio/ch/FileDispatcherImpl lock0 (Ljava/io/FileDescriptor;ZJJZ)I 256 0 128 0 -1
ciMethod sun/nio/ch/FileDispatcher lock (Ljava/io/FileDescriptor;ZJJZ)I 0 0 1 0 -1
ciMethod sun/nio/ch/NativeThreadSet add ()I 512 0 5378 0 544
ciMethod sun/nio/ch/NativeThreadSet remove (I)V 512 0 6401 0 528
ciMethod sun/nio/ch/FileLockImpl <init> (Ljava/nio/channels/FileChannel;JJZ)V 514 0 5377 0 464
ciMethod java/nio/channels/FileLock <init> (Ljava/nio/channels/FileChannel;JJZ)V 514 0 5377 0 0
ciMethod java/nio/channels/FileLock acquiredBy ()Ljava/nio/channels/Channel; 256 0 128 0 -1
ciMethod java/nio/channels/FileLock position ()J 258 0 129 0 0
ciMethod java/nio/channels/FileLock size ()J 258 0 129 0 0
ciMethod java/nio/channels/FileLock overlaps (JJ)Z 12 0 84 0 0
ciMethod sun/nio/ch/NativeThread currentNativeThread ()J 258 0 5251 0 0
ciMethod sun/nio/ch/FileLockTable <init> (Ljava/nio/channels/Channel;Ljava/io/FileDescriptor;)V 20 0 145 0 0
ciMethod sun/nio/ch/FileLockTable add (Ljava/nio/channels/FileLock;)V 518 0 5379 0 0
ciMethod sun/nio/ch/FileLockTable removeKeyIfEmpty (Lsun/nio/ch/FileKey;Ljava/util/List;)V 18 0 142 0 -1
ciMethod sun/nio/ch/FileLockTable remove (Ljava/nio/channels/FileLock;)V 500 12 5236 0 0
ciMethod sun/nio/ch/FileLockTable replace (Ljava/nio/channels/FileLock;Ljava/nio/channels/FileLock;)V 0 0 1 0 -1
ciMethod sun/nio/ch/FileLockTable checkList (Ljava/util/List;JJ)V 514 12 5234 0 0
ciMethod sun/nio/ch/FileLockTable removeStaleEntries ()V 768 0 5379 0 0
ciMethod sun/nio/ch/FileKey <init> ()V 20 0 145 0 -1
ciMethod sun/nio/ch/FileKey create (Ljava/io/FileDescriptor;)Lsun/nio/ch/FileKey; 20 0 145 0 0
ciMethod sun/nio/ch/FileKey hashCode ()I 512 0 1289 0 128
ciMethod sun/nio/ch/FileKey equals (Ljava/lang/Object;)Z 0 0 1 0 0
ciMethod sun/nio/ch/FileKey init (Ljava/io/FileDescriptor;)V 258 0 129 0 -1
ciMethod sun/nio/ch/FileLockTable$FileLockReference <init> (Ljava/nio/channels/FileLock;Ljava/lang/ref/ReferenceQueue;Lsun/nio/ch/FileKey;)V 768 0 5379 0 0
ciMethod sun/nio/ch/FileLockTable$FileLockReference fileKey ()Lsun/nio/ch/FileKey; 0 0 1 0 -1
ciMethodData java/util/HashMap remove (Ljava/lang/Object;)Ljava/lang/Object; 2 5121 orig 80 0 0 0 0 0 0 0 0 0 0 0 0 181 2 0 0 0 0 0 0 0 0 0 0 0 0 0 0 0 0 0 0 0 0 0 0 0 0 0 0 0 0 0 0 0 0 0 0 0 0 0 0 0 0 0 0 0 0 0 0 0 0 0 0 0 0 0 0 0 0 0 0 0 0 0 0 0 0 0 0 data 26 0x20002 0x1401 0x90005 0x1401 0x0 0x0 0x0 0x0 0x0 0xe0007 0x13ef 0x38 0x12 0x120003 0x12 0x18 0x0 0x0 0x0 0x0 0x0 0x0 0x9 0x2 0xffffffffffffffff 0xffffffffffffffff oops 0 methods 0
ciMethodData java/util/HashMap removeNode (ILjava/lang/Object;Ljava/lang/Object;ZZ)Ljava/util/HashMap$Node; 2 5031 orig 80 0 0 0 0 0 0 0 0 0 0 0 0 181 2 0 0 0 0 0 0 0 0 0 0 0 0 0 0 0 0 0 0 0 0 0 0 0 0 0 0 0 0 0 0 0 0 0 0 0 0 0 0 0 0 0 0 0 0 0 0 0 0 0 0 0 0 0 0 0 0 0 0 0 0 0 0 0 0 0 0 data 191 0x70007 0x0 0x580 0x13a7 0x100007 0x0 0x560 0x13a7 0x220007 0x6 0x540 0x13a1 0x2e0007 0x29 0xd0 0x1378 0x3a0007 0x1378 0x98 0x0 0x3e0007 0x0 0x90 0x0 0x440005 0x0 0x0 0x0 0x0 0x0 0x0 0x470007 0x0 0x38 0x0 0x4e0003 0x1378 0x208 0x590007 0x6 0x1f0 0x23 0x5e0004 0xffffffffffffffdd 0x0 0x0 0x0 0x0 0x0 0x610007 0x23 0xa8 0x0 0x660004 0x0 0x0 0x0 0x0 0x0 0x0 0x6b0005 0x0 0x0 0x0 0x0 0x0 0x0 0x700003 0x0 0x108 0x790007 0x4 0xd0 0x22 0x850007 0x22 0x98 0x0 0x890007 0x0 0x90 0x0 0x8f0005 0x0 0x0 0x0 0x0 0x0 0x0 0x920007 0x0 0x38 0x0 0x990003 0x22 0x38 0xa80007 0x3 0xffffffffffffff30 0x1 0xad0007 0x7 0x260 0x139a 0xb20007 0x139a 0xb8 0x0 0xbe0007 0x0 0x98 0x0 0xc20007 0x0 0x200 0x0 0xc80005 0x0 0x0 0x0 0x0 0x0 0x0 0xcb0007 0x0 0x1a8 0x0 0xd00004 0xffffffffffffec66 0x0 0x2b591f577a8 0x1 0x0 0x0 0xd30007 0x139a 0xa8 0x0 0xd80004 0x0 0x0 0x0 0x0 0x0 0x0 0xe00005 0x0 0x0 0x0 0x0 0x0 0x0 0xe30003 0x0 0x88 0xea0007 0x22 0x70 0x1378 0xf60104 0x0 0x0 0x2b591f577a8 0x1c 0x2b593702f00 0x5 0xf70003 0x1378 0x18 0x11b0005 0x0 0x0 0x2b5935284b0 0x1380 0x2b591f565b8 0x1a 0x0 0x0 0x0 0x0 0x0 0x0 0x0 0x9 0x6 0x0 0x0 0x0 0x0 0x0 0x0 oops 5 130 java/util/HashMap$Node 162 java/util/HashMap$Node 164 java/util/LinkedHashMap$Entry 172 java/util/HashMap 174 java/util/LinkedHashMap methods 0
ciMethodData java/nio/channels/spi/AbstractInterruptibleChannel isOpen ()Z 2 18078 orig 80 0 0 0 0 0 0 0 0 0 0 0 0 181 2 0 0 0 0 0 0 0 0 0 0 0 0 0 0 0 0 0 0 0 0 0 0 0 0 0 0 0 0 0 0 0 0 0 0 0 0 0 0 0 0 0 0 0 0 0 0 0 0 0 0 0 0 0 0 0 0 0 0 0 0 0 0 0 0 0 0 data 13 0x40007 0x0 0x38 0x469e 0x80003 0x469e 0x18 0x0 0x0 0x0 0x9 0x1 0x0 oops 0 methods 0
ciMethodData sun/nio/ch/FileKey hashCode ()I 2 1033 orig 80 0 0 0 0 0 0 0 0 0 0 0 0 181 2 0 0 0 0 0 0 0 0 0 0 0 0 0 0 0 0 0 0 0 0 0 0 0 0 0 0 0 0 0 0 0 0 0 0 0 0 0 0 0 0 0 0 0 0 0 0 0 0 0 0 0 0 0 0 0 0 0 0 0 0 0 0 0 0 0 0 data 7 0x0 0x0 0x0 0x0 0x9 0x1 0x0 oops 0 methods 0
ciMethodData sun/nio/ch/FileChannelImpl ensureOpen ()V 2 13235 orig 80 0 0 0 0 0 0 0 0 0 0 0 0 181 2 0 0 0 0 0 0 0 0 0 0 0 0 0 0 0 0 0 0 0 0 0 0 0 0 0 0 0 0 0 0 0 0 0 0 0 0 0 0 0 0 0 0 0 0 0 0 0 0 0 0 0 0 0 0 0 0 0 0 0 0 0 0 0 0 0 0 data 22 0x10005 0x33b3 0x0 0x0 0x0 0x0 0x0 0x40007 0x33b3 0x30 0x0 0xb0002 0x0 0x0 0x0 0x0 0x0 0x0 0x0 0x9 0x1 0x0 oops 0 methods 0
ciMethodData sun/nio/ch/NativeThreadSet add ()I 2 5122 orig 80 0 0 0 0 0 0 0 0 0 0 0 0 181 2 0 0 0 0 0 0 0 0 0 0 0 0 0 0 0 0 0 0 0 0 0 0 0 0 0 0 0 0 0 0 0 0 0 0 0 0 0 0 0 0 0 0 0 0 0 0 0 0 0 0 0 0 0 0 0 0 0 0 0 0 0 0 0 0 0 0 data 43 0x2 0x1402 0x70007 0x0 0x20 0x1402 0x1e0007 0x1402 0x30 0x0 0x3e0002 0x0 0x560007 0x0 0x58 0x1402 0x620007 0x0 0x20 0x1402 0x7f0003 0x0 0xffffffffffffffc0 0x850007 0x0 0x30 0x0 0x8c0002 0x0 0x0 0x0 0x0 0x0 0x0 0x0 0x0 0x0 0x0 0x0 0x0 0x9 0x1 0x0 oops 0 methods 0
ciMethodData sun/nio/ch/NativeThread currentNativeThread ()J 2 5122 orig 80 0 0 0 0 0 0 0 0 0 0 0 0 181 2 0 0 0 0 0 0 0 0 0 0 0 0 0 0 0 0 0 0 0 0 0 0 0 0 0 0 0 0 0 0 0 0 0 0 0 0 0 0 0 0 0 0 0 0 0 0 0 0 0 0 0 0 0 0 0 0 0 0 0 0 0 0 0 0 0 0 data 3 0x0 0x9 0x0 oops 0 methods 0
ciMethodData sun/nio/ch/NativeThreadSet remove (I)V 2 6145 orig 80 0 0 0 0 0 0 0 0 0 0 0 0 181 2 0 0 0 0 0 0 0 0 0 0 0 0 0 0 0 0 0 0 0 0 0 0 0 0 0 0 0 0 0 0 0 0 0 0 0 0 0 0 0 0 0 0 0 0 0 0 0 0 0 0 0 0 0 0 0 0 0 0 0 0 0 0 0 0 0 0 data 46 0x70007 0x1801 0x80 0x0 0x100002 0x0 0x140007 0x0 0x50 0x0 0x210007 0x0 0x30 0x0 0x280002 0x0 0x410007 0x0 0x78 0x1801 0x480007 0x1801 0x58 0x0 0x4c0005 0x0 0x0 0x0 0x0 0x0 0x0 0x510003 0x1801 0x18 0x0 0x0 0x0 0x0 0x0 0x0 0x0 0x0 0x9 0x2 0xffffffffffffffff 0x0 oops 0 methods 0
ciMethodData java/util/HashSet remove (Ljava/lang/Object;)Z 2 5121 orig 80 0 0 0 0 0 0 0 0 0 0 0 0 181 2 0 0 0 0 0 0 0 0 0 0 0 0 0 0 0 0 0 0 0 0 0 0 0 0 0 0 0 0 0 0 0 0 0 0 0 0 0 0 0 0 0 0 0 0 0 0 0 0 0 0 0 0 0 0 0 0 0 0 0 0 0 0 0 0 0 0 data 24 0x50005 0x0 0x0 0x2b5935284b0 0x13f8 0x2b591f565b8 0x9 0xb0007 0x2 0x38 0x13ff 0xf0003 0x13ff 0x18 0x0 0x0 0x0 0x0 0x0 0x0 0x9 0x2 0x0 0x0 oops 2 3 java/util/HashMap 5 java/util/LinkedHashMap methods 0
ciMethodData java/util/ArrayList remove (I)Ljava/lang/Object; 2 5121 orig 80 0 0 0 0 0 0 0 0 0 0 0 0 181 2 0 0 0 0 0 0 0 0 0 0 0 0 0 0 0 0 0 0 0 0 0 0 0 0 0 0 0 0 0 0 0 0 0 0 0 0 0 0 0 0 0 0 0 0 0 0 0 0 0 0 0 0 0 0 0 0 0 0 0 0 0 0 0 0 0 0 data 19 0x50002 0x1401 0x150005 0x1401 0x0 0x0 0x0 0x0 0x0 0x0 0x0 0x0 0x0 0x0 0x0 0x9 0x2 0x0 0x0 oops 0 methods 0
ciMethodData java/util/ArrayList fastRemove ([Ljava/lang/Object;I)V 2 5121 orig 80 0 0 0 0 0 0 0 0 0 0 0 0 181 2 0 0 0 0 0 0 0 0 0 0 0 0 0 0 0 0 0 0 0 0 0 0 0 0 0 0 0 0 0 0 0 0 0 0 0 0 0 0 0 0 0 0 0 0 0 0 0 0 0 0 0 0 0 0 0 0 0 0 0 0 0 0 0 0 0 0 data 24 0x130007 0x13d4 0x30 0x2d 0x1f0002 0x2d 0x2a0104 0x0 0x0 0x0 0x0 0x0 0x0 0x0 0x0 0x0 0x0 0x0 0x0 0x9 0x3 0x0 0x0 0x0 oops 0 methods 0
ciMethodData sun/nio/ch/FileLockImpl <init> (Ljava/nio/channels/FileChannel;JJZ)V 2 5120 orig 80 0 0 0 0 0 0 0 0 0 0 0 0 181 2 0 0 0 0 0 0 0 0 0 0 0 0 0 0 0 0 0 0 0 0 0 0 0 0 0 0 0 0 0 0 0 0 0 0 0 0 0 0 0 0 0 0 0 0 0 0 0 0 0 0 0 0 0 0 0 0 0 0 0 0 0 0 0 0 0 0 data 13 0x70002 0x1400 0x0 0x0 0x9 0x7 0x0 0x0 0x0 0x0 0x0 0x0 0x0 oops 0 methods 0
ciMethodData java/nio/channels/FileLock <init> (Ljava/nio/channels/FileChannel;JJZ)V 2 5120 orig 80 0 0 0 0 0 0 0 0 0 0 0 0 181 2 0 0 0 0 0 0 0 0 0 0 0 0 0 0 0 0 0 0 0 0 0 0 0 0 0 0 0 0 0 0 0 0 0 0 0 0 0 0 0 0 0 0 0 0 0 0 0 0 0 0 0 0 0 0 0 0 0 0 0 0 0 0 0 0 0 0 data 37 0x10002 0x1400 0x70002 0x1400 0xe0007 0x1400 0x30 0x0 0x170002 0x0 0x1f0007 0x1400 0x30 0x0 0x280002 0x0 0x320007 0x1400 0x30 0x0 0x3b0002 0x0 0x0 0x0 0x0 0x0 0x0 0x0 0x9 0x7 0x1e 0x0 0x0 0x0 0x0 0x0 0x0 oops 0 methods 0
ciMethodData sun/nio/ch/FileChannelImpl tryLock (JJZ)Ljava/nio/channels/FileLock; 2 5121 orig 80 0 0 0 0 0 0 0 0 0 0 0 0 181 2 0 0 0 0 0 0 0 0 0 0 0 0 0 0 0 0 0 0 0 0 0 0 0 0 0 0 0 0 0 0 0 0 0 0 0 0 0 0 0 0 0 0 0 0 0 0 0 0 0 0 0 0 0 0 0 0 0 0 0 0 0 0 0 0 0 0 data 161 0x10005 0x1401 0x0 0x0 0x0 0x0 0x0 0x60007 0x9a9 0x50 0xa58 0xd0007 0xa58 0x30 0x0 0x140002 0x0 0x1a0007 0xa58 0x50 0x9a9 0x210007 0x9a9 0x30 0x0 0x280002 0x0 0x2f0007 0x1401 0x30 0x0 0x370002 0x0 0x450002 0x1401 0x4b0005 0x1401 0x0 0x0 0x0 0x0 0x0 0x540005 0x0 0x0 0x2b592563270 0x1401 0x0 0x0 0x5b0005 0x0 0x0 0x2b592563320 0x1401 0x0 0x0 0x610005 0x1401 0x0 0x0 0x0 0x0 0x0 0x700005 0x0 0x0 0x2b5925633d0 0x1401 0x0 0x0 0x750003 0x1401 0x50 0x7e0005 0x0 0x0 0x0 0x0 0x0 0x0 0x870007 0xa25 0x90 0x9dc 0x8e0005 0x0 0x0 0x2b592563270 0x9dc 0x0 0x0 0x9a0005 0x0 0x0 0x2b592563320 0x9dc 0x0 0x0 0xa30007 0xa25 0xf0 0x0 0xa90007 0x0 0x50 0x0 0xae0007 0x0 0x30 0x0 0xb50002 0x0 0xc10002 0x0 0xcc0005 0x0 0x0 0x0 0x0 0x0 0x0 0xd90005 0x0 0x0 0x0 0x0 0x0 0x0 0xe90005 0x0 0x0 0x2b592563320 0xa25 0x0 0x0 0xf70005 0x0 0x0 0x0 0x0 0x0 0x0 0x0 0x0 0x0 0x0 0x0 0x0 0x0 0x0 0x0 0x0 0x0 0x9 0x6 0x0 0x0 0x0 0x0 0x0 0x0 oops 6 45 sun/nio/ch/FileLockTable 52 sun/nio/ch/NativeThreadSet 66 sun/nio/ch/FileDispatcherImpl 87 sun/nio/ch/FileLockTable 94 sun/nio/ch/NativeThreadSet 131 sun/nio/ch/NativeThreadSet methods 0
ciMethodData sun/nio/ch/FileChannelImpl fileLockTable ()Lsun/nio/ch/FileLockTable; 2 5120 orig 80 0 0 0 0 0 0 0 0 0 0 0 0 181 2 0 0 0 0 0 0 0 0 0 0 0 0 0 0 0 0 0 0 0 0 0 0 0 0 0 0 0 0 0 0 0 0 0 0 0 0 0 0 0 0 0 0 0 0 0 0 0 0 0 0 0 0 0 0 0 0 0 0 0 0 0 0 0 0 0 0 data 54 0x40007 0x1379 0x160 0x87 0xf0007 0x0 0x128 0x87 0x160005 0x0 0x0 0x2b592563320 0x87 0x0 0x0 0x1b0005 0x87 0x0 0x0 0x0 0x0 0x0 0x280002 0x87 0x330005 0x0 0x0 0x2b592563320 0x87 0x0 0x0 0x360003 0x87 0x50 0x3f0005 0x0 0x0 0x0 0x0 0x0 0x0 0x460003 0x87 0x18 0x0 0x0 0x0 0x0 0x0 0x0 0x0 0x9 0x1 0x0 oops 2 11 sun/nio/ch/NativeThreadSet 27 sun/nio/ch/NativeThreadSet methods 0
ciMethodData sun/nio/ch/FileLockTable add (Ljava/nio/channels/FileLock;)V 2 5120 orig 80 0 0 0 0 0 0 0 0 0 0 0 0 181 2 0 0 0 0 0 0 0 0 0 0 0 0 0 0 0 0 0 0 0 0 0 0 0 0 0 0 0 0 0 0 0 0 0 0 0 0 0 0 0 0 0 0 0 0 0 0 0 0 0 0 0 0 0 0 0 0 0 0 0 0 0 0 0 0 0 0 data 145 0x70005 0x0 0x0 0x2b5480754c8 0x1400 0x0 0x0 0xa0104 0x0 0x0 0x2b548075608 0x1379 0x0 0x0 0xf0007 0x1379 0x170 0x87 0x170002 0x87 0x280005 0x0 0x0 0x2b5480754c8 0x87 0x0 0x0 0x2b0104 0x0 0x0 0x0 0x0 0x0 0x0 0x300007 0x0 0xb8 0x87 0x400002 0x87 0x430005 0x0 0x0 0x2b548075608 0x87 0x0 0x0 0x4e0005 0x0 0x0 0x2b591198bc8 0x87 0x0 0x0 0x570003 0x87 0x230 0x5d0003 0x0 0x18 0x750005 0x0 0x0 0x2b5480754c8 0x1379 0x0 0x0 0x780004 0x0 0x0 0x2b548075608 0x1379 0x0 0x0 0x800007 0x0 0x160 0x1379 0x860005 0x1379 0x0 0x0 0x0 0x0 0x0 0x8a0005 0x1379 0x0 0x0 0x0 0x0 0x0 0x8d0005 0x1379 0x0 0x0 0x0 0x0 0x0 0x9d0002 0x1379 0xa00005 0x0 0x0 0x2b548075608 0x1379 0x0 0x0 0xab0005 0x0 0x0 0x2b591198bc8 0x1379 0x0 0x0 0xb30003 0x1379 0x48 0xbb0003 0x0 0x18 0xc50003 0x0 0xfffffffffffffca8 0xc90005 0x1400 0x0 0x0 0x0 0x0 0x0 0x0 0x0 0x0 0x0 0x0 0x0 0x0 0x0 0x0 0x0 0x9 0x2 0x0 0x0 oops 9 3 java/util/concurrent/ConcurrentHashMap 10 java/util/ArrayList 23 java/util/concurrent/ConcurrentHashMap 43 java/util/ArrayList 50 java/util/HashSet 63 java/util/concurrent/ConcurrentHashMap 70 java/util/ArrayList 104 java/util/ArrayList 111 java/util/HashSet methods 0
ciMethodData sun/nio/ch/FileDispatcherImpl lock (Ljava/io/FileDescriptor;ZJJZ)I 2 5120 orig 80 0 0 0 0 0 0 0 0 0 0 0 0 181 2 0 0 0 0 0 0 0 0 0 0 0 0 0 0 0 0 0 0 0 0 0 0 0 0 0 0 0 0 0 0 0 0 0 0 0 0 0 0 0 0 0 0 0 0 0 0 0 0 0 0 0 0 0 0 0 0 0 0 0 0 0 0 0 0 0 0 data 18 0x70002 0x1400 0x0 0x0 0x0 0x0 0x0 0x0 0x9 0x8 0x0 0x0 0x0 0x0 0x0 0x0 0x0 0x0 oops 0 methods 0
ciMethodData sun/nio/ch/FileLockTable remove (Ljava/nio/channels/FileLock;)V 2 4986 orig 80 0 0 0 0 0 0 0 0 0 0 0 0 181 2 0 0 0 0 0 0 0 0 0 0 0 0 0 0 0 0 0 0 0 0 0 0 0 0 0 0 0 0 0 0 0 0 0 0 0 0 0 0 0 0 0 0 0 0 0 0 0 0 0 0 0 0 0 0 0 0 0 0 0 0 0 0 0 0 0 0 data 132 0x30007 0x137a 0x50 0x0 0x70007 0x0 0x30 0x0 0xe0002 0x0 0x190005 0x0 0x0 0x2b5480754c8 0x137a 0x0 0x0 0x1c0004 0x0 0x0 0x2b548075608 0x137a 0x0 0x0 0x210007 0x137a 0x20 0x0 0x2f0005 0x0 0x0 0x2b548075608 0x13c8 0x0 0x0 0x340007 0x0 0x2a0 0x13c8 0x3a0005 0x0 0x0 0x2b548075608 0x13c8 0x0 0x0 0x3f0004 0x0 0x0 0x2b591fbfe40 0x13c8 0x0 0x0 0x460005 0x0 0x0 0x2b591fbfe40 0x13c8 0x0 0x0 0x490004 0x0 0x0 0x2b592564780 0x13c8 0x0 0x0 0x510007 0x4e 0x188 0x137a 0x570007 0x137a 0xa8 0x0 0x5c0007 0x0 0x78 0x0 0x610005 0x0 0x0 0x0 0x0 0x0 0x0 0x680007 0x0 0x30 0x0 0x6f0002 0x0 0x750005 0x0 0x0 0x2b591fbfe40 0x137a 0x0 0x0 0x7b0005 0x0 0x0 0x2b548075608 0x137a 0x0 0x0 0x860005 0x0 0x0 0x2b591198bc8 0x137a 0x0 0x0 0x8c0003 0x137a 0x30 0x920003 0x4e 0xfffffffffffffd40 0x970003 0x137a 0x18 0x0 0x0 0x0 0x0 0x0 0x0 0x9 0x2 0x0 0x0 oops 10 13 java/util/concurrent/ConcurrentHashMap 20 java/util/ArrayList 31 java/util/ArrayList 42 java/util/ArrayList 49 sun/nio/ch/FileLockTable$FileLockReference 56 sun/nio/ch/FileLockTable$FileLockReference 63 sun/nio/ch/FileLockImpl 95 sun/nio/ch/FileLockTable$FileLockReference 102 java/util/ArrayList 109 java/util/HashSet methods 0
ciMethodData sun/nio/ch/FileLockTable checkList (Ljava/util/List;JJ)V 2 4977 orig 80 0 0 0 0 0 0 0 0 0 0 0 0 181 2 0 0 0 0 0 0 0 0 0 0 0 0 0 0 0 0 0 0 0 0 0 0 0 0 0 0 0 0 0 0 0 0 0 0 0 0 0 0 0 0 0 0 0 0 0 0 0 0 0 0 0 0 0 0 0 0 0 0 0 0 0 0 0 0 0 0 data 92 0x30007 0x1371 0x60 0x0 0x70002 0x0 0xa0007 0x0 0x30 0x0 0x110002 0x0 0x160005 0x0 0x0 0x2b548075608 0x1371 0x0 0x0 0x1f0005 0x0 0x0 0x2b591694c48 0x13bf 0x0 0x0 0x240007 0x1371 0x1a0 0x4e 0x290005 0x0 0x0 0x2b591694c48 0x4e 0x0 0x0 0x2e0004 0x0 0x0 0x2b591fbfe40 0x4e 0x0 0x0 0x350005 0x0 0x0 0x2b591fbfe40 0x4e 0x0 0x0 0x380004 0x0 0x0 0x2b592564780 0x4e 0x0 0x0 0x3f0007 0x0 0x88 0x4e 0x470005 0x4e 0x0 0x0 0x0 0x0 0x0 0x4a0007 0x4e 0x30 0x0 0x510002 0x0 0x550003 0x4e 0xfffffffffffffe40 0x0 0x0 0x0 0x0 0x0 0x0 0x9 0x6 0x0 0x0 0x0 0x0 0x0 0x0 oops 6 15 java/util/ArrayList 22 java/util/ArrayList$Itr 33 java/util/ArrayList$Itr 40 sun/nio/ch/FileLockTable$FileLockReference 47 sun/nio/ch/FileLockTable$FileLockReference 54 sun/nio/ch/FileLockImpl methods 0
ciMethodData java/nio/channels/FileLock overlaps (JJ)Z 1 78 orig 80 0 0 0 0 0 0 0 0 0 0 0 0 181 2 0 0 0 0 0 0 0 0 0 0 0 0 0 0 0 0 0 0 0 0 0 0 0 0 0 0 0 0 0 0 0 0 0 0 0 0 0 0 0 0 0 0 0 0 0 0 0 0 0 0 0 0 0 0 0 0 0 0 0 0 0 0 0 0 0 0 data 34 0x30007 0x4e 0x20 0x0 0x130007 0x0 0x20 0x4e 0x1b0007 0x0 0x68 0x0 0x200002 0x0 0x280007 0x0 0x20 0x0 0x2d0003 0x0 0x18 0x0 0x0 0x0 0x0 0x0 0x0 0x9 0x5 0x0 0x0 0x0 0x0 0x0 oops 0 methods 0
ciMethodData sun/nio/ch/FileLockTable$FileLockReference <init> (Ljava/nio/channels/FileLock;Ljava/lang/ref/ReferenceQueue;Lsun/nio/ch/FileKey;)V 2 4995 orig 80 0 0 0 0 0 0 0 0 0 0 0 0 181 2 0 0 0 0 0 0 0 0 0 0 0 0 0 0 0 0 0 0 0 0 0 0 0 0 0 0 0 0 0 0 0 0 0 0 0 0 0 0 0 0 0 0 0 0 0 0 0 0 0 0 0 0 0 0 0 0 0 0 0 0 0 0 0 0 0 0 data 12 0x30002 0x1383 0x0 0x0 0x0 0x0 0x9 0x4 0x0 0x0 0x0 0x0 oops 0 methods 0
ciMethodData sun/nio/ch/FileLockTable removeStaleEntries ()V 2 4995 orig 80 0 0 0 0 0 0 0 0 0 0 0 0 181 2 0 0 0 0 0 0 0 0 0 0 0 0 0 0 0 0 0 0 0 0 0 0 0 0 0 0 0 0 0 0 0 0 0 0 0 0 0 0 0 0 0 0 0 0 0 0 0 0 0 0 0 0 0 0 0 0 0 0 0 0 0 0 0 0 0 0 data 72 0x30005 0x0 0x0 0x2b591fbff80 0x1383 0x0 0x0 0x60104 0x0 0x0 0x0 0x0 0x0 0x0 0xb0007 0x1383 0x188 0x0 0xf0005 0x0 0x0 0x0 0x0 0x0 0x0 0x170005 0x0 0x0 0x0 0x0 0x0 0x0 0x1a0004 0x0 0x0 0x0 0x0 0x0 0x0 0x1f0007 0x0 0xa8 0x0 0x290005 0x0 0x0 0x0 0x0 0x0 0x0 0x320005 0x0 0x0 0x0 0x0 0x0 0x0 0x380003 0x0 0x18 0x430003 0x0 0xfffffffffffffe20 0x0 0x0 0x0 0x0 0x0 0x0 0x9 0x1 0x0 oops 1 3 java/lang/ref/ReferenceQueue methods 0
ciMethodData sun/nio/ch/FileLockTable <init> (Ljava/nio/channels/Channel;Ljava/io/FileDescriptor;)V 1 135 orig 80 0 0 0 0 0 0 0 0 0 0 0 0 181 2 0 0 0 0 0 0 0 0 0 0 0 0 0 0 0 0 0 0 0 0 0 0 0 0 0 0 0 0 0 0 0 0 0 0 0 0 0 0 0 0 0 0 0 0 0 0 0 0 0 0 0 0 0 0 0 0 0 0 0 0 0 0 0 0 0 0 data 17 0x10002 0x87 0xb0002 0x87 0x160002 0x87 0x0 0x0 0x0 0x0 0x0 0x0 0x9 0x3 0xe 0x0 0xffffffffffffffff oops 0 methods 0
ciMethodData sun/nio/ch/FileKey create (Ljava/io/FileDescriptor;)Lsun/nio/ch/FileKey; 1 135 orig 80 0 0 0 0 0 0 0 0 0 0 0 0 181 2 0 0 0 0 0 0 0 0 0 0 0 0 0 0 0 0 0 0 0 0 0 0 0 0 0 0 0 0 0 0 0 0 0 0 0 0 0 0 0 0 0 0 0 0 0 0 0 0 0 0 0 0 0 0 0 0 0 0 0 0 0 0 0 0 0 0 data 18 0x40002 0x87 0xa0005 0x87 0x0 0x0 0x0 0x0 0x0 0x0 0x0 0x0 0x0 0x0 0x0 0x9 0x1 0xffffffffffffffff oops 0 methods 0
compile sun/nio/ch/FileChannelImpl tryLock (JJZ)Ljava/nio/channels/FileLock; -1 4 inline 76 0 -1 0 sun/nio/ch/FileChannelImpl tryLock (JJZ)Ljava/nio/channels/FileLock; 1 1 0 sun/nio/ch/FileChannelImpl ensureOpen ()V 2 1 0 java/nio/channels/spi/AbstractInterruptibleChannel isOpen ()Z 1 69 0 sun/nio/ch/FileLockImpl <init> (Ljava/nio/channels/FileChannel;JJZ)V 2 7 0 java/nio/channels/FileLock <init> (Ljava/nio/channels/FileChannel;JJZ)V 3 1 0 java/lang/Object <init> ()V 3 7 0 java/util/Objects requireNonNull (Ljava/lang/Object;Ljava/lang/String;)Ljava/lang/Object; 1 75 0 sun/nio/ch/FileChannelImpl fileLockTable ()Lsun/nio/ch/FileLockTable; 2 27 0 sun/nio/ch/FileChannelImpl ensureOpen ()V 3 1 0 java/nio/channels/spi/AbstractInterruptibleChannel isOpen ()Z 2 40 0 sun/nio/ch/FileLockTable <init> (Ljava/nio/channels/Channel;Ljava/io/FileDescriptor;)V 3 1 0 java/lang/Object <init> ()V 3 22 0 java/util/HashSet <init> ()V 4 1 0 java/util/AbstractSet <init> ()V 5 1 0 java/util/AbstractCollection <init> ()V 6 1 0 java/lang/Object <init> ()V 4 9 0 java/util/HashMap <init> ()V 5 1 0 java/util/AbstractMap <init> ()V 6 1 0 java/lang/Object <init> ()V 1 84 0 sun/nio/ch/FileLockTable add (Ljava/nio/channels/FileLock;)V 2 7 0 java/util/concurrent/ConcurrentHashMap get (Ljava/lang/Object;)Ljava/lang/Object; 3 1 0 sun/nio/ch/FileKey hashCode ()I 3 4 0 java/util/concurrent/ConcurrentHashMap spread (I)I 3 34 0 java/util/concurrent/ConcurrentHashMap tabAt ([Ljava/util/concurrent/ConcurrentHashMap$Node;I)Ljava/util/concurrent/ConcurrentHashMap$Node; 2 23 0 java/util/ArrayList <init> (I)V 3 1 0 java/util/AbstractList <init> ()V 4 1 0 java/util/AbstractCollection <init> ()V 5 1 0 java/lang/Object <init> ()V 2 40 0 java/util/concurrent/ConcurrentHashMap putIfAbsent (Ljava/lang/Object;Ljava/lang/Object;)Ljava/lang/Object; 2 64 0 sun/nio/ch/FileLockTable$FileLockReference <init> (Ljava/nio/channels/FileLock;Ljava/lang/ref/ReferenceQueue;Lsun/nio/ch/FileKey;)V 3 3 0 java/lang/ref/WeakReference <init> (Ljava/lang/Object;Ljava/lang/ref/ReferenceQueue;)V 4 3 0 java/lang/ref/Reference <init> (Ljava/lang/Object;Ljava/lang/ref/ReferenceQueue;)V 5 1 0 java/lang/Object <init> ()V 2 67 0 java/util/ArrayList add (Ljava/lang/Object;)Z 3 20 0 java/util/ArrayList add (Ljava/lang/Object;[Ljava/lang/Object;I)V 2 117 0 java/util/concurrent/ConcurrentHashMap get (Ljava/lang/Object;)Ljava/lang/Object; 3 1 0 sun/nio/ch/FileKey hashCode ()I 3 4 0 java/util/concurrent/ConcurrentHashMap spread (I)I 3 34 0 java/util/concurrent/ConcurrentHashMap tabAt ([Ljava/util/concurrent/ConcurrentHashMap$Node;I)Ljava/util/concurrent/ConcurrentHashMap$Node; 2 134 0 java/nio/channels/FileLock position ()J 2 138 0 java/nio/channels/FileLock size ()J 2 141 0 sun/nio/ch/FileLockTable checkList (Ljava/util/List;JJ)V 3 22 0 java/util/ArrayList iterator ()Ljava/util/Iterator; 4 5 0 java/util/ArrayList$Itr <init> (Ljava/util/ArrayList;)V 5 6 0 java/lang/Object <init> ()V 3 31 0 java/util/ArrayList$Itr hasNext ()Z 2 157 0 sun/nio/ch/FileLockTable$FileLockReference <init> (Ljava/nio/channels/FileLock;Ljava/lang/ref/ReferenceQueue;Lsun/nio/ch/FileKey;)V 3 3 0 java/lang/ref/WeakReference <init> (Ljava/lang/Object;Ljava/lang/ref/ReferenceQueue;)V 4 3 0 java/lang/ref/Reference <init> (Ljava/lang/Object;Ljava/lang/ref/ReferenceQueue;)V 5 1 0 java/lang/Object <init> ()V 2 160 0 java/util/ArrayList add (Ljava/lang/Object;)Z 3 20 0 java/util/ArrayList add (Ljava/lang/Object;[Ljava/lang/Object;I)V 2 201 0 sun/nio/ch/FileLockTable removeStaleEntries ()V 3 3 0 java/lang/ref/ReferenceQueue poll ()Ljava/lang/ref/Reference; 4 1 0 java/lang/ref/ReferenceQueue headIsNull ()Z 1 91 0 sun/nio/ch/NativeThreadSet add ()I 2 0 0 sun/nio/ch/NativeThread currentNativeThread ()J 1 97 0 sun/nio/ch/FileChannelImpl ensureOpen ()V 2 1 0 java/nio/channels/spi/AbstractInterruptibleChannel isOpen ()Z 1 112 0 sun/nio/ch/FileDispatcherImpl lock (Ljava/io/FileDescriptor;ZJJZ)I 1 142 0 sun/nio/ch/FileLockTable remove (Ljava/nio/channels/FileLock;)V 2 25 0 java/util/concurrent/ConcurrentHashMap get (Ljava/lang/Object;)Ljava/lang/Object; 3 1 0 sun/nio/ch/FileKey hashCode ()I 3 4 0 java/util/concurrent/ConcurrentHashMap spread (I)I 3 34 0 java/util/concurrent/ConcurrentHashMap tabAt ([Ljava/util/concurrent/ConcurrentHashMap$Node;I)Ljava/util/concurrent/ConcurrentHashMap$Node; 2 47 0 java/util/ArrayList size ()I 2 58 0 java/util/ArrayList get (I)Ljava/lang/Object; 3 5 0 java/util/Objects checkIndex (II)I 3 11 0 java/util/ArrayList elementData (I)Ljava/lang/Object; 2 117 0 java/lang/ref/Reference clear ()V 2 123 0 java/util/ArrayList remove (I)Ljava/lang/Object; 3 5 0 java/util/Objects checkIndex (II)I 3 21 0 java/util/ArrayList fastRemove ([Ljava/lang/Object;I)V 2 134 0 java/util/HashSet remove (Ljava/lang/Object;)Z 1 154 0 sun/nio/ch/NativeThreadSet remove (I)V 1 233 0 sun/nio/ch/NativeThreadSet remove (I)V
